video,time_seconds,green,blue,red,recognized_count,,,video,time_seconds,green,blue,red,recognized_count,,,video,time_seconds,green,blue,red,recognized_count,,,video,time_seconds,green,blue,red,recognized_count,,,video,time_seconds,green,blue,red,recognized_count,,,video,time_seconds,green,blue,red,recognized_count,,,video,time_seconds,green,blue,red,recognized_count
GX010808.MP4,0,11.1111111111111,55.5555555555556,33.3333333333333,9,,,GX010809.MP4,0,37.5,32.5,30,40,,,GX010810.MP4,0,31.5789473684211,63.1578947368421,5.26315789473684,19,,,GX010811.MP4,0,35,55,10,20,,,GX020808.MP4,0,59.0909090909091,34.0909090909091,6.81818181818182,44,,,GX030808.MP4,0,20.5128205128205,25.6410256410256,53.8461538461539,39,,,MVI_7086.MP4,0,0,0,0,0
GX010808.MP4,0.4004,25,58.3333333333333,16.6666666666667,12,,,GX010809.MP4,0.4004,57.1428571428571,35.7142857142857,7.14285714285714,28,,,GX010810.MP4,0.5005,12,72,16,25,,,GX010811.MP4,0.4004,21.0526315789474,68.421052631579,10.5263157894737,19,,,GX020808.MP4,0.4004,40.7407407407407,25.9259259259259,33.3333333333333,27,,,GX030808.MP4,0.4004,25,40.625,34.375,32,,,MVI_7086.MP4,0.48,0,0,0,0
GX010808.MP4,0.8008,57.1428571428571,14.2857142857143,28.5714285714286,7,,,GX010809.MP4,0.8008,53.3333333333333,22.2222222222222,24.4444444444444,45,,,GX010810.MP4,1.001,5.88235294117647,70.5882352941177,23.5294117647059,17,,,GX010811.MP4,0.8008,29.4117647058824,44.1176470588235,26.4705882352941,34,,,GX020808.MP4,0.8008,42.8571428571429,28.5714285714286,28.5714285714286,7,,,GX030808.MP4,0.8008,17.3913043478261,43.4782608695652,39.1304347826087,23,,,MVI_7086.MP4,0.96,0,0,0,0
GX010808.MP4,1.2012,33.3333333333333,50,16.6666666666667,6,,,GX010809.MP4,1.2012,73.6842105263158,7.89473684210526,18.4210526315789,38,,,GX010810.MP4,1.5015,4.34782608695652,78.2608695652174,17.3913043478261,23,,,GX010811.MP4,1.2012,30.7692307692308,46.1538461538462,23.0769230769231,13,,,GX020808.MP4,1.2012,12.5,62.5,25,8,,,GX030808.MP4,1.2012,11.5384615384615,38.4615384615385,50,26,,,MVI_7086.MP4,1.44,0,0,0,0
GX010808.MP4,1.6016,33.3333333333333,44.4444444444444,22.2222222222222,9,,,GX010809.MP4,1.6016,76.3157894736842,7.89473684210526,15.7894736842105,38,,,GX010810.MP4,2.002,4.76190476190476,76.1904761904762,19.047619047619,21,,,GX010811.MP4,1.6016,51.3513513513514,45.945945945946,2.7027027027027,37,,,GX020808.MP4,1.6016,26.6666666666667,53.3333333333333,20,15,,,GX030808.MP4,1.6016,19.047619047619,52.3809523809524,28.5714285714286,42,,,MVI_7086.MP4,1.92,0,0,0,0
GX010808.MP4,2.002,36.8421052631579,36.8421052631579,26.3157894736842,19,,,GX010809.MP4,2.002,44.1860465116279,51.1627906976744,4.65116279069768,43,,,GX010810.MP4,2.5025,0,78.5714285714286,21.4285714285714,14,,,GX010811.MP4,2.002,50,44.1176470588235,5.88235294117647,34,,,GX020808.MP4,2.002,33.3333333333333,50,16.6666666666667,6,,,GX030808.MP4,2.002,12.1212121212121,42.4242424242424,45.4545454545455,33,,,MVI_7086.MP4,2.4,0,0,0,0
GX010808.MP4,2.4024,63.6363636363636,0,36.3636363636364,11,,,GX010809.MP4,2.4024,35.2941176470588,64.7058823529412,0,34,,,GX010810.MP4,3.003,0,33.3333333333333,66.6666666666667,12,,,GX010811.MP4,2.4024,38.6363636363636,38.6363636363636,22.7272727272727,44,,,GX020808.MP4,2.4024,10,20,70,10,,,GX030808.MP4,2.4024,17.1428571428571,28.5714285714286,54.2857142857143,35,,,MVI_7086.MP4,2.88,0,0,0,0
GX010808.MP4,2.8028,6.66666666666667,73.3333333333333,20,15,,,GX010809.MP4,2.8028,46.875,50,3.125,32,,,GX010810.MP4,3.5035,3.57142857142857,64.2857142857143,32.1428571428571,28,,,GX010811.MP4,2.8028,41.9354838709677,38.7096774193548,19.3548387096774,31,,,GX020808.MP4,2.8028,33.3333333333333,50,16.6666666666667,6,,,GX030808.MP4,2.8028,26.0869565217391,34.7826086956522,39.1304347826087,23,,,MVI_7086.MP4,3.36,0,0,0,0
GX010808.MP4,3.2032,20,40,40,10,,,GX010809.MP4,3.2032,38.0952380952381,21.4285714285714,40.4761904761905,42,,,GX010810.MP4,4.004,0,65.2173913043478,34.7826086956522,23,,,GX010811.MP4,3.2032,38.2352941176471,29.4117647058824,32.3529411764706,34,,,GX020808.MP4,3.2032,42.8571428571429,42.8571428571429,14.2857142857143,14,,,GX030808.MP4,3.2032,25.9259259259259,37.037037037037,37.037037037037,27,,,MVI_7086.MP4,3.84,0,0,0,0
GX010808.MP4,3.6036,54.5454545454545,27.2727272727273,18.1818181818182,11,,,GX010809.MP4,3.6036,34.0909090909091,20.4545454545455,45.4545454545455,44,,,GX010810.MP4,4.5045,5.26315789473684,73.6842105263158,21.0526315789474,19,,,GX010811.MP4,3.6036,37.5,40,22.5,40,,,GX020808.MP4,3.6036,75,18.75,6.25,16,,,GX030808.MP4,3.6036,20.8333333333333,37.5,41.6666666666667,24,,,MVI_7086.MP4,4.32,0,0,0,0
GX010808.MP4,4.004,30,70,0,10,,,GX010809.MP4,4.004,38.0952380952381,9.52380952380952,52.3809523809524,42,,,GX010810.MP4,5.005,8.33333333333333,75,16.6666666666667,24,,,GX010811.MP4,4.004,36.734693877551,42.8571428571429,20.4081632653061,49,,,GX020808.MP4,4.004,58.3333333333333,33.3333333333333,8.33333333333333,12,,,GX030808.MP4,4.004,34.4827586206897,27.5862068965517,37.9310344827586,29,,,,,,,,
GX010808.MP4,4.4044,0,62.5,37.5,16,,,GX010809.MP4,4.4044,50,25,25,36,,,GX010810.MP4,5.5055,4,68,28,25,,,GX010811.MP4,4.4044,42.3076923076923,34.6153846153846,23.0769230769231,26,,,GX020808.MP4,4.4044,15,45,40,20,,,GX030808.MP4,4.4044,31.25,18.75,50,32,,,,,,,,
GX010808.MP4,4.8048,27.2727272727273,27.2727272727273,45.4545454545455,11,,,GX010809.MP4,4.8048,15.1515151515152,27.2727272727273,57.5757575757576,33,,,GX010810.MP4,6.006,0,90.9090909090909,9.09090909090909,11,,,GX010811.MP4,4.8048,31.5789473684211,52.6315789473684,15.7894736842105,38,,,GX020808.MP4,4.8048,0,94.1176470588235,5.88235294117647,17,,,GX030808.MP4,4.8048,25.8064516129032,25.8064516129032,48.3870967741936,31,,,,,,,,
GX010808.MP4,5.2052,16.6666666666667,16.6666666666667,66.6666666666667,6,,,GX010809.MP4,5.2052,37.5,22.5,40,40,,,GX010810.MP4,6.5065,0,100,0,3,,,GX010811.MP4,5.2052,41.1764705882353,44.1176470588235,14.7058823529412,34,,,GX020808.MP4,5.2052,25,64.2857142857143,10.7142857142857,28,,,GX030808.MP4,5.2052,33.3333333333333,40.7407407407407,25.9259259259259,27,,,,,,,,
GX010808.MP4,5.6056,30.7692307692308,61.5384615384615,7.69230769230769,13,,,GX010809.MP4,5.6056,39.0243902439024,26.8292682926829,34.1463414634146,41,,,GX010810.MP4,7.007,0,72.7272727272727,27.2727272727273,11,,,GX010811.MP4,5.6056,45,55,0,20,,,GX020808.MP4,5.6056,40,40,20,10,,,GX030808.MP4,5.6056,23.0769230769231,53.8461538461539,23.0769230769231,26,,,,,,,,
GX010808.MP4,6.006,9.09090909090909,90.9090909090909,0,11,,,GX010809.MP4,6.006,24.3243243243243,29.7297297297297,45.945945945946,37,,,GX010810.MP4,7.5075,0,77.7777777777778,22.2222222222222,9,,,GX010811.MP4,6.006,30.7692307692308,46.1538461538462,23.0769230769231,26,,,GX020808.MP4,6.006,16.6666666666667,83.3333333333333,0,6,,,GX030808.MP4,6.006,21.4285714285714,21.4285714285714,57.1428571428571,28,,,,,,,,
GX010808.MP4,6.4064,33.3333333333333,16.6666666666667,50,6,,,GX010809.MP4,6.4064,40,22.5,37.5,40,,,GX010810.MP4,8.008,0,60,40,10,,,GX010811.MP4,6.4064,53.8461538461539,7.69230769230769,38.4615384615385,13,,,GX020808.MP4,6.4064,27.2727272727273,13.6363636363636,59.0909090909091,22,,,GX030808.MP4,6.4064,15.3846153846154,26.9230769230769,57.6923076923077,26,,,,,,,,
GX010808.MP4,6.8068,50,0,50,6,,,GX010809.MP4,6.8068,45.4545454545455,29.5454545454545,25,44,,,GX010810.MP4,8.5085,0,46.1538461538462,53.8461538461539,13,,,GX010811.MP4,6.8068,43.75,18.75,37.5,16,,,GX020808.MP4,6.8068,47.6190476190476,4.76190476190476,47.6190476190476,21,,,GX030808.MP4,6.8068,18.5185185185185,51.8518518518519,29.6296296296296,27,,,,,,,,
GX010808.MP4,7.2072,16.6666666666667,83.3333333333333,0,6,,,GX010809.MP4,7.2072,67.3913043478261,19.5652173913043,13.0434782608696,46,,,GX010810.MP4,9.009,12.5,56.25,31.25,16,,,GX010811.MP4,7.2072,39.2857142857143,42.8571428571429,17.8571428571429,28,,,GX020808.MP4,7.2072,21.0526315789474,26.3157894736842,52.6315789473684,19,,,GX030808.MP4,7.2072,12.5,62.5,25,24,,,,,,,,
GX010808.MP4,7.6076,33.3333333333333,44.4444444444444,22.2222222222222,9,,,GX010809.MP4,7.6076,77.5510204081633,16.3265306122449,6.12244897959184,49,,,GX010810.MP4,9.5095,4,40,56,25,,,GX010811.MP4,7.6076,56.5217391304348,39.1304347826087,4.34782608695652,23,,,GX020808.MP4,7.6076,34.7826086956522,13.0434782608696,52.1739130434783,23,,,GX030808.MP4,7.6076,14.2857142857143,38.0952380952381,47.6190476190476,21,,,,,,,,
GX010808.MP4,8.008,0,71.4285714285714,28.5714285714286,7,,,GX010809.MP4,8.008,81.6326530612245,18.3673469387755,0,49,,,GX010810.MP4,10.01,5.88235294117647,76.4705882352941,17.6470588235294,17,,,GX010811.MP4,8.008,45.4545454545455,45.4545454545455,9.09090909090909,22,,,GX020808.MP4,8.008,28.5714285714286,52.3809523809524,19.047619047619,21,,,GX030808.MP4,8.008,47.6190476190476,38.0952380952381,14.2857142857143,21,,,,,,,,
GX010808.MP4,8.4084,80,20,0,5,,,GX010809.MP4,8.4084,27.2727272727273,50,22.7272727272727,44,,,GX010810.MP4,10.5105,0,65,35,20,,,GX010811.MP4,8.4084,28.5714285714286,42.8571428571429,28.5714285714286,21,,,GX020808.MP4,8.4084,22.2222222222222,33.3333333333333,44.4444444444444,18,,,GX030808.MP4,8.4084,21.7391304347826,34.7826086956522,43.4782608695652,23,,,,,,,,
GX010808.MP4,8.8088,80,10,10,10,,,GX010809.MP4,8.8088,30,36,34,50,,,GX010810.MP4,11.011,0,46.6666666666667,53.3333333333333,15,,,GX010811.MP4,8.8088,60,30,10,10,,,GX020808.MP4,8.8088,40,24,36,25,,,GX030808.MP4,8.8088,21.0526315789474,31.5789473684211,47.3684210526316,19,,,,,,,,
GX010808.MP4,9.2092,50,33.3333333333333,16.6666666666667,6,,,GX010809.MP4,9.2092,25,29.1666666666667,45.8333333333333,48,,,GX010810.MP4,11.5115,25,41.6666666666667,33.3333333333333,12,,,GX010811.MP4,9.2092,66.6666666666667,22.2222222222222,11.1111111111111,18,,,GX020808.MP4,9.2092,26.0869565217391,21.7391304347826,52.1739130434783,23,,,GX030808.MP4,9.2092,13.1578947368421,57.8947368421053,28.9473684210526,38,,,,,,,,
GX010808.MP4,9.6096,37.5,37.5,25,8,,,GX010809.MP4,9.6096,29.5454545454545,34.0909090909091,36.3636363636364,44,,,GX010810.MP4,12.012,16.6666666666667,45.8333333333333,37.5,24,,,GX010811.MP4,9.6096,30,60,10,20,,,GX020808.MP4,9.6096,19.2307692307692,57.6923076923077,23.0769230769231,26,,,GX030808.MP4,9.6096,18.75,31.25,50,32,,,,,,,,
GX010808.MP4,10.01,33.3333333333333,33.3333333333333,33.3333333333333,6,,,GX010809.MP4,10.01,31.1111111111111,28.8888888888889,40,45,,,GX010810.MP4,12.5125,9.52380952380952,71.4285714285714,19.047619047619,21,,,GX010811.MP4,10.01,24,56,20,25,,,GX020808.MP4,10.01,18.1818181818182,45.4545454545455,36.3636363636364,11,,,GX030808.MP4,10.01,31.25,25,43.75,32,,,,,,,,
GX010808.MP4,10.4104,12.5,50,37.5,8,,,GX010809.MP4,10.4104,44.1860465116279,18.6046511627907,37.2093023255814,43,,,GX010810.MP4,13.013,14.8148148148148,7.40740740740741,77.7777777777778,27,,,GX010811.MP4,10.4104,13.6363636363636,40.9090909090909,45.4545454545455,22,,,GX020808.MP4,10.4104,42.8571428571429,28.5714285714286,28.5714285714286,7,,,GX030808.MP4,10.4104,36.3636363636364,27.2727272727273,36.3636363636364,22,,,,,,,,
GX010808.MP4,10.8108,11.1111111111111,66.6666666666667,22.2222222222222,9,,,GX010809.MP4,10.8108,37.7358490566038,15.0943396226415,47.1698113207547,53,,,GX010810.MP4,13.5135,0,58.8235294117647,41.1764705882353,17,,,GX010811.MP4,10.8108,9.09090909090909,18.1818181818182,72.7272727272727,11,,,GX020808.MP4,10.8108,46.6666666666667,20,33.3333333333333,30,,,GX030808.MP4,10.8108,25.7142857142857,40,34.2857142857143,35,,,,,,,,
GX010808.MP4,11.2112,25,62.5,12.5,8,,,GX010809.MP4,11.2112,43.1372549019608,21.5686274509804,35.2941176470588,51,,,GX010810.MP4,14.014,0,68.421052631579,31.5789473684211,19,,,GX010811.MP4,11.2112,32,56,12,25,,,GX020808.MP4,11.2112,51.5151515151515,21.2121212121212,27.2727272727273,33,,,GX030808.MP4,11.2112,41.6666666666667,29.1666666666667,29.1666666666667,24,,,,,,,,
GX010808.MP4,11.6116,37.5,37.5,25,8,,,GX010809.MP4,11.6116,51.0204081632653,24.4897959183673,24.4897959183673,49,,,GX010810.MP4,14.5145,0,75,25,20,,,GX010811.MP4,11.6116,16.6666666666667,33.3333333333333,50,6,,,GX020808.MP4,11.6116,22.7272727272727,18.1818181818182,59.0909090909091,22,,,GX030808.MP4,11.6116,28.5714285714286,53.5714285714286,17.8571428571429,28,,,,,,,,
GX010808.MP4,12.012,20,40,40,10,,,GX010809.MP4,12.012,33.3333333333333,22.2222222222222,44.4444444444444,45,,,GX010810.MP4,15.015,14.2857142857143,35.7142857142857,50,14,,,GX010811.MP4,12.012,37.5,62.5,0,8,,,GX020808.MP4,12.012,41.3793103448276,34.4827586206897,24.1379310344828,29,,,GX030808.MP4,12.012,25,40.625,34.375,32,,,,,,,,
GX010808.MP4,12.4124,18.1818181818182,54.5454545454545,27.2727272727273,11,,,GX010809.MP4,12.4124,41.9354838709677,25.8064516129032,32.258064516129,31,,,GX010810.MP4,15.5155,11.1111111111111,44.4444444444444,44.4444444444444,18,,,GX010811.MP4,12.4124,30.4347826086957,39.1304347826087,30.4347826086957,23,,,GX020808.MP4,12.4124,37.5,29.1666666666667,33.3333333333333,24,,,GX030808.MP4,12.4124,21.875,43.75,34.375,32,,,,,,,,
GX010808.MP4,12.8128,30.7692307692308,23.0769230769231,46.1538461538462,13,,,GX010809.MP4,12.8128,26.1904761904762,69.0476190476191,4.76190476190476,42,,,GX010810.MP4,16.016,35.7142857142857,28.5714285714286,35.7142857142857,14,,,GX010811.MP4,12.8128,9.52380952380952,38.0952380952381,52.3809523809524,21,,,GX020808.MP4,12.8128,20,36,44,25,,,GX030808.MP4,12.8128,31.0344827586207,31.0344827586207,37.9310344827586,29,,,,,,,,
GX010808.MP4,13.2132,20,20,60,5,,,GX010809.MP4,13.2132,22.5,65,12.5,40,,,GX010810.MP4,16.5165,7.69230769230769,53.8461538461539,38.4615384615385,13,,,GX010811.MP4,13.2132,58.3333333333333,33.3333333333333,8.33333333333333,24,,,GX020808.MP4,13.2132,11.1111111111111,66.6666666666667,22.2222222222222,18,,,GX030808.MP4,13.2132,28.5714285714286,35.7142857142857,35.7142857142857,28,,,,,,,,
GX010808.MP4,13.6136,8.33333333333333,66.6666666666667,25,12,,,GX010809.MP4,13.6136,24.4897959183673,46.9387755102041,28.5714285714286,49,,,GX010810.MP4,17.017,5.88235294117647,52.9411764705882,41.1764705882353,17,,,GX010811.MP4,13.6136,47.8260869565217,47.8260869565217,4.34782608695652,23,,,GX020808.MP4,13.6136,16.6666666666667,55.5555555555556,27.7777777777778,18,,,GX030808.MP4,13.6136,37.5,37.5,25,32,,,,,,,,
GX010808.MP4,14.014,0,42.8571428571429,57.1428571428571,7,,,GX010809.MP4,14.014,50,30.5555555555556,19.4444444444444,36,,,GX010810.MP4,17.5175,17.6470588235294,23.5294117647059,58.8235294117647,17,,,GX010811.MP4,14.014,20,52,28,25,,,GX020808.MP4,14.014,9.09090909090909,63.6363636363636,27.2727272727273,11,,,GX030808.MP4,14.014,31.25,43.75,25,16,,,,,,,,
GX010808.MP4,14.4144,10,50,40,10,,,GX010809.MP4,14.4144,38,38,24,50,,,GX010810.MP4,18.018,7.69230769230769,61.5384615384615,30.7692307692308,13,,,GX010811.MP4,14.4144,57.8947368421053,31.5789473684211,10.5263157894737,19,,,GX020808.MP4,14.4144,5.55555555555556,66.6666666666667,27.7777777777778,18,,,GX030808.MP4,14.4144,10,56.6666666666667,33.3333333333333,30,,,,,,,,
GX010808.MP4,14.8148,21.4285714285714,35.7142857142857,42.8571428571429,14,,,GX010809.MP4,14.8148,66.6666666666667,16.6666666666667,16.6666666666667,24,,,GX010810.MP4,18.5185,6.66666666666667,40,53.3333333333333,15,,,GX010811.MP4,14.8148,22.2222222222222,11.1111111111111,66.6666666666667,9,,,GX020808.MP4,14.8148,55.5555555555556,33.3333333333333,11.1111111111111,27,,,GX030808.MP4,14.8148,24.2424242424242,54.5454545454545,21.2121212121212,33,,,,,,,,
GX010808.MP4,15.2152,23.0769230769231,30.7692307692308,46.1538461538462,13,,,GX010809.MP4,15.2152,38.7096774193548,25.8064516129032,35.4838709677419,31,,,GX010810.MP4,19.019,15.3846153846154,46.1538461538462,38.4615384615385,13,,,GX010811.MP4,15.2152,43.75,43.75,12.5,16,,,GX020808.MP4,15.2152,34.2105263157895,31.5789473684211,34.2105263157895,38,,,GX030808.MP4,15.2152,47.2222222222222,30.5555555555556,22.2222222222222,36,,,,,,,,
GX010808.MP4,15.6156,13.3333333333333,60,26.6666666666667,15,,,GX010809.MP4,15.6156,56,24,20,25,,,GX010810.MP4,19.5195,50,0,50,2,,,GX010811.MP4,15.6156,39.1304347826087,43.4782608695652,17.3913043478261,23,,,GX020808.MP4,15.6156,33.3333333333333,41.6666666666667,25,24,,,GX030808.MP4,15.6156,36,28,36,25,,,,,,,,
GX010808.MP4,16.016,14.2857142857143,42.8571428571429,42.8571428571429,14,,,GX010809.MP4,16.016,52.6315789473684,21.0526315789474,26.3157894736842,19,,,GX010810.MP4,20.02,6.25,3.125,90.625,32,,,GX010811.MP4,16.016,46.4285714285714,17.8571428571429,35.7142857142857,28,,,GX020808.MP4,16.016,25,50,25,36,,,GX030808.MP4,16.016,34.6153846153846,26.9230769230769,38.4615384615385,26,,,,,,,,
GX010808.MP4,16.4164,8.33333333333333,66.6666666666667,25,12,,,GX010809.MP4,16.4164,53.3333333333333,20,26.6666666666667,15,,,GX010810.MP4,20.5205,0,71.4285714285714,28.5714285714286,7,,,GX010811.MP4,16.4164,65.625,18.75,15.625,32,,,GX020808.MP4,16.4164,44.4444444444444,33.3333333333333,22.2222222222222,36,,,GX030808.MP4,16.4164,26.0869565217391,21.7391304347826,52.1739130434783,23,,,,,,,,
GX010808.MP4,16.8168,0,83.3333333333333,16.6666666666667,6,,,GX010809.MP4,16.8168,54.5454545454545,27.2727272727273,18.1818181818182,11,,,GX010810.MP4,21.021,0,50,50,10,,,GX010811.MP4,16.8168,59.375,18.75,21.875,32,,,GX020808.MP4,16.8168,38.8888888888889,30.5555555555556,30.5555555555556,36,,,GX030808.MP4,16.8168,33.3333333333333,22.2222222222222,44.4444444444444,27,,,,,,,,
GX010808.MP4,17.2172,12.5,37.5,50,8,,,GX010809.MP4,17.2172,47.0588235294118,29.4117647058824,23.5294117647059,17,,,GX010810.MP4,21.5215,20,53.3333333333333,26.6666666666667,15,,,GX010811.MP4,17.2172,70.9677419354839,12.9032258064516,16.1290322580645,31,,,GX020808.MP4,17.2172,26.4705882352941,41.1764705882353,32.3529411764706,34,,,GX030808.MP4,17.2172,40.9090909090909,36.3636363636364,22.7272727272727,22,,,,,,,,
GX010808.MP4,17.6176,0,0,100,1,,,GX010809.MP4,17.6176,43.2432432432432,21.6216216216216,35.1351351351351,37,,,GX010810.MP4,22.022,4.76190476190476,47.6190476190476,47.6190476190476,21,,,GX010811.MP4,17.6176,25,40,35,20,,,GX020808.MP4,17.6176,21.4285714285714,57.1428571428571,21.4285714285714,14,,,GX030808.MP4,17.6176,30,35,35,20,,,,,,,,
GX010808.MP4,18.018,0,100,0,1,,,GX010809.MP4,18.018,53.8461538461539,17.948717948718,28.2051282051282,39,,,GX010810.MP4,22.5225,18.75,56.25,25,16,,,GX010811.MP4,18.018,50,25,25,28,,,GX020808.MP4,18.018,58.8235294117647,29.4117647058824,11.7647058823529,17,,,GX030808.MP4,18.018,44,20,36,25,,,,,,,,
GX010808.MP4,18.4184,22.2222222222222,33.3333333333333,44.4444444444444,9,,,GX010809.MP4,18.4184,55.2631578947369,21.0526315789474,23.6842105263158,38,,,GX010810.MP4,23.023,20,50,30,20,,,GX010811.MP4,18.4184,69.2307692307692,26.9230769230769,3.84615384615385,26,,,GX020808.MP4,18.4184,45,30,25,20,,,GX030808.MP4,18.4184,60,15,25,20,,,,,,,,
GX010808.MP4,18.8188,12.5,87.5,0,16,,,GX010809.MP4,18.8188,33.3333333333333,19.4444444444444,47.2222222222222,36,,,GX010810.MP4,23.5235,5,25,70,20,,,GX010811.MP4,18.8188,77.7777777777778,11.1111111111111,11.1111111111111,27,,,GX020808.MP4,18.8188,33.3333333333333,41.6666666666667,25,12,,,GX030808.MP4,18.8188,50,16.6666666666667,33.3333333333333,24,,,,,,,,
GX010808.MP4,19.2192,7.69230769230769,30.7692307692308,61.5384615384615,13,,,GX010809.MP4,19.2192,55.5555555555556,5.55555555555556,38.8888888888889,36,,,GX010810.MP4,24.024,40,44,16,25,,,GX010811.MP4,19.2192,86.6666666666667,3.33333333333333,10,30,,,GX020808.MP4,19.2192,41.6666666666667,50,8.33333333333333,24,,,GX030808.MP4,19.2192,21.4285714285714,64.2857142857143,14.2857142857143,14,,,,,,,,
GX010808.MP4,19.6196,20,46.6666666666667,33.3333333333333,15,,,GX010809.MP4,19.6196,47.8260869565217,19.5652173913043,32.6086956521739,46,,,GX010810.MP4,24.5245,31.5789473684211,68.421052631579,0,19,,,GX010811.MP4,19.6196,71.4285714285714,5.71428571428571,22.8571428571429,35,,,GX020808.MP4,19.6196,21.4285714285714,35.7142857142857,42.8571428571429,14,,,GX030808.MP4,19.6196,0,44.4444444444444,55.5555555555556,9,,,,,,,,
GX010808.MP4,20.02,20,60,20,10,,,GX010809.MP4,20.02,45.945945945946,21.6216216216216,32.4324324324324,37,,,GX010810.MP4,25.025,21.7391304347826,39.1304347826087,39.1304347826087,23,,,GX010811.MP4,20.02,28.5714285714286,28.5714285714286,42.8571428571429,7,,,GX020808.MP4,20.02,39.1304347826087,26.0869565217391,34.7826086956522,23,,,GX030808.MP4,20.02,5.55555555555556,83.3333333333333,11.1111111111111,18,,,,,,,,
GX010808.MP4,20.4204,42.8571428571429,42.8571428571429,14.2857142857143,7,,,GX010809.MP4,20.4204,43.1818181818182,38.6363636363636,18.1818181818182,44,,,GX010810.MP4,25.5255,30.7692307692308,42.3076923076923,26.9230769230769,26,,,GX010811.MP4,20.4204,66.6666666666667,33.3333333333333,0,3,,,GX020808.MP4,20.4204,33.3333333333333,66.6666666666667,0,3,,,GX030808.MP4,20.4204,46.1538461538462,28.2051282051282,25.6410256410256,39,,,,,,,,
GX010808.MP4,20.8208,0,85.7142857142857,14.2857142857143,7,,,GX010809.MP4,20.8208,22.7272727272727,72.7272727272727,4.54545454545455,22,,,GX010810.MP4,26.026,11.1111111111111,44.4444444444444,44.4444444444444,27,,,GX010811.MP4,20.8208,65.3846153846154,23.0769230769231,11.5384615384615,26,,,GX020808.MP4,20.8208,40,40,20,5,,,GX030808.MP4,20.8208,44.7368421052632,36.8421052631579,18.4210526315789,38,,,,,,,,
GX010808.MP4,21.2212,0,100,0,8,,,GX010809.MP4,21.2212,52.1739130434783,19.5652173913043,28.2608695652174,46,,,GX010810.MP4,26.5265,4.76190476190476,52.3809523809524,42.8571428571429,21,,,GX010811.MP4,21.2212,50,25,25,24,,,GX020808.MP4,21.2212,42.8571428571429,50,7.14285714285714,14,,,GX030808.MP4,21.2212,15.625,62.5,21.875,32,,,,,,,,
GX010808.MP4,21.6216,37.5,25,37.5,8,,,GX010809.MP4,21.6216,20.4545454545455,27.2727272727273,52.2727272727273,44,,,GX010810.MP4,27.027,8.69565217391304,56.5217391304348,34.7826086956522,23,,,GX010811.MP4,21.6216,40.9090909090909,9.09090909090909,50,22,,,GX020808.MP4,21.6216,47.8260869565217,52.1739130434783,0,23,,,GX030808.MP4,21.6216,30,60,10,10,,,,,,,,
GX010808.MP4,22.022,0,66.6666666666667,33.3333333333333,6,,,GX010809.MP4,22.022,28,40,32,25,,,GX010810.MP4,27.5275,33.3333333333333,55.5555555555556,11.1111111111111,18,,,GX010811.MP4,22.022,80,6.66666666666667,13.3333333333333,15,,,GX020808.MP4,22.022,38.4615384615385,61.5384615384615,0,13,,,GX030808.MP4,22.022,26.4705882352941,11.7647058823529,61.7647058823529,34,,,,,,,,
GX010808.MP4,22.4224,6.66666666666667,93.3333333333333,0,15,,,GX010809.MP4,22.4224,32.3529411764706,38.2352941176471,29.4117647058824,34,,,GX010810.MP4,28.028,15,60,25,20,,,GX010811.MP4,22.4224,56,20,24,25,,,GX020808.MP4,22.4224,56.5217391304348,26.0869565217391,17.3913043478261,23,,,GX030808.MP4,22.4224,37.1428571428571,11.4285714285714,51.4285714285714,35,,,,,,,,
GX010808.MP4,22.8228,22.2222222222222,55.5555555555556,22.2222222222222,9,,,GX010809.MP4,22.8228,27.027027027027,35.1351351351351,37.8378378378378,37,,,GX010810.MP4,28.5285,31.8181818181818,54.5454545454545,13.6363636363636,22,,,GX010811.MP4,22.8228,50,8.33333333333333,41.6666666666667,36,,,GX020808.MP4,22.8228,77.7777777777778,22.2222222222222,0,9,,,GX030808.MP4,22.8228,35.7142857142857,28.5714285714286,35.7142857142857,14,,,,,,,,
GX010808.MP4,23.2232,33.3333333333333,66.6666666666667,0,12,,,GX010809.MP4,23.2232,26.0869565217391,47.8260869565217,26.0869565217391,23,,,GX010810.MP4,29.029,21.0526315789474,57.8947368421053,21.0526315789474,19,,,GX010811.MP4,23.2232,82.6086956521739,13.0434782608696,4.34782608695652,23,,,GX020808.MP4,23.2232,57.1428571428571,21.4285714285714,21.4285714285714,14,,,GX030808.MP4,23.2232,30.4347826086957,45.6521739130435,23.9130434782609,46,,,,,,,,
GX010808.MP4,23.6236,33.3333333333333,55.5555555555556,11.1111111111111,9,,,GX010809.MP4,23.6236,41.3793103448276,34.4827586206897,24.1379310344828,29,,,GX010810.MP4,29.5295,3.2258064516129,58.0645161290323,38.7096774193548,31,,,GX010811.MP4,23.6236,69.2307692307692,7.69230769230769,23.0769230769231,26,,,GX020808.MP4,23.6236,33.3333333333333,26.6666666666667,40,15,,,GX030808.MP4,23.6236,41.8604651162791,41.8604651162791,16.2790697674419,43,,,,,,,,
GX010808.MP4,24.024,28.5714285714286,28.5714285714286,42.8571428571429,7,,,GX010809.MP4,24.024,9.52380952380952,90.4761904761905,0,21,,,GX010810.MP4,30.03,0,62.0689655172414,37.9310344827586,29,,,GX010811.MP4,24.024,62.5,20.8333333333333,16.6666666666667,24,,,GX020808.MP4,24.024,60,40,0,5,,,GX030808.MP4,24.024,28.2051282051282,58.974358974359,12.8205128205128,39,,,,,,,,
GX010808.MP4,24.4244,62.5,25,12.5,8,,,GX010809.MP4,24.4244,47.7272727272727,15.9090909090909,36.3636363636364,44,,,GX010810.MP4,30.5305,23.3333333333333,53.3333333333333,23.3333333333333,30,,,GX010811.MP4,24.4244,83.3333333333333,8.33333333333333,8.33333333333333,24,,,GX020808.MP4,24.4244,62.5,37.5,0,8,,,GX030808.MP4,24.4244,48.2758620689655,31.0344827586207,20.6896551724138,29,,,,,,,,
GX010808.MP4,24.8248,12.5,50,37.5,8,,,GX010809.MP4,24.8248,45.6521739130435,19.5652173913043,34.7826086956522,46,,,GX010810.MP4,31.031,13.3333333333333,40,46.6666666666667,15,,,GX010811.MP4,24.8248,63.6363636363636,0,36.3636363636364,22,,,GX020808.MP4,24.8248,35.7142857142857,57.1428571428571,7.14285714285714,14,,,GX030808.MP4,24.8248,40,40,20,35,,,,,,,,
GX010808.MP4,25.2252,11.1111111111111,55.5555555555556,33.3333333333333,9,,,GX010809.MP4,25.2252,41.3793103448276,37.9310344827586,20.6896551724138,29,,,GX010810.MP4,31.5315,16.6666666666667,16.6666666666667,66.6666666666667,12,,,GX010811.MP4,25.2252,86.3636363636364,9.09090909090909,4.54545454545455,22,,,GX020808.MP4,25.2252,37.5,31.25,31.25,16,,,GX030808.MP4,25.2252,43.4782608695652,39.1304347826087,17.3913043478261,23,,,,,,,,
GX010808.MP4,25.6256,27.2727272727273,45.4545454545455,27.2727272727273,11,,,GX010809.MP4,25.6256,50,43.75,6.25,32,,,GX010810.MP4,32.032,0,53.8461538461539,46.1538461538462,13,,,GX010811.MP4,25.6256,79.1666666666667,8.33333333333333,12.5,24,,,GX020808.MP4,25.6256,15,60,25,20,,,GX030808.MP4,25.6256,57.1428571428571,28.5714285714286,14.2857142857143,28,,,,,,,,
GX010808.MP4,26.026,16.6666666666667,66.6666666666667,16.6666666666667,6,,,GX010809.MP4,26.026,76.1904761904762,19.047619047619,4.76190476190476,42,,,GX010810.MP4,32.5325,5.26315789473684,52.6315789473684,42.1052631578947,19,,,GX010811.MP4,26.026,64.7058823529412,23.5294117647059,11.7647058823529,17,,,GX020808.MP4,26.026,22.2222222222222,55.5555555555556,22.2222222222222,27,,,GX030808.MP4,26.026,66.6666666666667,20,13.3333333333333,30,,,,,,,,
GX010808.MP4,26.4264,37.5,37.5,25,8,,,GX010809.MP4,26.4264,24.5283018867925,67.9245283018868,7.54716981132076,53,,,GX010810.MP4,33.033,6.66666666666667,53.3333333333333,40,15,,,GX010811.MP4,26.4264,75,4.16666666666667,20.8333333333333,24,,,GX020808.MP4,26.4264,36.3636363636364,36.3636363636364,27.2727272727273,11,,,GX030808.MP4,26.4264,65.7142857142857,28.5714285714286,5.71428571428571,35,,,,,,,,
GX010808.MP4,26.8268,0,66.6666666666667,33.3333333333333,6,,,GX010809.MP4,26.8268,40.9090909090909,45.4545454545455,13.6363636363636,44,,,GX010810.MP4,33.5335,0,70.5882352941177,29.4117647058824,17,,,GX010811.MP4,26.8268,80,6.66666666666667,13.3333333333333,15,,,GX020808.MP4,26.8268,73.5294117647059,11.7647058823529,14.7058823529412,34,,,GX030808.MP4,26.8268,66.6666666666667,22.2222222222222,11.1111111111111,27,,,,,,,,
GX010808.MP4,27.2272,25,50,25,12,,,GX010809.MP4,27.2272,51.6129032258065,45.1612903225806,3.2258064516129,31,,,GX010810.MP4,34.034,0,59.0909090909091,40.9090909090909,22,,,GX010811.MP4,27.2272,63.1578947368421,21.0526315789474,15.7894736842105,19,,,GX020808.MP4,27.2272,29.1666666666667,45.8333333333333,25,24,,,GX030808.MP4,27.2272,51.7241379310345,34.4827586206897,13.7931034482759,29,,,,,,,,
GX010808.MP4,27.6276,0,71.4285714285714,28.5714285714286,7,,,GX010809.MP4,27.6276,59.1836734693878,14.2857142857143,26.530612244898,49,,,GX010810.MP4,34.5345,7.40740740740741,48.1481481481481,44.4444444444444,27,,,GX010811.MP4,27.6276,35.7142857142857,28.5714285714286,35.7142857142857,14,,,GX020808.MP4,27.6276,36.6666666666667,36.6666666666667,26.6666666666667,30,,,GX030808.MP4,27.6276,50,21.4285714285714,28.5714285714286,14,,,,,,,,
GX010808.MP4,28.028,25,50,25,8,,,GX010809.MP4,28.028,2.94117647058824,88.2352941176471,8.82352941176471,34,,,GX010810.MP4,35.035,0,100,0,6,,,GX010811.MP4,28.028,70.9677419354839,29.0322580645161,0,31,,,GX020808.MP4,28.028,20,40,40,10,,,GX030808.MP4,28.028,50,27.7777777777778,22.2222222222222,18,,,,,,,,
GX010808.MP4,28.4284,12.5,37.5,50,8,,,GX010809.MP4,28.4284,45.2380952380952,23.8095238095238,30.952380952381,42,,,GX010810.MP4,35.5355,0,100,0,6,,,GX010811.MP4,28.4284,100,0,0,21,,,GX020808.MP4,28.4284,0,42.8571428571429,57.1428571428571,7,,,GX030808.MP4,28.4284,36.3636363636364,40.9090909090909,22.7272727272727,22,,,,,,,,
GX010808.MP4,28.8288,16.6666666666667,50,33.3333333333333,12,,,GX010809.MP4,28.8288,15,35,50,20,,,GX010810.MP4,36.036,0,87.5,12.5,8,,,GX010811.MP4,28.8288,56.25,25,18.75,16,,,GX020808.MP4,28.8288,0,0,100,5,,,GX030808.MP4,28.8288,11.1111111111111,85.1851851851852,3.7037037037037,27,,,,,,,,
GX010808.MP4,29.2292,27.2727272727273,45.4545454545455,27.2727272727273,11,,,GX010809.MP4,29.2292,31.5789473684211,36.8421052631579,31.5789473684211,38,,,GX010810.MP4,36.5365,0,100,0,6,,,GX010811.MP4,29.2292,66.6666666666667,33.3333333333333,0,3,,,GX020808.MP4,29.2292,30.7692307692308,38.4615384615385,30.7692307692308,13,,,GX030808.MP4,29.2292,25,56.25,18.75,16,,,,,,,,
GX010808.MP4,29.6296,8.33333333333333,83.3333333333333,8.33333333333333,12,,,GX010809.MP4,29.6296,43.3333333333333,33.3333333333333,23.3333333333333,30,,,GX010810.MP4,37.037,5.26315789473684,73.6842105263158,21.0526315789474,19,,,GX010811.MP4,29.6296,64.2857142857143,28.5714285714286,7.14285714285714,28,,,GX020808.MP4,29.6296,58.3333333333333,25,16.6666666666667,12,,,GX030808.MP4,29.6296,80,10,10,20,,,,,,,,
GX010808.MP4,30.03,7.69230769230769,69.2307692307692,23.0769230769231,13,,,GX010809.MP4,30.03,29.4117647058824,64.7058823529412,5.88235294117647,34,,,GX010810.MP4,37.5375,20,20,60,10,,,GX010811.MP4,30.03,56,4,40,25,,,GX020808.MP4,30.03,47.0588235294118,50,2.94117647058824,34,,,GX030808.MP4,30.03,64,36,0,25,,,,,,,,
GX010808.MP4,30.4304,7.69230769230769,53.8461538461539,38.4615384615385,13,,,GX010809.MP4,30.4304,45.6521739130435,30.4347826086957,23.9130434782609,46,,,GX010810.MP4,38.038,0,100,0,1,,,GX010811.MP4,30.4304,68,16,16,25,,,GX020808.MP4,30.4304,66.6666666666667,33.3333333333333,0,12,,,GX030808.MP4,30.4304,41.9354838709677,41.9354838709677,16.1290322580645,31,,,,,,,,
GX010808.MP4,30.8308,25,56.25,18.75,16,,,GX010809.MP4,30.8308,35.1351351351351,40.5405405405405,24.3243243243243,37,,,GX010810.MP4,38.5385,4.54545454545455,72.7272727272727,22.7272727272727,22,,,GX010811.MP4,30.8308,53.8461538461539,46.1538461538462,0,13,,,GX020808.MP4,30.8308,41.9354838709677,35.4838709677419,22.5806451612903,31,,,GX030808.MP4,30.8308,52.5,25,22.5,40,,,,,,,,
GX010808.MP4,31.2312,33.3333333333333,46.6666666666667,20,15,,,GX010809.MP4,31.2312,59.0909090909091,27.2727272727273,13.6363636363636,44,,,GX010810.MP4,39.039,5.55555555555556,61.1111111111111,33.3333333333333,18,,,GX010811.MP4,31.2312,86.3636363636364,9.09090909090909,4.54545454545455,22,,,GX020808.MP4,31.2312,6.89655172413793,79.3103448275862,13.7931034482759,29,,,GX030808.MP4,31.2312,23.0769230769231,34.6153846153846,42.3076923076923,26,,,,,,,,
GX010808.MP4,31.6316,8.33333333333333,66.6666666666667,25,12,,,GX010809.MP4,31.6316,39.5348837209302,25.5813953488372,34.8837209302326,43,,,GX010810.MP4,39.5395,4.16666666666667,29.1666666666667,66.6666666666667,24,,,GX010811.MP4,31.6316,57.1428571428571,28.5714285714286,14.2857142857143,7,,,GX020808.MP4,31.6316,52.3809523809524,38.0952380952381,9.52380952380952,21,,,GX030808.MP4,31.6316,21.7391304347826,34.7826086956522,43.4782608695652,23,,,,,,,,
GX010808.MP4,32.032,33.3333333333333,50,16.6666666666667,12,,,GX010809.MP4,32.032,32.4324324324324,32.4324324324324,35.1351351351351,37,,,GX010810.MP4,40.04,0,92.8571428571429,7.14285714285714,28,,,GX010811.MP4,32.032,76.9230769230769,15.3846153846154,7.69230769230769,13,,,GX020808.MP4,32.032,41.9354838709677,54.8387096774194,3.2258064516129,31,,,GX030808.MP4,32.032,31.8181818181818,59.0909090909091,9.09090909090909,22,,,,,,,,
GX010808.MP4,32.4324,18.1818181818182,45.4545454545455,36.3636363636364,11,,,GX010809.MP4,32.4324,24.3243243243243,35.1351351351351,40.5405405405405,37,,,GX010810.MP4,40.5405,30.5555555555556,58.3333333333333,11.1111111111111,36,,,GX010811.MP4,32.4324,80,4,16,25,,,GX020808.MP4,32.4324,35.2941176470588,35.2941176470588,29.4117647058824,17,,,GX030808.MP4,32.4324,25,59.375,15.625,32,,,,,,,,
GX010808.MP4,32.8328,16.6666666666667,41.6666666666667,41.6666666666667,12,,,GX010809.MP4,32.8328,33.3333333333333,43.3333333333333,23.3333333333333,30,,,GX010810.MP4,41.041,28.125,71.875,0,32,,,GX010811.MP4,32.8328,81.4814814814815,14.8148148148148,3.7037037037037,27,,,GX020808.MP4,32.8328,12.9032258064516,77.4193548387097,9.67741935483871,31,,,GX030808.MP4,32.8328,35.7142857142857,57.1428571428571,7.14285714285714,28,,,,,,,,
GX010808.MP4,33.2332,16.6666666666667,58.3333333333333,25,12,,,GX010809.MP4,33.2332,23.8095238095238,59.5238095238095,16.6666666666667,42,,,GX010810.MP4,41.5415,6.45161290322581,90.3225806451613,3.2258064516129,31,,,GX010811.MP4,33.2332,73.6842105263158,10.5263157894737,15.7894736842105,19,,,GX020808.MP4,33.2332,29.6296296296296,44.4444444444444,25.9259259259259,27,,,GX030808.MP4,33.2332,14.8148148148148,77.7777777777778,7.40740740740741,27,,,,,,,,
GX010808.MP4,33.6336,8.33333333333333,83.3333333333333,8.33333333333333,12,,,GX010809.MP4,33.6336,43.1372549019608,39.2156862745098,17.6470588235294,51,,,GX010810.MP4,42.042,3.44827586206897,96.551724137931,0,29,,,GX010811.MP4,33.6336,52.9411764705882,2.94117647058824,44.1176470588235,34,,,GX020808.MP4,33.6336,37.9310344827586,37.9310344827586,24.1379310344828,29,,,GX030808.MP4,33.6336,22.7272727272727,68.1818181818182,9.09090909090909,22,,,,,,,,
GX010808.MP4,34.034,7.14285714285714,85.7142857142857,7.14285714285714,14,,,GX010809.MP4,34.034,48.9795918367347,26.530612244898,24.4897959183673,49,,,GX010810.MP4,42.5425,0,100,0,27,,,GX010811.MP4,34.034,81.8181818181818,4.54545454545455,13.6363636363636,22,,,GX020808.MP4,34.034,45.945945945946,43.2432432432432,10.8108108108108,37,,,GX030808.MP4,34.034,12.9032258064516,80.6451612903226,6.45161290322581,31,,,,,,,,
GX010808.MP4,34.4344,27.2727272727273,63.6363636363636,9.09090909090909,11,,,GX010809.MP4,34.4344,21.4285714285714,50,28.5714285714286,14,,,GX010810.MP4,43.043,0,100,0,17,,,GX010811.MP4,34.4344,100,0,0,24,,,GX020808.MP4,34.4344,44.6808510638298,34.0425531914894,21.2765957446809,47,,,GX030808.MP4,34.4344,37.5,50,12.5,24,,,,,,,,
GX010808.MP4,34.8348,20,60,20,5,,,GX010809.MP4,34.8348,37.5,56.25,6.25,16,,,GX010810.MP4,43.5435,0,100,0,16,,,GX010811.MP4,34.8348,72,8,20,25,,,GX020808.MP4,34.8348,35.2941176470588,41.1764705882353,23.5294117647059,17,,,GX030808.MP4,34.8348,25,60,15,20,,,,,,,,
GX010808.MP4,35.2352,60,40,0,5,,,GX010809.MP4,35.2352,42.8571428571429,42.8571428571429,14.2857142857143,35,,,GX010810.MP4,44.044,0,100,0,12,,,GX010811.MP4,35.2352,75,25,0,4,,,GX020808.MP4,35.2352,48,40,12,25,,,GX030808.MP4,35.2352,46.4285714285714,35.7142857142857,17.8571428571429,28,,,,,,,,
GX010808.MP4,35.6356,18.75,12.5,68.75,16,,,GX010809.MP4,35.6356,50,34.375,15.625,32,,,GX010810.MP4,44.5445,33.3333333333333,66.6666666666667,0,3,,,GX010811.MP4,35.6356,62.8571428571429,2.85714285714286,34.2857142857143,35,,,GX020808.MP4,35.6356,26.3157894736842,52.6315789473684,21.0526315789474,19,,,GX030808.MP4,35.6356,38.8888888888889,41.6666666666667,19.4444444444444,36,,,,,,,,
GX010808.MP4,36.036,35.2941176470588,29.4117647058824,35.2941176470588,17,,,GX010809.MP4,36.036,50,15.625,34.375,32,,,GX010810.MP4,45.045,33.3333333333333,66.6666666666667,0,3,,,GX010811.MP4,36.036,61.9047619047619,23.8095238095238,14.2857142857143,21,,,GX020808.MP4,36.036,26.3157894736842,52.6315789473684,21.0526315789474,19,,,GX030808.MP4,36.036,44,44,12,25,,,,,,,,
GX010808.MP4,36.4364,15.3846153846154,38.4615384615385,46.1538461538462,13,,,GX010809.MP4,36.4364,56,22,22,50,,,GX010810.MP4,45.5455,25,62.5,12.5,16,,,GX010811.MP4,36.4364,61.5384615384615,12.8205128205128,25.6410256410256,39,,,GX020808.MP4,36.4364,29.4117647058824,58.8235294117647,11.7647058823529,17,,,GX030808.MP4,36.4364,45.4545454545455,27.2727272727273,27.2727272727273,33,,,,,,,,
GX010808.MP4,36.8368,22.2222222222222,50,27.7777777777778,18,,,GX010809.MP4,36.8368,81.3953488372093,11.6279069767442,6.97674418604651,43,,,GX010810.MP4,46.046,13.3333333333333,60,26.6666666666667,15,,,GX010811.MP4,36.8368,66.6666666666667,0,33.3333333333333,15,,,GX020808.MP4,36.8368,50,40,10,20,,,GX030808.MP4,36.8368,37.5,50,12.5,32,,,,,,,,
GX010808.MP4,37.2372,33.3333333333333,33.3333333333333,33.3333333333333,9,,,GX010809.MP4,37.2372,18.4210526315789,34.2105263157895,47.3684210526316,38,,,GX010810.MP4,46.5465,7.69230769230769,57.6923076923077,34.6153846153846,26,,,GX010811.MP4,37.2372,42.8571428571429,14.2857142857143,42.8571428571429,21,,,GX020808.MP4,37.2372,36.3636363636364,36.3636363636364,27.2727272727273,33,,,GX030808.MP4,37.2372,45,45,10,40,,,,,,,,
GX010808.MP4,37.6376,11.7647058823529,70.5882352941177,17.6470588235294,17,,,GX010809.MP4,37.6376,45.945945945946,40.5405405405405,13.5135135135135,37,,,GX010810.MP4,47.047,19.3548387096774,54.8387096774194,25.8064516129032,31,,,GX010811.MP4,37.6376,76.1904761904762,9.52380952380952,14.2857142857143,21,,,GX020808.MP4,37.6376,64.5161290322581,25.8064516129032,9.67741935483871,31,,,GX030808.MP4,37.6376,35.7142857142857,35.7142857142857,28.5714285714286,42,,,,,,,,
GX010808.MP4,38.038,7.40740740740741,81.4814814814815,11.1111111111111,27,,,GX010809.MP4,38.038,54.8387096774194,25.8064516129032,19.3548387096774,31,,,GX010810.MP4,47.5475,0,39.1304347826087,60.8695652173913,23,,,GX010811.MP4,38.038,62.962962962963,29.6296296296296,7.40740740740741,27,,,GX020808.MP4,38.038,52,32,16,25,,,GX030808.MP4,38.038,35.2941176470588,35.2941176470588,29.4117647058824,34,,,,,,,,
GX010808.MP4,38.4384,23.0769230769231,46.1538461538462,30.7692307692308,13,,,GX010809.MP4,38.4384,37.9310344827586,62.0689655172414,0,29,,,GX010810.MP4,48.048,7.40740740740741,29.6296296296296,62.962962962963,27,,,GX010811.MP4,38.4384,57.1428571428571,28.5714285714286,14.2857142857143,21,,,GX020808.MP4,38.4384,52,28,20,25,,,GX030808.MP4,38.4384,27.6595744680851,44.6808510638298,27.6595744680851,47,,,,,,,,
GX010808.MP4,38.8388,6.25,93.75,0,16,,,GX010809.MP4,38.8388,45.6521739130435,15.2173913043478,39.1304347826087,46,,,GX010810.MP4,48.5485,4.16666666666667,33.3333333333333,62.5,24,,,GX010811.MP4,38.8388,82.3529411764706,17.6470588235294,0,17,,,GX020808.MP4,38.8388,59.0909090909091,18.1818181818182,22.7272727272727,22,,,GX030808.MP4,38.8388,29.1666666666667,62.5,8.33333333333333,48,,,,,,,,
GX010808.MP4,39.2392,22.7272727272727,36.3636363636364,40.9090909090909,22,,,GX010809.MP4,39.2392,15.5555555555556,75.5555555555556,8.88888888888889,45,,,GX010810.MP4,49.049,0,42.3076923076923,57.6923076923077,26,,,GX010811.MP4,39.2392,27.2727272727273,54.5454545454545,18.1818181818182,22,,,GX020808.MP4,39.2392,52,16,32,25,,,GX030808.MP4,39.2392,29.6296296296296,51.8518518518519,18.5185185185185,27,,,,,,,,
GX010808.MP4,39.6396,29.1666666666667,45.8333333333333,25,24,,,GX010809.MP4,39.6396,65,30,5,20,,,GX010810.MP4,49.5495,20.8333333333333,75,4.16666666666667,24,,,GX010811.MP4,39.6396,70.5882352941177,17.6470588235294,11.7647058823529,17,,,GX020808.MP4,39.6396,50,33.3333333333333,16.6666666666667,30,,,GX030808.MP4,39.6396,41.3793103448276,41.3793103448276,17.2413793103448,29,,,,,,,,
GX010808.MP4,40.04,28.5714285714286,50,21.4285714285714,14,,,GX010809.MP4,40.04,66.6666666666667,14.5833333333333,18.75,48,,,GX010810.MP4,50.05,40.7407407407407,55.5555555555556,3.7037037037037,27,,,GX010811.MP4,40.04,66.6666666666667,28.5714285714286,4.76190476190476,21,,,GX020808.MP4,40.04,46.1538461538462,34.6153846153846,19.2307692307692,26,,,GX030808.MP4,40.04,40,28.5714285714286,31.4285714285714,35,,,,,,,,
GX010808.MP4,40.4404,25,60,15,20,,,GX010809.MP4,40.4404,34.8837209302326,53.4883720930233,11.6279069767442,43,,,GX010810.MP4,50.5505,48.2758620689655,48.2758620689655,3.44827586206897,29,,,GX010811.MP4,40.4404,50,50,0,16,,,GX020808.MP4,40.4404,41.3793103448276,31.0344827586207,27.5862068965517,29,,,GX030808.MP4,40.4404,40.625,37.5,21.875,32,,,,,,,,
GX010808.MP4,40.8408,22.2222222222222,66.6666666666667,11.1111111111111,27,,,GX010809.MP4,40.8408,47.3684210526316,47.3684210526316,5.26315789473684,38,,,GX010810.MP4,51.051,48.1481481481481,44.4444444444444,7.40740740740741,27,,,GX010811.MP4,40.8408,44.6808510638298,51.063829787234,4.25531914893617,47,,,GX020808.MP4,40.8408,35.7142857142857,35.7142857142857,28.5714285714286,14,,,GX030808.MP4,40.8408,57.7777777777778,20,22.2222222222222,45,,,,,,,,
GX010808.MP4,41.2412,59.0909090909091,36.3636363636364,4.54545454545455,22,,,GX010809.MP4,41.2412,46.1538461538462,53.8461538461539,0,26,,,GX010810.MP4,51.5515,25,75,0,20,,,GX010811.MP4,41.2412,51.7241379310345,37.9310344827586,10.3448275862069,29,,,GX020808.MP4,41.2412,21.0526315789474,52.6315789473684,26.3157894736842,19,,,GX030808.MP4,41.2412,25,55.5555555555556,19.4444444444444,36,,,,,,,,
GX010808.MP4,41.6416,31.25,56.25,12.5,16,,,GX010809.MP4,41.6416,40.8163265306122,42.8571428571429,16.3265306122449,49,,,GX010810.MP4,52.052,39.2857142857143,50,10.7142857142857,28,,,GX010811.MP4,41.6416,50,34.6153846153846,15.3846153846154,26,,,GX020808.MP4,41.6416,8.33333333333333,25,66.6666666666667,12,,,GX030808.MP4,41.6416,40.9090909090909,45.4545454545455,13.6363636363636,44,,,,,,,,
GX010808.MP4,42.042,27.7777777777778,50,22.2222222222222,18,,,GX010809.MP4,42.042,22.6415094339623,62.2641509433962,15.0943396226415,53,,,GX010810.MP4,52.5525,26.4705882352941,64.7058823529412,8.82352941176471,34,,,GX010811.MP4,42.042,25,30,45,20,,,GX020808.MP4,42.042,44,36,20,25,,,GX030808.MP4,42.042,45.2380952380952,30.952380952381,23.8095238095238,42,,,,,,,,
GX010808.MP4,42.4424,28.5714285714286,38.0952380952381,33.3333333333333,21,,,GX010809.MP4,42.4424,19.6428571428571,58.9285714285714,21.4285714285714,56,,,GX010810.MP4,53.053,13.6363636363636,86.3636363636364,0,22,,,GX010811.MP4,42.4424,33.3333333333333,66.6666666666667,0,3,,,GX020808.MP4,42.4424,45.4545454545455,22.7272727272727,31.8181818181818,22,,,GX030808.MP4,42.4424,42.5531914893617,38.2978723404255,19.1489361702128,47,,,,,,,,
GX010808.MP4,42.8428,41.6666666666667,29.1666666666667,29.1666666666667,24,,,GX010809.MP4,42.8428,14.8148148148148,64.8148148148148,20.3703703703704,54,,,GX010810.MP4,53.5535,4.34782608695652,95.6521739130435,0,23,,,GX010811.MP4,42.8428,48.1481481481481,37.037037037037,14.8148148148148,27,,,GX020808.MP4,42.8428,27.2727272727273,45.4545454545455,27.2727272727273,22,,,GX030808.MP4,42.8428,45.4545454545455,36.3636363636364,18.1818181818182,44,,,,,,,,
GX010808.MP4,43.2432,26.3157894736842,47.3684210526316,26.3157894736842,19,,,GX010809.MP4,43.2432,52.3809523809524,16.6666666666667,30.952380952381,42,,,GX010810.MP4,54.054,4.16666666666667,95.8333333333333,0,24,,,GX010811.MP4,43.2432,50,41.6666666666667,8.33333333333333,12,,,GX020808.MP4,43.2432,33.3333333333333,38.0952380952381,28.5714285714286,21,,,GX030808.MP4,43.2432,45.945945945946,29.7297297297297,24.3243243243243,37,,,,,,,,
GX010808.MP4,43.6436,12,44,44,25,,,GX010809.MP4,43.6436,43.75,18.75,37.5,32,,,GX010810.MP4,54.5545,33.3333333333333,66.6666666666667,0,21,,,GX010811.MP4,43.6436,42.8571428571429,57.1428571428571,0,21,,,GX020808.MP4,43.6436,48.2758620689655,20.6896551724138,31.0344827586207,29,,,GX030808.MP4,43.6436,44.4444444444444,48.1481481481481,7.40740740740741,27,,,,,,,,
GX010808.MP4,44.044,23.5294117647059,47.0588235294118,29.4117647058824,17,,,GX010809.MP4,44.044,18.9189189189189,62.1621621621622,18.9189189189189,37,,,GX010810.MP4,55.055,13.6363636363636,72.7272727272727,13.6363636363636,22,,,GX010811.MP4,44.044,35.7142857142857,57.1428571428571,7.14285714285714,14,,,GX020808.MP4,44.044,40,42.8571428571429,17.1428571428571,35,,,GX030808.MP4,44.044,25,54.1666666666667,20.8333333333333,24,,,,,,,,
GX010808.MP4,44.4444,26.0869565217391,69.5652173913043,4.34782608695652,23,,,GX010809.MP4,44.4444,46.1538461538462,20.5128205128205,33.3333333333333,39,,,GX010810.MP4,55.5555,0,53.8461538461539,46.1538461538462,26,,,GX010811.MP4,44.4444,40,60,0,5,,,GX020808.MP4,44.4444,25.9259259259259,40.7407407407407,33.3333333333333,27,,,GX030808.MP4,44.4444,38.4615384615385,33.3333333333333,28.2051282051282,39,,,,,,,,
GX010808.MP4,44.8448,23.8095238095238,76.1904761904762,0,21,,,GX010809.MP4,44.8448,36,40,24,25,,,GX010810.MP4,56.056,0,47.3684210526316,52.6315789473684,19,,,GX010811.MP4,44.8448,28.5714285714286,57.1428571428571,14.2857142857143,14,,,GX020808.MP4,44.8448,25,50,25,28,,,GX030808.MP4,44.8448,47.6190476190476,47.6190476190476,4.76190476190476,21,,,,,,,,
GX010808.MP4,45.2452,29.4117647058824,64.7058823529412,5.88235294117647,17,,,GX010809.MP4,45.2452,50,46.4285714285714,3.57142857142857,28,,,GX010810.MP4,56.5565,4.54545454545455,50,45.4545454545455,22,,,GX010811.MP4,45.2452,35.2941176470588,47.0588235294118,17.6470588235294,17,,,GX020808.MP4,45.2452,42.8571428571429,46.4285714285714,10.7142857142857,28,,,GX030808.MP4,45.2452,52.9411764705882,35.2941176470588,11.7647058823529,17,,,,,,,,
GX010808.MP4,45.6456,35.7142857142857,42.8571428571429,21.4285714285714,14,,,GX010809.MP4,45.6456,25,62.5,12.5,16,,,GX010810.MP4,57.057,17.2413793103448,58.6206896551724,24.1379310344828,29,,,GX010811.MP4,45.6456,25,25,50,4,,,GX020808.MP4,45.6456,40.7407407407407,40.7407407407407,18.5185185185185,27,,,GX030808.MP4,45.6456,42.1052631578947,36.8421052631579,21.0526315789474,19,,,,,,,,
GX010808.MP4,46.046,55.5555555555556,44.4444444444444,0,9,,,GX010809.MP4,46.046,100,0,0,2,,,GX010810.MP4,57.5575,15.3846153846154,50,34.6153846153846,26,,,GX010811.MP4,46.046,31.25,62.5,6.25,16,,,GX020808.MP4,46.046,29.7297297297297,37.8378378378378,32.4324324324324,37,,,GX030808.MP4,46.046,38.8888888888889,33.3333333333333,27.7777777777778,18,,,,,,,,
GX010808.MP4,46.4464,11.1111111111111,77.7777777777778,11.1111111111111,9,,,GX010809.MP4,46.4464,34.2857142857143,45.7142857142857,20,35,,,GX010810.MP4,58.058,13.6363636363636,22.7272727272727,63.6363636363636,22,,,GX010811.MP4,46.4464,20.8333333333333,79.1666666666667,0,24,,,GX020808.MP4,46.4464,24.1379310344828,44.8275862068966,31.0344827586207,29,,,GX030808.MP4,46.4464,43.4782608695652,21.7391304347826,34.7826086956522,23,,,,,,,,
GX010808.MP4,46.8468,25,62.5,12.5,16,,,GX010809.MP4,46.8468,46.4285714285714,17.8571428571429,35.7142857142857,28,,,GX010810.MP4,58.5585,0,36.8421052631579,63.1578947368421,19,,,GX010811.MP4,46.8468,4.76190476190476,66.6666666666667,28.5714285714286,21,,,GX020808.MP4,46.8468,38.4615384615385,46.1538461538462,15.3846153846154,26,,,GX030808.MP4,46.8468,58.8235294117647,11.7647058823529,29.4117647058824,17,,,,,,,,
GX010808.MP4,47.2472,8.33333333333333,66.6666666666667,25,12,,,GX010809.MP4,47.2472,22.2222222222222,59.2592592592593,18.5185185185185,27,,,GX010810.MP4,59.059,8.33333333333333,50,41.6666666666667,24,,,GX010811.MP4,47.2472,34.6153846153846,50,15.3846153846154,26,,,GX020808.MP4,47.2472,42.3076923076923,26.9230769230769,30.7692307692308,26,,,GX030808.MP4,47.2472,27.2727272727273,27.2727272727273,45.4545454545455,11,,,,,,,,
GX010808.MP4,47.6476,0,45.4545454545455,54.5454545454545,11,,,GX010809.MP4,47.6476,50,21.7391304347826,28.2608695652174,46,,,GX010810.MP4,59.5595,0,56.5217391304348,43.4782608695652,23,,,GX010811.MP4,47.6476,29.4117647058824,70.5882352941177,0,17,,,GX020808.MP4,47.6476,50,40.9090909090909,9.09090909090909,22,,,GX030808.MP4,47.6476,25,50,25,20,,,,,,,,
GX010808.MP4,48.048,22.2222222222222,44.4444444444444,33.3333333333333,9,,,GX010809.MP4,48.048,64,18,18,50,,,GX010810.MP4,60.06,0,45.8333333333333,54.1666666666667,24,,,GX010811.MP4,48.048,33.3333333333333,62.5,4.16666666666667,24,,,GX020808.MP4,48.048,55.5555555555556,22.2222222222222,22.2222222222222,27,,,GX030808.MP4,48.048,60.9756097560976,31.7073170731707,7.31707317073171,41,,,,,,,,
GX010808.MP4,48.4484,7.69230769230769,61.5384615384615,30.7692307692308,13,,,GX010809.MP4,48.4484,70.9677419354839,19.3548387096774,9.67741935483871,31,,,GX010810.MP4,60.5605,0,84.6153846153846,15.3846153846154,13,,,GX010811.MP4,48.4484,36.3636363636364,59.0909090909091,4.54545454545455,22,,,GX020808.MP4,48.4484,70,10,20,20,,,GX030808.MP4,48.4484,63.1578947368421,31.5789473684211,5.26315789473684,38,,,,,,,,
GX010808.MP4,48.8488,0,93.75,6.25,16,,,GX010809.MP4,48.8488,33.3333333333333,41.025641025641,25.6410256410256,39,,,GX010810.MP4,61.061,0,64,36,25,,,GX010811.MP4,48.8488,37.5,43.75,18.75,16,,,GX020808.MP4,48.8488,63.6363636363636,27.2727272727273,9.09090909090909,22,,,GX030808.MP4,48.8488,65.3846153846154,23.0769230769231,11.5384615384615,26,,,,,,,,
GX010808.MP4,49.2492,44.4444444444444,44.4444444444444,11.1111111111111,9,,,GX010809.MP4,49.2492,50,31.25,18.75,32,,,GX010810.MP4,61.5615,10,80,10,20,,,GX010811.MP4,49.2492,7.69230769230769,92.3076923076923,0,13,,,GX020808.MP4,49.2492,35.2941176470588,23.5294117647059,41.1764705882353,17,,,GX030808.MP4,49.2492,50,36.3636363636364,13.6363636363636,22,,,,,,,,
GX010808.MP4,49.6496,33.3333333333333,58.3333333333333,8.33333333333333,12,,,GX010809.MP4,49.6496,38.4615384615385,23.0769230769231,38.4615384615385,26,,,GX010810.MP4,62.062,0,80,20,10,,,GX010811.MP4,49.6496,7.69230769230769,76.9230769230769,15.3846153846154,13,,,GX020808.MP4,49.6496,27.2727272727273,27.2727272727273,45.4545454545455,22,,,GX030808.MP4,49.6496,52.9411764705882,41.1764705882353,5.88235294117647,17,,,,,,,,
GX010808.MP4,50.05,71.4285714285714,28.5714285714286,0,7,,,GX010809.MP4,50.05,60.7843137254902,21.5686274509804,17.6470588235294,51,,,GX010810.MP4,62.5625,0,60,40,10,,,GX010811.MP4,50.05,41.6666666666667,58.3333333333333,0,12,,,GX020808.MP4,50.05,55.8823529411765,29.4117647058824,14.7058823529412,34,,,GX030808.MP4,50.05,57.8947368421053,31.5789473684211,10.5263157894737,19,,,,,,,,
GX010808.MP4,50.4504,25,33.3333333333333,41.6666666666667,12,,,GX010809.MP4,50.4504,73.4693877551021,18.3673469387755,8.16326530612245,49,,,GX010810.MP4,63.063,5.88235294117647,76.4705882352941,17.6470588235294,17,,,GX010811.MP4,50.4504,26.6666666666667,60,13.3333333333333,15,,,GX020808.MP4,50.4504,39.5348837209302,34.8837209302326,25.5813953488372,43,,,GX030808.MP4,50.4504,36,60,4,25,,,,,,,,
GX010808.MP4,50.8508,27.2727272727273,31.8181818181818,40.9090909090909,22,,,GX010809.MP4,50.8508,65.9574468085106,21.2765957446809,12.7659574468085,47,,,GX010810.MP4,63.5635,65.3846153846154,23.0769230769231,11.5384615384615,26,,,GX010811.MP4,50.8508,40,40,20,15,,,GX020808.MP4,50.8508,34.8837209302326,46.5116279069767,18.6046511627907,43,,,GX030808.MP4,50.8508,29.1666666666667,50,20.8333333333333,24,,,,,,,,
GX010808.MP4,51.2512,18.75,37.5,43.75,16,,,GX010809.MP4,51.2512,52.9411764705882,37.2549019607843,9.80392156862745,51,,,GX010810.MP4,64.064,27.2727272727273,36.3636363636364,36.3636363636364,22,,,GX010811.MP4,51.2512,50,33.3333333333333,16.6666666666667,6,,,GX020808.MP4,51.2512,53.8461538461539,23.0769230769231,23.0769230769231,26,,,GX030808.MP4,51.2512,30.7692307692308,50,19.2307692307692,26,,,,,,,,
GX010808.MP4,51.6516,5.55555555555556,50,44.4444444444444,18,,,GX010809.MP4,51.6516,56.3636363636364,36.3636363636364,7.27272727272727,55,,,GX010810.MP4,64.5645,28.5714285714286,57.1428571428571,14.2857142857143,21,,,GX010811.MP4,51.6516,72.7272727272727,27.2727272727273,0,11,,,GX020808.MP4,51.6516,60,20,20,30,,,GX030808.MP4,51.6516,46.1538461538462,25.6410256410256,28.2051282051282,39,,,,,,,,
GX010808.MP4,52.052,0,76.1904761904762,23.8095238095238,21,,,GX010809.MP4,52.052,66.6666666666667,28.8888888888889,4.44444444444445,45,,,GX010810.MP4,65.065,8.69565217391304,60.8695652173913,30.4347826086957,23,,,GX010811.MP4,52.052,40,46.6666666666667,13.3333333333333,15,,,GX020808.MP4,52.052,44.1176470588235,26.4705882352941,29.4117647058824,34,,,GX030808.MP4,52.052,64.7058823529412,23.5294117647059,11.7647058823529,34,,,,,,,,
GX010808.MP4,52.4524,16.6666666666667,70.8333333333333,12.5,24,,,GX010809.MP4,52.4524,8.57142857142857,85.7142857142857,5.71428571428571,35,,,GX010810.MP4,65.5655,12.5,66.6666666666667,20.8333333333333,24,,,GX010811.MP4,52.4524,50,28.5714285714286,21.4285714285714,14,,,GX020808.MP4,52.4524,4,64,32,25,,,GX030808.MP4,52.4524,36.6666666666667,26.6666666666667,36.6666666666667,30,,,,,,,,
GX010808.MP4,52.8528,0,64.2857142857143,35.7142857142857,28,,,GX010809.MP4,52.8528,6.66666666666667,84.4444444444444,8.88888888888889,45,,,GX010810.MP4,66.066,5.55555555555556,72.2222222222222,22.2222222222222,18,,,GX010811.MP4,52.8528,36.3636363636364,63.6363636363636,0,11,,,GX020808.MP4,52.8528,9.09090909090909,45.4545454545455,45.4545454545455,22,,,GX030808.MP4,52.8528,28.5714285714286,40,31.4285714285714,35,,,,,,,,
GX010808.MP4,53.2532,15,75,10,20,,,GX010809.MP4,53.2532,77.4193548387097,22.5806451612903,0,31,,,GX010810.MP4,66.5665,12,64,24,25,,,GX010811.MP4,53.2532,50,40.9090909090909,9.09090909090909,22,,,GX020808.MP4,53.2532,42.1052631578947,31.5789473684211,26.3157894736842,38,,,GX030808.MP4,53.2532,45.7142857142857,28.5714285714286,25.7142857142857,35,,,,,,,,
GX010808.MP4,53.6536,20.8333333333333,58.3333333333333,20.8333333333333,24,,,GX010809.MP4,53.6536,80.4878048780488,14.6341463414634,4.87804878048781,41,,,GX010810.MP4,67.067,14.2857142857143,52.3809523809524,33.3333333333333,21,,,GX010811.MP4,53.6536,0,0,0,0,,,GX020808.MP4,53.6536,18.1818181818182,36.3636363636364,45.4545454545455,33,,,GX030808.MP4,53.6536,31.7073170731707,36.5853658536585,31.7073170731707,41,,,,,,,,
GX010808.MP4,54.054,15,60,25,20,,,GX010809.MP4,54.054,36.3636363636364,40.9090909090909,22.7272727272727,22,,,GX010810.MP4,67.5675,5,55,40,20,,,GX010811.MP4,54.054,51.219512195122,31.7073170731707,17.0731707317073,41,,,GX020808.MP4,54.054,22.2222222222222,59.2592592592593,18.5185185185185,27,,,GX030808.MP4,54.054,31.5789473684211,18.4210526315789,50,38,,,,,,,,
GX010808.MP4,54.4544,19.047619047619,61.9047619047619,19.047619047619,21,,,GX010809.MP4,54.4544,55,30,15,20,,,GX010810.MP4,68.068,10,50,40,20,,,GX010811.MP4,54.4544,48.1481481481481,33.3333333333333,18.5185185185185,27,,,GX020808.MP4,54.4544,23.0769230769231,50,26.9230769230769,26,,,GX030808.MP4,54.4544,33.3333333333333,35.8974358974359,30.7692307692308,39,,,,,,,,
GX010808.MP4,54.8548,27.2727272727273,54.5454545454545,18.1818181818182,22,,,GX010809.MP4,54.8548,31.5789473684211,63.1578947368421,5.26315789473684,19,,,GX010810.MP4,68.5685,9.52380952380952,61.9047619047619,28.5714285714286,21,,,GX010811.MP4,54.8548,39.4736842105263,57.8947368421053,2.63157894736842,38,,,GX020808.MP4,54.8548,41.9354838709677,32.258064516129,25.8064516129032,31,,,GX030808.MP4,54.8548,47.2222222222222,13.8888888888889,38.8888888888889,36,,,,,,,,
GX010808.MP4,55.2552,36.3636363636364,59.0909090909091,4.54545454545455,22,,,GX010809.MP4,55.2552,47.0588235294118,23.5294117647059,29.4117647058824,17,,,GX010810.MP4,69.069,13.0434782608696,43.4782608695652,43.4782608695652,23,,,GX010811.MP4,55.2552,41.6666666666667,44.4444444444444,13.8888888888889,36,,,GX020808.MP4,55.2552,40,31.4285714285714,28.5714285714286,35,,,GX030808.MP4,55.2552,52,12,36,25,,,,,,,,
GX010808.MP4,55.6556,26.9230769230769,61.5384615384615,11.5384615384615,26,,,GX010809.MP4,55.6556,27.5862068965517,48.2758620689655,24.1379310344828,29,,,GX010810.MP4,69.5695,4.76190476190476,47.6190476190476,47.6190476190476,21,,,GX010811.MP4,55.6556,40,50,10,20,,,GX020808.MP4,55.6556,32.4324324324324,43.2432432432432,24.3243243243243,37,,,GX030808.MP4,55.6556,20,53.3333333333333,26.6666666666667,15,,,,,,,,
GX010808.MP4,56.056,14.2857142857143,80.952380952381,4.76190476190476,21,,,GX010809.MP4,56.056,41.3793103448276,13.7931034482759,44.8275862068966,29,,,GX010810.MP4,70.07,3.7037037037037,33.3333333333333,62.962962962963,27,,,GX010811.MP4,56.056,45.8333333333333,33.3333333333333,20.8333333333333,24,,,GX020808.MP4,56.056,41.9354838709677,22.5806451612903,35.4838709677419,31,,,GX030808.MP4,56.056,50,14.2857142857143,35.7142857142857,28,,,,,,,,
GX010808.MP4,56.4564,12.5,79.1666666666667,8.33333333333333,24,,,GX010809.MP4,56.4564,42.3076923076923,19.2307692307692,38.4615384615385,26,,,GX010810.MP4,70.5705,0,47.8260869565217,52.1739130434783,23,,,GX010811.MP4,56.4564,31.8181818181818,59.0909090909091,9.09090909090909,22,,,GX020808.MP4,56.4564,44.4444444444444,38.8888888888889,16.6666666666667,36,,,GX030808.MP4,56.4564,42.8571428571429,35.7142857142857,21.4285714285714,28,,,,,,,,
GX010808.MP4,56.8568,26.0869565217391,60.8695652173913,13.0434782608696,23,,,GX010809.MP4,56.8568,33.3333333333333,50,16.6666666666667,36,,,GX010810.MP4,71.071,4.54545454545455,54.5454545454545,40.9090909090909,22,,,GX010811.MP4,56.8568,59.0909090909091,40.9090909090909,0,22,,,GX020808.MP4,56.8568,50,31.25,18.75,16,,,GX030808.MP4,56.8568,43.9024390243903,26.8292682926829,29.2682926829268,41,,,,,,,,
GX010808.MP4,57.2572,53.8461538461539,30.7692307692308,15.3846153846154,26,,,GX010809.MP4,57.2572,28.5714285714286,48.5714285714286,22.8571428571429,35,,,GX010810.MP4,71.5715,5,55,40,20,,,GX010811.MP4,57.2572,42.3076923076923,46.1538461538462,11.5384615384615,26,,,GX020808.MP4,57.2572,46.6666666666667,26.6666666666667,26.6666666666667,30,,,GX030808.MP4,57.2572,40,11.4285714285714,48.5714285714286,35,,,,,,,,
GX010808.MP4,57.6576,17.3913043478261,65.2173913043478,17.3913043478261,23,,,GX010809.MP4,57.6576,20,70,10,30,,,GX010810.MP4,72.072,7.69230769230769,46.1538461538462,46.1538461538462,26,,,GX010811.MP4,57.6576,25,59.375,15.625,32,,,GX020808.MP4,57.6576,44.8275862068966,27.5862068965517,27.5862068965517,29,,,GX030808.MP4,57.6576,75,25,0,52,,,,,,,,
GX010808.MP4,58.058,7.14285714285714,85.7142857142857,7.14285714285714,14,,,GX010809.MP4,58.058,25,75,0,4,,,GX010810.MP4,72.5725,0,79.3103448275862,20.6896551724138,29,,,GX010811.MP4,58.058,46.1538461538462,46.1538461538462,7.69230769230769,13,,,GX020808.MP4,58.058,48.2758620689655,24.1379310344828,27.5862068965517,29,,,GX030808.MP4,58.058,77.7777777777778,22.2222222222222,0,45,,,,,,,,
GX010808.MP4,58.4584,4.54545454545455,81.8181818181818,13.6363636363636,22,,,GX010809.MP4,58.4584,54.5454545454545,0,45.4545454545455,44,,,GX010810.MP4,73.073,9.52380952380952,57.1428571428571,33.3333333333333,21,,,GX010811.MP4,58.4584,45.4545454545455,45.4545454545455,9.09090909090909,33,,,GX020808.MP4,58.4584,61.1111111111111,16.6666666666667,22.2222222222222,18,,,GX030808.MP4,58.4584,53.6585365853659,31.7073170731707,14.6341463414634,41,,,,,,,,
GX010808.MP4,58.8588,10,60,30,10,,,GX010809.MP4,58.8588,50,5.88235294117647,44.1176470588235,34,,,GX010810.MP4,73.5735,19.2307692307692,30.7692307692308,50,26,,,GX010811.MP4,58.8588,13.0434782608696,86.9565217391304,0,23,,,GX020808.MP4,58.8588,47.3684210526316,36.8421052631579,15.7894736842105,19,,,GX030808.MP4,58.8588,44.1860465116279,23.2558139534884,32.5581395348837,43,,,,,,,,
GX010808.MP4,59.2592,6.66666666666667,53.3333333333333,40,15,,,GX010809.MP4,59.2592,37.5,6.25,56.25,16,,,GX010810.MP4,74.074,18.5185185185185,70.3703703703704,11.1111111111111,27,,,GX010811.MP4,59.2592,46.4285714285714,39.2857142857143,14.2857142857143,28,,,GX020808.MP4,59.2592,15.625,62.5,21.875,32,,,GX030808.MP4,59.2592,56.8181818181818,15.9090909090909,27.2727272727273,44,,,,,,,,
GX010808.MP4,59.6596,5.55555555555556,72.2222222222222,22.2222222222222,18,,,GX010809.MP4,59.6596,48.7804878048781,7.31707317073171,43.9024390243903,41,,,GX010810.MP4,74.5745,5.26315789473684,57.8947368421053,36.8421052631579,19,,,GX010811.MP4,59.6596,55.5555555555556,44.4444444444444,0,18,,,GX020808.MP4,59.6596,21.0526315789474,52.6315789473684,26.3157894736842,19,,,GX030808.MP4,59.6596,61.3636363636364,18.1818181818182,20.4545454545455,44,,,,,,,,
GX010808.MP4,60.06,30,50,20,20,,,GX010809.MP4,60.06,43.75,12.5,43.75,16,,,GX010810.MP4,75.075,0,38.4615384615385,61.5384615384615,26,,,GX010811.MP4,60.06,45,35,20,20,,,GX020808.MP4,60.06,37.1428571428571,37.1428571428571,25.7142857142857,35,,,GX030808.MP4,60.06,60,15,25,40,,,,,,,,
GX010808.MP4,60.4604,9.52380952380952,85.7142857142857,4.76190476190476,21,,,GX010809.MP4,60.4604,41.1764705882353,5.88235294117647,52.9411764705882,34,,,GX010810.MP4,75.5755,0,71.4285714285714,28.5714285714286,28,,,GX010811.MP4,60.4604,47.3684210526316,36.8421052631579,15.7894736842105,19,,,GX020808.MP4,60.4604,45.7142857142857,40,14.2857142857143,35,,,GX030808.MP4,60.4604,29.4117647058824,26.4705882352941,44.1176470588235,34,,,,,,,,
GX010808.MP4,60.8608,12,84,4,25,,,GX010809.MP4,60.8608,45.2380952380952,9.52380952380952,45.2380952380952,42,,,GX010810.MP4,76.076,7.69230769230769,76.9230769230769,15.3846153846154,26,,,GX010811.MP4,60.8608,42.8571428571429,0,57.1428571428571,7,,,GX020808.MP4,60.8608,42.4242424242424,45.4545454545455,12.1212121212121,33,,,GX030808.MP4,60.8608,47.2222222222222,30.5555555555556,22.2222222222222,36,,,,,,,,
GX010808.MP4,61.2612,7.69230769230769,80.7692307692308,11.5384615384615,26,,,GX010809.MP4,61.2612,10.8695652173913,78.2608695652174,10.8695652173913,46,,,GX010810.MP4,76.5765,12.9032258064516,41.9354838709677,45.1612903225806,31,,,GX010811.MP4,61.2612,50,50,0,16,,,GX020808.MP4,61.2612,46.6666666666667,36.6666666666667,16.6666666666667,30,,,GX030808.MP4,61.2612,50,16.6666666666667,33.3333333333333,24,,,,,,,,
GX010808.MP4,61.6616,5.88235294117647,94.1176470588235,0,17,,,GX010809.MP4,61.6616,40,30,30,20,,,GX010810.MP4,77.077,10,65,25,20,,,GX010811.MP4,61.6616,31.5789473684211,52.6315789473684,15.7894736842105,19,,,GX020808.MP4,61.6616,50,41.6666666666667,8.33333333333333,24,,,GX030808.MP4,61.6616,42.8571428571429,28.5714285714286,28.5714285714286,14,,,,,,,,
GX010808.MP4,62.062,3.84615384615385,96.1538461538462,0,26,,,GX010809.MP4,62.062,69.4444444444444,13.8888888888889,16.6666666666667,36,,,GX010810.MP4,77.5775,0,90.9090909090909,9.09090909090909,11,,,GX010811.MP4,62.062,27.2727272727273,27.2727272727273,45.4545454545455,11,,,GX020808.MP4,62.062,41.3793103448276,34.4827586206897,24.1379310344828,29,,,GX030808.MP4,62.062,50,0,50,6,,,,,,,,
GX010808.MP4,62.4624,26.0869565217391,65.2173913043478,8.69565217391304,23,,,GX010809.MP4,62.4624,28.5714285714286,59.1836734693878,12.2448979591837,49,,,GX010810.MP4,78.078,0,50,50,12,,,GX010811.MP4,62.4624,72.2222222222222,16.6666666666667,11.1111111111111,18,,,GX020808.MP4,62.4624,31.5789473684211,55.2631578947369,13.1578947368421,38,,,GX030808.MP4,62.4624,50,42.8571428571429,7.14285714285714,14,,,,,,,,
GX010808.MP4,62.8628,28.5714285714286,64.2857142857143,7.14285714285714,14,,,GX010809.MP4,62.8628,76.4705882352941,5.88235294117647,17.6470588235294,51,,,GX010810.MP4,78.5785,16.6666666666667,33.3333333333333,50,18,,,GX010811.MP4,62.8628,64.7058823529412,29.4117647058824,5.88235294117647,17,,,GX020808.MP4,62.8628,43.9024390243903,24.390243902439,31.7073170731707,41,,,GX030808.MP4,62.8628,30,55,15,20,,,,,,,,
GX010808.MP4,63.2632,12,88,0,25,,,GX010809.MP4,63.2632,25,67.5,7.5,40,,,GX010810.MP4,79.079,15.7894736842105,47.3684210526316,36.8421052631579,19,,,GX010811.MP4,63.2632,64.7058823529412,35.2941176470588,0,17,,,GX020808.MP4,63.2632,35.2941176470588,52.9411764705882,11.7647058823529,34,,,GX030808.MP4,63.2632,47.3684210526316,42.1052631578947,10.5263157894737,19,,,,,,,,
GX010808.MP4,63.6636,22.2222222222222,33.3333333333333,44.4444444444444,9,,,GX010809.MP4,63.6636,50,16,34,50,,,GX010810.MP4,79.5795,5,50,45,20,,,GX010811.MP4,63.6636,0,50,50,2,,,GX020808.MP4,63.6636,31.7073170731707,46.3414634146342,21.9512195121951,41,,,GX030808.MP4,63.6636,37.5,29.1666666666667,33.3333333333333,24,,,,,,,,
GX010808.MP4,64.064,25,50,25,20,,,GX010809.MP4,64.064,54,30,16,50,,,GX010810.MP4,80.08,4.76190476190476,38.0952380952381,57.1428571428571,21,,,GX010811.MP4,64.064,34.7826086956522,52.1739130434783,13.0434782608696,23,,,GX020808.MP4,64.064,41.6666666666667,41.6666666666667,16.6666666666667,24,,,GX030808.MP4,64.064,41.3793103448276,44.8275862068966,13.7931034482759,29,,,,,,,,
GX010808.MP4,64.4644,40,50,10,10,,,GX010809.MP4,64.4644,58.3333333333333,16.6666666666667,25,12,,,,,,,,,,,GX010811.MP4,64.4644,25,46.4285714285714,28.5714285714286,28,,,GX020808.MP4,64.4644,34.6153846153846,38.4615384615385,26.9230769230769,26,,,GX030808.MP4,64.4644,44.1176470588235,32.3529411764706,23.5294117647059,34,,,,,,,,
GX010808.MP4,64.8648,28.5714285714286,71.4285714285714,0,14,,,GX010809.MP4,64.8648,57.1428571428571,6.12244897959184,36.734693877551,49,,,,,,,,,,,GX010811.MP4,64.8648,17.6470588235294,70.5882352941177,11.7647058823529,17,,,GX020808.MP4,64.8648,42.4242424242424,42.4242424242424,15.1515151515152,33,,,GX030808.MP4,64.8648,41.1764705882353,32.3529411764706,26.4705882352941,34,,,,,,,,
GX010808.MP4,65.2652,30.7692307692308,69.2307692307692,0,13,,,GX010809.MP4,65.2652,39.4736842105263,10.5263157894737,50,38,,,,,,,,,,,GX010811.MP4,65.2652,12.5,62.5,25,16,,,GX020808.MP4,65.2652,52.9411764705882,35.2941176470588,11.7647058823529,17,,,GX030808.MP4,65.2652,40.7407407407407,40.7407407407407,18.5185185185185,27,,,,,,,,
GX010808.MP4,65.6656,20,66.6666666666667,13.3333333333333,15,,,GX010809.MP4,65.6656,70.4545454545455,9.09090909090909,20.4545454545455,44,,,,,,,,,,,GX010811.MP4,65.6656,34.375,62.5,3.125,32,,,GX020808.MP4,65.6656,42.3076923076923,46.1538461538462,11.5384615384615,26,,,GX030808.MP4,65.6656,22.7272727272727,54.5454545454545,22.7272727272727,22,,,,,,,,
GX010808.MP4,66.066,10,80,10,10,,,GX010809.MP4,66.066,40,45,15,40,,,,,,,,,,,GX010811.MP4,66.066,17.3913043478261,56.5217391304348,26.0869565217391,23,,,GX020808.MP4,66.066,43.75,31.25,25,32,,,GX030808.MP4,66.066,39.3939393939394,27.2727272727273,33.3333333333333,33,,,,,,,,
GX010808.MP4,66.4664,36.8421052631579,52.6315789473684,10.5263157894737,19,,,GX010809.MP4,66.4664,54.1666666666667,29.1666666666667,16.6666666666667,24,,,,,,,,,,,GX010811.MP4,66.4664,11.1111111111111,48.1481481481481,40.7407407407407,27,,,GX020808.MP4,66.4664,37.9310344827586,34.4827586206897,27.5862068965517,29,,,GX030808.MP4,66.4664,50,25,25,24,,,,,,,,
GX010808.MP4,66.8668,0,83.3333333333333,16.6666666666667,12,,,GX010809.MP4,66.8668,51.6129032258065,22.5806451612903,25.8064516129032,31,,,,,,,,,,,GX010811.MP4,66.8668,22.2222222222222,74.0740740740741,3.7037037037037,27,,,GX020808.MP4,66.8668,37.9310344827586,34.4827586206897,27.5862068965517,29,,,GX030808.MP4,66.8668,29.4117647058824,58.8235294117647,11.7647058823529,17,,,,,,,,
GX010808.MP4,67.2672,26.3157894736842,57.8947368421053,15.7894736842105,19,,,GX010809.MP4,67.2672,52.1739130434783,34.7826086956522,13.0434782608696,23,,,,,,,,,,,GX010811.MP4,67.2672,8,76,16,25,,,GX020808.MP4,67.2672,30.7692307692308,41.025641025641,28.2051282051282,39,,,GX030808.MP4,67.2672,33.3333333333333,44.4444444444444,22.2222222222222,27,,,,,,,,
GX010808.MP4,67.6676,20,50,30,20,,,GX010809.MP4,67.6676,38.4615384615385,57.6923076923077,3.84615384615385,26,,,,,,,,,,,GX010811.MP4,67.6676,6.25,93.75,0,16,,,GX020808.MP4,67.6676,36.1111111111111,44.4444444444444,19.4444444444444,36,,,GX030808.MP4,67.6676,44.4444444444444,55.5555555555556,0,9,,,,,,,,
GX010808.MP4,68.068,12,72,16,25,,,GX010809.MP4,68.068,73.9130434782609,6.52173913043478,19.5652173913043,46,,,,,,,,,,,GX010811.MP4,68.068,23.0769230769231,69.2307692307692,7.69230769230769,13,,,GX020808.MP4,68.068,36.6666666666667,40,23.3333333333333,30,,,GX030808.MP4,68.068,53.8461538461539,15.3846153846154,30.7692307692308,13,,,,,,,,
GX010808.MP4,68.4684,10.5263157894737,84.2105263157895,5.26315789473684,19,,,GX010809.MP4,68.4684,24.4897959183673,65.3061224489796,10.2040816326531,49,,,,,,,,,,,GX010811.MP4,68.4684,14.2857142857143,85.7142857142857,0,7,,,GX020808.MP4,68.4684,32,36,32,25,,,GX030808.MP4,68.4684,41.6666666666667,33.3333333333333,25,12,,,,,,,,
GX010808.MP4,68.8688,4.34782608695652,78.2608695652174,17.3913043478261,23,,,GX010809.MP4,68.8688,90,10,0,10,,,,,,,,,,,GX010811.MP4,68.8688,7.69230769230769,76.9230769230769,15.3846153846154,13,,,GX020808.MP4,68.8688,42.8571428571429,28.5714285714286,28.5714285714286,21,,,GX030808.MP4,68.8688,6.66666666666667,80,13.3333333333333,15,,,,,,,,
GX010808.MP4,69.2692,27.7777777777778,61.1111111111111,11.1111111111111,18,,,GX010809.MP4,69.2692,58.0645161290323,29.0322580645161,12.9032258064516,31,,,,,,,,,,,GX010811.MP4,69.2692,17.6470588235294,76.4705882352941,5.88235294117647,17,,,GX020808.MP4,69.2692,61.5384615384615,23.0769230769231,15.3846153846154,13,,,GX030808.MP4,69.2692,62.5,25,12.5,16,,,,,,,,
GX010808.MP4,69.6696,5.26315789473684,36.8421052631579,57.8947368421053,19,,,GX010809.MP4,69.6696,37.5,29.1666666666667,33.3333333333333,24,,,,,,,,,,,GX010811.MP4,69.6696,4.76190476190476,57.1428571428571,38.0952380952381,21,,,GX020808.MP4,69.6696,20,46.6666666666667,33.3333333333333,15,,,GX030808.MP4,69.6696,27.5862068965517,37.9310344827586,34.4827586206897,29,,,,,,,,
GX010808.MP4,70.07,13.3333333333333,46.6666666666667,40,15,,,GX010809.MP4,70.07,51.7241379310345,31.0344827586207,17.2413793103448,29,,,,,,,,,,,GX010811.MP4,70.07,12.5,87.5,0,8,,,GX020808.MP4,70.07,26.9230769230769,57.6923076923077,15.3846153846154,26,,,GX030808.MP4,70.07,29.6296296296296,40.7407407407407,29.6296296296296,27,,,,,,,,
GX010808.MP4,70.4704,21.7391304347826,56.5217391304348,21.7391304347826,23,,,GX010809.MP4,70.4704,43.2432432432432,48.6486486486487,8.10810810810811,37,,,,,,,,,,,GX010811.MP4,70.4704,11.1111111111111,61.1111111111111,27.7777777777778,18,,,GX020808.MP4,70.4704,22.7272727272727,45.4545454545455,31.8181818181818,22,,,GX030808.MP4,70.4704,38.2352941176471,35.2941176470588,26.4705882352941,34,,,,,,,,
GX010808.MP4,70.8708,14.8148148148148,77.7777777777778,7.40740740740741,27,,,GX010809.MP4,70.8708,34.8837209302326,13.953488372093,51.1627906976744,43,,,,,,,,,,,GX010811.MP4,70.8708,11.1111111111111,77.7777777777778,11.1111111111111,9,,,GX020808.MP4,70.8708,29.4117647058824,64.7058823529412,5.88235294117647,34,,,GX030808.MP4,70.8708,26.6666666666667,36.6666666666667,36.6666666666667,30,,,,,,,,
GX010808.MP4,71.2712,22.2222222222222,50,27.7777777777778,18,,,GX010809.MP4,71.2712,31.8181818181818,54.5454545454545,13.6363636363636,22,,,,,,,,,,,GX010811.MP4,71.2712,0,90.9090909090909,9.09090909090909,11,,,GX020808.MP4,71.2712,34.2105263157895,57.8947368421053,7.89473684210526,38,,,GX030808.MP4,71.2712,54.0540540540541,24.3243243243243,21.6216216216216,37,,,,,,,,
GX010808.MP4,71.6716,33.3333333333333,66.6666666666667,0,18,,,GX010809.MP4,71.6716,53.8461538461539,5.12820512820513,41.025641025641,39,,,,,,,,,,,GX010811.MP4,71.6716,11.1111111111111,77.7777777777778,11.1111111111111,9,,,GX020808.MP4,71.6716,11.5384615384615,76.9230769230769,11.5384615384615,26,,,GX030808.MP4,71.6716,31.0344827586207,31.0344827586207,37.9310344827586,29,,,,,,,,
GX010808.MP4,72.072,13.6363636363636,54.5454545454545,31.8181818181818,22,,,GX010809.MP4,72.072,47.2222222222222,19.4444444444444,33.3333333333333,36,,,,,,,,,,,GX010811.MP4,72.072,0,92.3076923076923,7.69230769230769,13,,,GX020808.MP4,72.072,2.94117647058824,91.1764705882353,5.88235294117647,34,,,GX030808.MP4,72.072,28.5714285714286,37.1428571428571,34.2857142857143,35,,,,,,,,
GX010808.MP4,72.4724,21.0526315789474,47.3684210526316,31.5789473684211,19,,,GX010809.MP4,72.4724,35.7142857142857,32.1428571428571,32.1428571428571,28,,,,,,,,,,,GX010811.MP4,72.4724,21.4285714285714,42.8571428571429,35.7142857142857,14,,,GX020808.MP4,72.4724,70.3703703703704,14.8148148148148,14.8148148148148,27,,,GX030808.MP4,72.4724,23.5294117647059,32.3529411764706,44.1176470588235,34,,,,,,,,
GX010808.MP4,72.8728,19.047619047619,57.1428571428571,23.8095238095238,21,,,GX010809.MP4,72.8728,58.3333333333333,33.3333333333333,8.33333333333333,12,,,,,,,,,,,GX010811.MP4,72.8728,0,83.3333333333333,16.6666666666667,18,,,GX020808.MP4,72.8728,30.3030303030303,63.6363636363636,6.06060606060606,33,,,GX030808.MP4,72.8728,21.7391304347826,69.5652173913043,8.69565217391304,23,,,,,,,,
GX010808.MP4,73.2732,7.69230769230769,46.1538461538462,46.1538461538462,13,,,GX010809.MP4,73.2732,31.25,50,18.75,32,,,,,,,,,,,GX010811.MP4,73.2732,12.5,75,12.5,8,,,GX020808.MP4,73.2732,61.9047619047619,23.8095238095238,14.2857142857143,21,,,GX030808.MP4,73.2732,15,52.5,32.5,40,,,,,,,,
GX010808.MP4,73.6736,21.0526315789474,47.3684210526316,31.5789473684211,19,,,GX010809.MP4,73.6736,64.1025641025641,2.56410256410256,33.3333333333333,39,,,,,,,,,,,GX010811.MP4,73.6736,0,100,0,13,,,GX020808.MP4,73.6736,41.8604651162791,37.2093023255814,20.9302325581395,43,,,GX030808.MP4,73.6736,23.3333333333333,53.3333333333333,23.3333333333333,30,,,,,,,,
GX010808.MP4,74.074,20,45,35,20,,,GX010809.MP4,74.074,86.9565217391304,13.0434782608696,0,23,,,,,,,,,,,GX010811.MP4,74.074,0,71.4285714285714,28.5714285714286,7,,,GX020808.MP4,74.074,41.1764705882353,41.1764705882353,17.6470588235294,34,,,GX030808.MP4,74.074,33.3333333333333,46.1538461538462,20.5128205128205,39,,,,,,,,
GX010808.MP4,74.4744,14.2857142857143,66.6666666666667,19.047619047619,21,,,GX010809.MP4,74.4744,32.6086956521739,45.6521739130435,21.7391304347826,46,,,,,,,,,,,GX010811.MP4,74.4744,4.76190476190476,95.2380952380952,0,21,,,GX020808.MP4,74.4744,50,39.2857142857143,10.7142857142857,28,,,GX030808.MP4,74.4744,32.1428571428571,50,17.8571428571429,28,,,,,,,,
GX010808.MP4,74.8748,16,64,20,25,,,GX010809.MP4,74.8748,53.3333333333333,28.8888888888889,17.7777777777778,45,,,,,,,,,,,GX010811.MP4,74.8748,0,100,0,10,,,GX020808.MP4,74.8748,27.5862068965517,48.2758620689655,24.1379310344828,29,,,GX030808.MP4,74.8748,29.5454545454545,45.4545454545455,25,44,,,,,,,,
GX010808.MP4,75.2752,38.8888888888889,33.3333333333333,27.7777777777778,18,,,GX010809.MP4,75.2752,48.2758620689655,41.3793103448276,10.3448275862069,29,,,,,,,,,,,GX010811.MP4,75.2752,0,80,20,15,,,GX020808.MP4,75.2752,20,77.1428571428572,2.85714285714286,35,,,GX030808.MP4,75.2752,41.6666666666667,36.1111111111111,22.2222222222222,36,,,,,,,,
GX010808.MP4,75.6756,44.4444444444444,55.5555555555556,0,18,,,GX010809.MP4,75.6756,46.1538461538462,53.8461538461539,0,26,,,,,,,,,,,GX010811.MP4,75.6756,7.69230769230769,92.3076923076923,0,13,,,GX020808.MP4,75.6756,25,62.5,12.5,24,,,GX030808.MP4,75.6756,52.3809523809524,23.8095238095238,23.8095238095238,42,,,,,,,,
GX010808.MP4,76.076,18.1818181818182,50,31.8181818181818,22,,,GX010809.MP4,76.076,51.1627906976744,11.6279069767442,37.2093023255814,43,,,,,,,,,,,GX010811.MP4,76.076,0,100,0,11,,,GX020808.MP4,76.076,22.2222222222222,59.2592592592593,18.5185185185185,27,,,GX030808.MP4,76.076,55,20,25,40,,,,,,,,
GX010808.MP4,76.4764,47.6190476190476,42.8571428571429,9.52380952380952,21,,,GX010809.MP4,76.4764,32.6923076923077,36.5384615384615,30.7692307692308,52,,,,,,,,,,,GX010811.MP4,76.4764,0,92.3076923076923,7.69230769230769,13,,,GX020808.MP4,76.4764,18.1818181818182,56.8181818181818,25,44,,,GX030808.MP4,76.4764,17.5,65,17.5,40,,,,,,,,
GX010808.MP4,76.8768,33.3333333333333,42.8571428571429,23.8095238095238,21,,,GX010809.MP4,76.8768,65.3846153846154,19.2307692307692,15.3846153846154,26,,,,,,,,,,,GX010811.MP4,76.8768,10,90,0,10,,,GX020808.MP4,76.8768,12,84,4,25,,,GX030808.MP4,76.8768,35.1351351351351,43.2432432432432,21.6216216216216,37,,,,,,,,
GX010808.MP4,77.2772,30,20,50,10,,,GX010809.MP4,77.2772,52.9411764705882,14.7058823529412,32.3529411764706,34,,,,,,,,,,,GX010811.MP4,77.2772,6.25,81.25,12.5,16,,,GX020808.MP4,77.2772,32,64,4,25,,,GX030808.MP4,77.2772,42.2222222222222,28.8888888888889,28.8888888888889,45,,,,,,,,
GX010808.MP4,77.6776,17.3913043478261,60.8695652173913,21.7391304347826,23,,,GX010809.MP4,77.6776,42,34,24,50,,,,,,,,,,,GX010811.MP4,77.6776,21.4285714285714,78.5714285714286,0,14,,,GX020808.MP4,77.6776,32.258064516129,51.6129032258065,16.1290322580645,31,,,GX030808.MP4,77.6776,34.375,50,15.625,32,,,,,,,,
GX010808.MP4,78.078,11.1111111111111,70.3703703703704,18.5185185185185,27,,,GX010809.MP4,78.078,24.3243243243243,70.2702702702703,5.40540540540541,37,,,,,,,,,,,GX010811.MP4,78.078,0,38.8888888888889,61.1111111111111,18,,,GX020808.MP4,78.078,32.5,62.5,5,40,,,GX030808.MP4,78.078,53.3333333333333,36.6666666666667,10,30,,,,,,,,
GX010808.MP4,78.4784,19.3548387096774,77.4193548387097,3.2258064516129,31,,,GX010809.MP4,78.4784,67.5,7.5,25,40,,,,,,,,,,,GX010811.MP4,78.4784,0,93.75,6.25,16,,,GX020808.MP4,78.4784,42.3076923076923,50,7.69230769230769,26,,,GX030808.MP4,78.4784,50,25,25,24,,,,,,,,
GX010808.MP4,78.8788,0,100,0,21,,,GX010809.MP4,78.8788,17.6470588235294,52.9411764705882,29.4117647058824,17,,,,,,,,,,,GX010811.MP4,78.8788,14.2857142857143,80.952380952381,4.76190476190476,21,,,GX020808.MP4,78.8788,34.6153846153846,46.1538461538462,19.2307692307692,26,,,GX030808.MP4,78.8788,63.3333333333333,33.3333333333333,3.33333333333333,30,,,,,,,,
GX010808.MP4,79.2792,21.4285714285714,67.8571428571429,10.7142857142857,28,,,GX010809.MP4,79.2792,16.6666666666667,33.3333333333333,50,6,,,,,,,,,,,GX010811.MP4,79.2792,5.55555555555556,44.4444444444444,50,18,,,GX020808.MP4,79.2792,60,37.1428571428571,2.85714285714286,35,,,GX030808.MP4,79.2792,51.3513513513514,35.1351351351351,13.5135135135135,37,,,,,,,,
GX010808.MP4,79.6796,27.2727272727273,68.1818181818182,4.54545454545455,22,,,GX010809.MP4,79.6796,26.6666666666667,33.3333333333333,40,15,,,,,,,,,,,GX010811.MP4,79.6796,0,100,0,10,,,GX020808.MP4,79.6796,34.7826086956522,43.4782608695652,21.7391304347826,23,,,GX030808.MP4,79.6796,44.1860465116279,37.2093023255814,18.6046511627907,43,,,,,,,,
GX010808.MP4,80.08,23.0769230769231,73.0769230769231,3.84615384615385,26,,,GX010809.MP4,80.08,60,30,10,20,,,,,,,,,,,GX010811.MP4,80.08,13.3333333333333,80,6.66666666666667,15,,,GX020808.MP4,80.08,24,64,12,25,,,GX030808.MP4,80.08,44.4444444444444,33.3333333333333,22.2222222222222,36,,,,,,,,
GX010808.MP4,80.4804,12,76,12,25,,,GX010809.MP4,80.4804,45.4545454545455,36.3636363636364,18.1818181818182,11,,,,,,,,,,,GX010811.MP4,80.4804,16.6666666666667,83.3333333333333,0,12,,,GX020808.MP4,80.4804,24,52,24,25,,,GX030808.MP4,80.4804,23.6842105263158,65.7894736842105,10.5263157894737,38,,,,,,,,
GX010808.MP4,80.8808,19.3548387096774,61.2903225806452,19.3548387096774,31,,,GX010809.MP4,80.8808,44,40,16,25,,,,,,,,,,,GX010811.MP4,80.8808,23.0769230769231,76.9230769230769,0,13,,,GX020808.MP4,80.8808,30.7692307692308,61.5384615384615,7.69230769230769,26,,,GX030808.MP4,80.8808,22.4489795918367,53.0612244897959,24.4897959183673,49,,,,,,,,
GX010808.MP4,81.2812,22.8571428571429,65.7142857142857,11.4285714285714,35,,,GX010809.MP4,81.2812,46.6666666666667,51.1111111111111,2.22222222222222,45,,,,,,,,,,,GX010811.MP4,81.2812,8.33333333333333,75,16.6666666666667,12,,,GX020808.MP4,81.2812,18.1818181818182,59.0909090909091,22.7272727272727,22,,,GX030808.MP4,81.2812,28.5714285714286,45.2380952380952,26.1904761904762,42,,,,,,,,
GX010808.MP4,81.6816,30,50,20,20,,,GX010809.MP4,81.6816,29.5454545454545,54.5454545454545,15.9090909090909,44,,,,,,,,,,,GX010811.MP4,81.6816,11.7647058823529,64.7058823529412,23.5294117647059,17,,,GX020808.MP4,81.6816,40,45,15,20,,,GX030808.MP4,81.6816,27.0833333333333,50,22.9166666666667,48,,,,,,,,
GX010808.MP4,82.082,23.8095238095238,38.0952380952381,38.0952380952381,21,,,GX010809.MP4,82.082,52.6315789473684,0,47.3684210526316,19,,,,,,,,,,,GX010811.MP4,82.082,55.5555555555556,44.4444444444444,0,9,,,GX020808.MP4,82.082,40.9090909090909,45.4545454545455,13.6363636363636,22,,,GX030808.MP4,82.082,27.7777777777778,47.2222222222222,25,36,,,,,,,,
GX010808.MP4,82.4824,30.7692307692308,38.4615384615385,30.7692307692308,26,,,GX010809.MP4,82.4824,46.4285714285714,14.2857142857143,39.2857142857143,28,,,,,,,,,,,GX010811.MP4,82.4824,0,100,0,10,,,GX020808.MP4,82.4824,28,48,24,25,,,GX030808.MP4,82.4824,35.8974358974359,41.025641025641,23.0769230769231,39,,,,,,,,
GX010808.MP4,82.8828,45.8333333333333,25,29.1666666666667,24,,,GX010809.MP4,82.8828,29.6296296296296,11.1111111111111,59.2592592592593,27,,,,,,,,,,,GX010811.MP4,82.8828,40,0,60,5,,,GX020808.MP4,82.8828,44.4444444444444,33.3333333333333,22.2222222222222,18,,,GX030808.MP4,82.8828,53.3333333333333,16.6666666666667,30,30,,,,,,,,
GX010808.MP4,83.2832,25,45.8333333333333,29.1666666666667,24,,,GX010809.MP4,83.2832,56.4102564102564,25.6410256410256,17.948717948718,39,,,,,,,,,,,GX010811.MP4,83.2832,26.3157894736842,73.6842105263158,0,19,,,GX020808.MP4,83.2832,30,70,0,10,,,GX030808.MP4,83.2832,44.4444444444444,27.7777777777778,27.7777777777778,18,,,,,,,,
GX010808.MP4,83.6836,34.7826086956522,39.1304347826087,26.0869565217391,23,,,GX010809.MP4,83.6836,58.1395348837209,23.2558139534884,18.6046511627907,43,,,,,,,,,,,GX010811.MP4,83.6836,0,75,25,16,,,GX020808.MP4,83.6836,42.1052631578947,47.3684210526316,10.5263157894737,19,,,GX030808.MP4,83.6836,46.4285714285714,21.4285714285714,32.1428571428571,28,,,,,,,,
GX010808.MP4,84.084,11.5384615384615,65.3846153846154,23.0769230769231,26,,,GX010809.MP4,84.084,41.025641025641,56.4102564102564,2.56410256410256,39,,,,,,,,,,,GX010811.MP4,84.084,8.69565217391304,73.9130434782609,17.3913043478261,23,,,GX020808.MP4,84.084,29.4117647058824,52.9411764705882,17.6470588235294,17,,,GX030808.MP4,84.084,40,13.3333333333333,46.6666666666667,15,,,,,,,,
GX010808.MP4,84.4844,33.3333333333333,33.3333333333333,33.3333333333333,21,,,GX010809.MP4,84.4844,69.7674418604651,6.97674418604651,23.2558139534884,43,,,,,,,,,,,GX010811.MP4,84.4844,23.0769230769231,69.2307692307692,7.69230769230769,13,,,GX020808.MP4,84.4844,33.3333333333333,44.4444444444444,22.2222222222222,18,,,GX030808.MP4,84.4844,40,30,30,20,,,,,,,,
GX010808.MP4,84.8848,15,50,35,20,,,GX010809.MP4,84.8848,50,10,40,30,,,,,,,,,,,GX010811.MP4,84.8848,15.7894736842105,57.8947368421053,26.3157894736842,19,,,GX020808.MP4,84.8848,53.8461538461539,46.1538461538462,0,13,,,GX030808.MP4,84.8848,42.8571428571429,23.8095238095238,33.3333333333333,21,,,,,,,,
GX010808.MP4,85.2852,6.89655172413793,48.2758620689655,44.8275862068966,29,,,GX010809.MP4,85.2852,53.125,40.625,6.25,32,,,,,,,,,,,GX010811.MP4,85.2852,26.3157894736842,57.8947368421053,15.7894736842105,19,,,GX020808.MP4,85.2852,42.8571428571429,42.8571428571429,14.2857142857143,28,,,GX030808.MP4,85.2852,50,12.5,37.5,16,,,,,,,,
GX010808.MP4,85.6856,15.3846153846154,53.8461538461539,30.7692307692308,26,,,GX010809.MP4,85.6856,57.8947368421053,3.50877192982456,38.5964912280702,57,,,,,,,,,,,GX010811.MP4,85.6856,31.25,56.25,12.5,16,,,GX020808.MP4,85.6856,40,56,4,25,,,GX030808.MP4,85.6856,57.1428571428571,28.5714285714286,14.2857142857143,14,,,,,,,,
GX010808.MP4,86.086,3.7037037037037,66.6666666666667,29.6296296296296,27,,,GX010809.MP4,86.086,51.5151515151515,30.3030303030303,18.1818181818182,33,,,,,,,,,,,GX010811.MP4,86.086,23.5294117647059,64.7058823529412,11.7647058823529,17,,,GX020808.MP4,86.086,47.8260869565217,43.4782608695652,8.69565217391304,23,,,GX030808.MP4,86.086,41.1764705882353,23.5294117647059,35.2941176470588,17,,,,,,,,
GX010808.MP4,86.4864,13.3333333333333,53.3333333333333,33.3333333333333,30,,,GX010809.MP4,86.4864,65.8536585365854,29.2682926829268,4.87804878048781,41,,,,,,,,,,,GX010811.MP4,86.4864,11.1111111111111,77.7777777777778,11.1111111111111,18,,,GX020808.MP4,86.4864,24,48,28,25,,,GX030808.MP4,86.4864,38.8888888888889,33.3333333333333,27.7777777777778,18,,,,,,,,
GX010808.MP4,86.8868,32,40,28,25,,,GX010809.MP4,86.8868,54.2857142857143,42.8571428571429,2.85714285714286,35,,,,,,,,,,,GX010811.MP4,86.8868,50,44.4444444444444,5.55555555555556,18,,,GX020808.MP4,86.8868,18.1818181818182,72.7272727272727,9.09090909090909,22,,,GX030808.MP4,86.8868,60,25,15,20,,,,,,,,
GX010808.MP4,87.2872,14.8148148148148,55.5555555555556,29.6296296296296,27,,,GX010809.MP4,87.2872,62.8571428571429,34.2857142857143,2.85714285714286,35,,,,,,,,,,,GX010811.MP4,87.2872,37.5,62.5,0,16,,,GX020808.MP4,87.2872,8.33333333333333,58.3333333333333,33.3333333333333,24,,,GX030808.MP4,87.2872,62.962962962963,11.1111111111111,25.9259259259259,27,,,,,,,,
GX010808.MP4,87.6876,18.75,53.125,28.125,32,,,GX010809.MP4,87.6876,65.8536585365854,19.5121951219512,14.6341463414634,41,,,,,,,,,,,GX010811.MP4,87.6876,22.2222222222222,55.5555555555556,22.2222222222222,18,,,GX020808.MP4,87.6876,29.4117647058824,58.8235294117647,11.7647058823529,17,,,GX030808.MP4,87.6876,54.8387096774194,16.1290322580645,29.0322580645161,31,,,,,,,,
GX010808.MP4,88.088,17.8571428571429,57.1428571428571,25,28,,,GX010809.MP4,88.088,33.3333333333333,55.5555555555556,11.1111111111111,45,,,,,,,,,,,GX010811.MP4,88.088,14.2857142857143,80.952380952381,4.76190476190476,21,,,GX020808.MP4,88.088,14.2857142857143,78.5714285714286,7.14285714285714,14,,,GX030808.MP4,88.088,50,29.4117647058824,20.5882352941176,34,,,,,,,,
GX010808.MP4,88.4884,13.7931034482759,58.6206896551724,27.5862068965517,29,,,GX010809.MP4,88.4884,68.421052631579,15.7894736842105,15.7894736842105,38,,,,,,,,,,,GX010811.MP4,88.4884,13.3333333333333,73.3333333333333,13.3333333333333,15,,,GX020808.MP4,88.4884,23.8095238095238,57.1428571428571,19.047619047619,21,,,GX030808.MP4,88.4884,48.1481481481481,25.9259259259259,25.9259259259259,27,,,,,,,,
GX010808.MP4,88.8888,25,50,25,20,,,GX010809.MP4,88.8888,73.5294117647059,14.7058823529412,11.7647058823529,34,,,,,,,,,,,GX010811.MP4,88.8888,5,75,20,20,,,GX020808.MP4,88.8888,23.8095238095238,71.4285714285714,4.76190476190476,21,,,GX030808.MP4,88.8888,55.1724137931034,27.5862068965517,17.2413793103448,29,,,,,,,,
GX010808.MP4,89.2892,15,70,15,20,,,GX010809.MP4,89.2892,78.4313725490196,5.88235294117647,15.6862745098039,51,,,,,,,,,,,GX010811.MP4,89.2892,0,76.9230769230769,23.0769230769231,13,,,GX020808.MP4,89.2892,13.3333333333333,80,6.66666666666667,15,,,GX030808.MP4,89.2892,39.1304347826087,30.4347826086957,30.4347826086957,23,,,,,,,,
GX010808.MP4,89.6896,20,44,36,25,,,GX010809.MP4,89.6896,75,3.84615384615385,21.1538461538462,52,,,,,,,,,,,GX010811.MP4,89.6896,28.5714285714286,42.8571428571429,28.5714285714286,14,,,GX020808.MP4,89.6896,42.8571428571429,47.6190476190476,9.52380952380952,21,,,GX030808.MP4,89.6896,52.1739130434783,21.7391304347826,26.0869565217391,23,,,,,,,,
GX010808.MP4,90.09,31.25,28.125,40.625,32,,,GX010809.MP4,90.09,71.4285714285714,8.16326530612245,20.4081632653061,49,,,,,,,,,,,GX010811.MP4,90.09,16.6666666666667,66.6666666666667,16.6666666666667,18,,,GX020808.MP4,90.09,32.1428571428571,46.4285714285714,21.4285714285714,28,,,GX030808.MP4,90.09,35.7142857142857,21.4285714285714,42.8571428571429,28,,,,,,,,
GX010808.MP4,90.4904,31.8181818181818,45.4545454545455,22.7272727272727,22,,,GX010809.MP4,90.4904,21.9512195121951,34.1463414634146,43.9024390243903,41,,,,,,,,,,,GX010811.MP4,90.4904,0,81.25,18.75,16,,,GX020808.MP4,90.4904,26.6666666666667,40,33.3333333333333,15,,,GX030808.MP4,90.4904,28.5714285714286,57.1428571428571,14.2857142857143,21,,,,,,,,
GX010808.MP4,90.8908,29.6296296296296,40.7407407407407,29.6296296296296,27,,,GX010809.MP4,90.8908,58.4905660377358,7.54716981132076,33.9622641509434,53,,,,,,,,,,,GX010811.MP4,90.8908,0,80,20,5,,,GX020808.MP4,90.8908,42.8571428571429,42.8571428571429,14.2857142857143,21,,,GX030808.MP4,90.8908,50,33.3333333333333,16.6666666666667,18,,,,,,,,
GX010808.MP4,91.2912,12.8205128205128,71.7948717948718,15.3846153846154,39,,,GX010809.MP4,91.2912,43.9024390243903,26.8292682926829,29.2682926829268,41,,,,,,,,,,,GX010811.MP4,91.2912,0,75,25,8,,,GX020808.MP4,91.2912,25,65,10,20,,,GX030808.MP4,91.2912,63.6363636363636,22.7272727272727,13.6363636363636,22,,,,,,,,
GX010808.MP4,91.6916,22.2222222222222,72.2222222222222,5.55555555555556,18,,,GX010809.MP4,91.6916,28.2608695652174,30.4347826086957,41.304347826087,46,,,,,,,,,,,GX010811.MP4,91.6916,12.5,75,12.5,8,,,GX020808.MP4,91.6916,24,52,24,25,,,GX030808.MP4,91.6916,42.8571428571429,39.2857142857143,17.8571428571429,28,,,,,,,,
GX010808.MP4,92.092,21.7391304347826,47.8260869565217,30.4347826086957,23,,,GX010809.MP4,92.092,41.0714285714286,50,8.92857142857143,56,,,,,,,,,,,GX010811.MP4,92.092,0,92.3076923076923,7.69230769230769,13,,,GX020808.MP4,92.092,41.1764705882353,44.1176470588235,14.7058823529412,34,,,GX030808.MP4,92.092,63.6363636363636,27.2727272727273,9.09090909090909,22,,,,,,,,
GX010808.MP4,92.4924,33.3333333333333,0,66.6666666666667,3,,,GX010809.MP4,92.4924,28.2051282051282,71.7948717948718,0,39,,,,,,,,,,,GX010811.MP4,92.4924,0,66.6666666666667,33.3333333333333,3,,,GX020808.MP4,92.4924,47.6190476190476,28.5714285714286,23.8095238095238,21,,,GX030808.MP4,92.4924,64.2857142857143,14.2857142857143,21.4285714285714,28,,,,,,,,
GX010808.MP4,92.8928,20,66.6666666666667,13.3333333333333,15,,,GX010809.MP4,92.8928,46.5116279069767,30.2325581395349,23.2558139534884,43,,,,,,,,,,,GX010811.MP4,92.8928,7.69230769230769,84.6153846153846,7.69230769230769,13,,,GX020808.MP4,92.8928,29.6296296296296,48.1481481481481,22.2222222222222,27,,,GX030808.MP4,92.8928,69.2307692307692,15.3846153846154,15.3846153846154,13,,,,,,,,
GX010808.MP4,93.2932,30.7692307692308,23.0769230769231,46.1538461538462,26,,,GX010809.MP4,93.2932,52.1739130434783,36.9565217391304,10.8695652173913,46,,,,,,,,,,,GX010811.MP4,93.2932,9.52380952380952,57.1428571428571,33.3333333333333,21,,,GX020808.MP4,93.2932,23.3333333333333,66.6666666666667,10,30,,,GX030808.MP4,93.2932,66.6666666666667,11.1111111111111,22.2222222222222,18,,,,,,,,
GX010808.MP4,93.6936,43.3333333333333,43.3333333333333,13.3333333333333,30,,,GX010809.MP4,93.6936,62.2222222222222,26.6666666666667,11.1111111111111,45,,,,,,,,,,,GX010811.MP4,93.6936,33.3333333333333,33.3333333333333,33.3333333333333,3,,,GX020808.MP4,93.6936,26.4705882352941,61.7647058823529,11.7647058823529,34,,,GX030808.MP4,93.6936,61.9047619047619,28.5714285714286,9.52380952380952,21,,,,,,,,
GX010808.MP4,94.094,13.8888888888889,41.6666666666667,44.4444444444444,36,,,GX010809.MP4,94.094,59.5744680851064,31.9148936170213,8.51063829787234,47,,,,,,,,,,,GX010811.MP4,94.094,13.6363636363636,68.1818181818182,18.1818181818182,22,,,GX020808.MP4,94.094,45.4545454545455,40.9090909090909,13.6363636363636,22,,,GX030808.MP4,94.094,55.5555555555556,27.7777777777778,16.6666666666667,18,,,,,,,,
GX010808.MP4,94.4944,19.4444444444444,38.8888888888889,41.6666666666667,36,,,GX010809.MP4,94.4944,75,9.09090909090909,15.9090909090909,44,,,,,,,,,,,GX010811.MP4,94.4944,33.3333333333333,42.8571428571429,23.8095238095238,21,,,GX020808.MP4,94.4944,12,76,12,25,,,GX030808.MP4,94.4944,47.8260869565217,30.4347826086957,21.7391304347826,23,,,,,,,,
GX010808.MP4,94.8948,18.5185185185185,33.3333333333333,48.1481481481481,27,,,GX010809.MP4,94.8948,74,14,12,50,,,,,,,,,,,GX010811.MP4,94.8948,68.75,31.25,0,16,,,GX020808.MP4,94.8948,27.7777777777778,50,22.2222222222222,18,,,GX030808.MP4,94.8948,52.9411764705882,17.6470588235294,29.4117647058824,17,,,,,,,,
GX010808.MP4,95.2952,7.69230769230769,38.4615384615385,53.8461538461539,26,,,GX010809.MP4,95.2952,67.3469387755102,22.4489795918367,10.2040816326531,49,,,,,,,,,,,GX010811.MP4,95.2952,42.8571428571429,57.1428571428571,0,21,,,GX020808.MP4,95.2952,39.1304347826087,23.9130434782609,36.9565217391304,46,,,GX030808.MP4,95.2952,80,6.66666666666667,13.3333333333333,15,,,,,,,,
GX010808.MP4,95.6956,4.76190476190476,76.1904761904762,19.047619047619,21,,,GX010809.MP4,95.6956,72,16,12,50,,,,,,,,,,,GX010811.MP4,95.6956,20,75,5,20,,,GX020808.MP4,95.6956,32.5581395348837,39.5348837209302,27.906976744186,43,,,GX030808.MP4,95.6956,50,27.7777777777778,22.2222222222222,36,,,,,,,,
GX010808.MP4,96.096,11.1111111111111,66.6666666666667,22.2222222222222,9,,,GX010809.MP4,96.096,73.9130434782609,17.3913043478261,8.69565217391304,46,,,,,,,,,,,GX010811.MP4,96.096,60,40,0,5,,,GX020808.MP4,96.096,27.7777777777778,55.5555555555556,16.6666666666667,18,,,GX030808.MP4,96.096,53.5714285714286,21.4285714285714,25,28,,,,,,,,
GX010808.MP4,96.4964,20,60,20,15,,,GX010809.MP4,96.4964,20,70,10,30,,,,,,,,,,,GX010811.MP4,96.4964,30.4347826086957,56.5217391304348,13.0434782608696,23,,,GX020808.MP4,96.4964,11.7647058823529,64.7058823529412,23.5294117647059,17,,,GX030808.MP4,96.4964,48.4848484848485,21.2121212121212,30.3030303030303,33,,,,,,,,
GX010808.MP4,96.8968,48.1481481481481,33.3333333333333,18.5185185185185,27,,,GX010809.MP4,96.8968,59.0909090909091,20.4545454545455,20.4545454545455,44,,,,,,,,,,,GX010811.MP4,96.8968,26.6666666666667,66.6666666666667,6.66666666666667,15,,,GX020808.MP4,96.8968,41.9354838709677,35.4838709677419,22.5806451612903,31,,,GX030808.MP4,96.8968,35,30,35,40,,,,,,,,
GX010808.MP4,97.2972,16.6666666666667,69.4444444444444,13.8888888888889,36,,,GX010809.MP4,97.2972,57.7777777777778,15.5555555555556,26.6666666666667,45,,,,,,,,,,,GX010811.MP4,97.2972,10,40,50,10,,,GX020808.MP4,97.2972,40,40,20,10,,,GX030808.MP4,97.2972,38.7096774193548,35.4838709677419,25.8064516129032,31,,,,,,,,
GX010808.MP4,97.6976,7.31707317073171,92.6829268292683,0,41,,,GX010809.MP4,97.6976,55.8139534883721,34.8837209302326,9.30232558139535,43,,,,,,,,,,,GX010811.MP4,97.6976,46.6666666666667,40,13.3333333333333,15,,,GX020808.MP4,97.6976,28.5714285714286,52.3809523809524,19.047619047619,21,,,GX030808.MP4,97.6976,40,33.3333333333333,26.6666666666667,30,,,,,,,,
GX010808.MP4,98.098,9.375,78.125,12.5,32,,,GX010809.MP4,98.098,32.6086956521739,41.304347826087,26.0869565217391,46,,,,,,,,,,,GX010811.MP4,98.098,50,40,10,10,,,GX020808.MP4,98.098,14.2857142857143,42.8571428571429,42.8571428571429,7,,,GX030808.MP4,98.098,42.5,27.5,30,40,,,,,,,,
GX010808.MP4,98.4984,36.3636363636364,54.5454545454545,9.09090909090909,11,,,GX010809.MP4,98.4984,46.6666666666667,40,13.3333333333333,45,,,,,,,,,,,GX010811.MP4,98.4984,50,50,0,14,,,GX020808.MP4,98.4984,45.8333333333333,25,29.1666666666667,24,,,GX030808.MP4,98.4984,45.2380952380952,28.5714285714286,26.1904761904762,42,,,,,,,,
GX010808.MP4,98.8988,19.2307692307692,26.9230769230769,53.8461538461539,26,,,GX010809.MP4,98.8988,60.4651162790698,18.6046511627907,20.9302325581395,43,,,,,,,,,,,GX010811.MP4,98.8988,27.7777777777778,38.8888888888889,33.3333333333333,18,,,GX020808.MP4,98.8988,27.7777777777778,58.3333333333333,13.8888888888889,36,,,GX030808.MP4,98.8988,51.1111111111111,33.3333333333333,15.5555555555556,45,,,,,,,,
GX010808.MP4,99.2992,16.6666666666667,22.2222222222222,61.1111111111111,36,,,GX010809.MP4,99.2992,21.5686274509804,64.7058823529412,13.7254901960784,51,,,,,,,,,,,GX010811.MP4,99.2992,27.2727272727273,54.5454545454545,18.1818181818182,22,,,GX020808.MP4,99.2992,47.3684210526316,31.5789473684211,21.0526315789474,19,,,GX030808.MP4,99.2992,32.4324324324324,40.5405405405405,27.027027027027,37,,,,,,,,
GX010808.MP4,99.6996,27.7777777777778,11.1111111111111,61.1111111111111,18,,,GX010809.MP4,99.6996,26.6666666666667,64.4444444444444,8.88888888888889,45,,,,,,,,,,,GX010811.MP4,99.6996,29.4117647058824,64.7058823529412,5.88235294117647,17,,,GX020808.MP4,99.6996,36.8421052631579,31.5789473684211,31.5789473684211,19,,,GX030808.MP4,99.6996,32.3529411764706,52.9411764705882,14.7058823529412,34,,,,,,,,
GX010808.MP4,100.1,36.3636363636364,18.1818181818182,45.4545454545455,11,,,GX010809.MP4,100.1,29.1666666666667,50,20.8333333333333,48,,,,,,,,,,,GX010811.MP4,100.1,12.5,12.5,75,8,,,GX020808.MP4,100.1,38.0952380952381,33.3333333333333,28.5714285714286,21,,,GX030808.MP4,100.1,30.7692307692308,48.7179487179487,20.5128205128205,39,,,,,,,,
GX010808.MP4,100.5004,55.5555555555556,0,44.4444444444444,9,,,GX010809.MP4,100.5004,73.9130434782609,21.7391304347826,4.34782608695652,23,,,,,,,,,,,GX010811.MP4,100.5004,31.5789473684211,36.8421052631579,31.5789473684211,19,,,GX020808.MP4,100.5004,40,40,20,20,,,GX030808.MP4,100.5004,45.4545454545455,38.6363636363636,15.9090909090909,44,,,,,,,,
GX010808.MP4,100.9008,8,56,36,25,,,GX010809.MP4,100.9008,79.4117647058824,17.6470588235294,2.94117647058824,34,,,,,,,,,,,GX010811.MP4,100.9008,26.6666666666667,53.3333333333333,20,15,,,GX020808.MP4,100.9008,35,40,25,20,,,GX030808.MP4,100.9008,39.5348837209302,46.5116279069767,13.953488372093,43,,,,,,,,
GX010808.MP4,101.3012,9.52380952380952,52.3809523809524,38.0952380952381,21,,,GX010809.MP4,101.3012,66.6666666666667,30,3.33333333333333,30,,,,,,,,,,,GX010811.MP4,101.3012,46.6666666666667,40,13.3333333333333,15,,,GX020808.MP4,101.3012,37.5,25,37.5,8,,,GX030808.MP4,101.3012,54.0540540540541,43.2432432432432,2.7027027027027,37,,,,,,,,
GX010808.MP4,101.7016,8,44,48,25,,,GX010809.MP4,101.7016,45.4545454545455,27.2727272727273,27.2727272727273,44,,,,,,,,,,,GX010811.MP4,101.7016,37.037037037037,44.4444444444444,18.5185185185185,27,,,GX020808.MP4,101.7016,33.3333333333333,33.3333333333333,33.3333333333333,9,,,GX030808.MP4,101.7016,34.1463414634146,48.7804878048781,17.0731707317073,41,,,,,,,,
GX010808.MP4,102.102,50,30,20,30,,,GX010809.MP4,102.102,48.5714285714286,40,11.4285714285714,35,,,,,,,,,,,GX010811.MP4,102.102,56,20,24,25,,,GX020808.MP4,102.102,27.2727272727273,45.4545454545455,27.2727272727273,22,,,GX030808.MP4,102.102,50,27.7777777777778,22.2222222222222,36,,,,,,,,
GX010808.MP4,102.5024,52.3809523809524,38.0952380952381,9.52380952380952,21,,,GX010809.MP4,102.5024,58.1395348837209,27.906976744186,13.953488372093,43,,,,,,,,,,,GX010811.MP4,102.5024,53.8461538461539,30.7692307692308,15.3846153846154,13,,,GX020808.MP4,102.5024,39.1304347826087,39.1304347826087,21.7391304347826,23,,,GX030808.MP4,102.5024,76.4705882352941,17.6470588235294,5.88235294117647,34,,,,,,,,
GX010808.MP4,102.9028,14.7058823529412,73.5294117647059,11.7647058823529,34,,,GX010809.MP4,102.9028,53.8461538461539,40.3846153846154,5.76923076923077,52,,,,,,,,,,,GX010811.MP4,102.9028,58.8235294117647,29.4117647058824,11.7647058823529,17,,,GX020808.MP4,102.9028,44.4444444444444,27.7777777777778,27.7777777777778,18,,,GX030808.MP4,102.9028,75.7575757575758,18.1818181818182,6.06060606060606,33,,,,,,,,
GX010808.MP4,103.3032,24.3243243243243,59.4594594594595,16.2162162162162,37,,,GX010809.MP4,103.3032,59.6774193548387,24.1935483870968,16.1290322580645,62,,,,,,,,,,,GX010811.MP4,103.3032,47.0588235294118,35.2941176470588,17.6470588235294,17,,,GX020808.MP4,103.3032,30.7692307692308,53.8461538461539,15.3846153846154,26,,,GX030808.MP4,103.3032,85.7142857142857,7.14285714285714,7.14285714285714,28,,,,,,,,
GX010808.MP4,103.7036,34.7826086956522,43.4782608695652,21.7391304347826,23,,,GX010809.MP4,103.7036,61.2244897959184,28.5714285714286,10.2040816326531,49,,,,,,,,,,,GX010811.MP4,103.7036,66.6666666666667,27.7777777777778,5.55555555555556,18,,,GX020808.MP4,103.7036,37.5,56.25,6.25,16,,,GX030808.MP4,103.7036,53.5714285714286,32.1428571428571,14.2857142857143,28,,,,,,,,
GX010808.MP4,104.104,35,45,20,20,,,GX010809.MP4,104.104,63.8297872340426,27.6595744680851,8.51063829787234,47,,,,,,,,,,,GX010811.MP4,104.104,76.9230769230769,15.3846153846154,7.69230769230769,13,,,GX020808.MP4,104.104,28.5714285714286,64.2857142857143,7.14285714285714,14,,,GX030808.MP4,104.104,34.375,37.5,28.125,32,,,,,,,,
GX010808.MP4,104.5044,50,14.2857142857143,35.7142857142857,14,,,GX010809.MP4,104.5044,66.6666666666667,27.0833333333333,6.25,48,,,,,,,,,,,GX010811.MP4,104.5044,72.7272727272727,18.1818181818182,9.09090909090909,11,,,GX020808.MP4,104.5044,17.2413793103448,65.5172413793104,17.2413793103448,29,,,GX030808.MP4,104.5044,40,26.6666666666667,33.3333333333333,30,,,,,,,,
GX010808.MP4,104.9048,30,40,30,20,,,GX010809.MP4,104.9048,56.25,22.9166666666667,20.8333333333333,48,,,,,,,,,,,GX010811.MP4,104.9048,72.2222222222222,22.2222222222222,5.55555555555556,18,,,GX020808.MP4,104.9048,48.6486486486487,40.5405405405405,10.8108108108108,37,,,GX030808.MP4,104.9048,43.2432432432432,29.7297297297297,27.027027027027,37,,,,,,,,
GX010808.MP4,105.3052,26.3157894736842,68.421052631579,5.26315789473684,19,,,GX010809.MP4,105.3052,44.6428571428571,42.8571428571429,12.5,56,,,,,,,,,,,GX010811.MP4,105.3052,35.2941176470588,64.7058823529412,0,17,,,GX020808.MP4,105.3052,18.75,78.125,3.125,32,,,GX030808.MP4,105.3052,34.375,37.5,28.125,32,,,,,,,,
GX010808.MP4,105.7056,30,60,10,10,,,GX010809.MP4,105.7056,64.1791044776119,2.98507462686567,32.8358208955224,67,,,,,,,,,,,GX010811.MP4,105.7056,52.3809523809524,33.3333333333333,14.2857142857143,21,,,GX020808.MP4,105.7056,47.6190476190476,40.4761904761905,11.9047619047619,42,,,GX030808.MP4,105.7056,45.4545454545455,21.2121212121212,33.3333333333333,33,,,,,,,,
GX010808.MP4,106.106,25,50,25,8,,,GX010809.MP4,106.106,48.3870967741936,25.8064516129032,25.8064516129032,31,,,,,,,,,,,GX010811.MP4,106.106,40,33.3333333333333,26.6666666666667,15,,,GX020808.MP4,106.106,55.8139534883721,39.5348837209302,4.65116279069768,43,,,GX030808.MP4,106.106,54.8387096774194,25.8064516129032,19.3548387096774,31,,,,,,,,
GX010808.MP4,106.5064,33.3333333333333,46.6666666666667,20,15,,,GX010809.MP4,106.5064,47.2222222222222,30.5555555555556,22.2222222222222,36,,,,,,,,,,,GX010811.MP4,106.5064,64.2857142857143,35.7142857142857,0,14,,,GX020808.MP4,106.5064,50,40.4761904761905,9.52380952380952,42,,,GX030808.MP4,106.5064,36.1111111111111,50,13.8888888888889,36,,,,,,,,
GX010808.MP4,106.9068,40,30,30,30,,,GX010809.MP4,106.9068,40.5405405405405,40.5405405405405,18.9189189189189,37,,,,,,,,,,,GX010811.MP4,106.9068,50,10,40,10,,,GX020808.MP4,106.9068,56,40,4,25,,,GX030808.MP4,106.9068,35.8974358974359,51.2820512820513,12.8205128205128,39,,,,,,,,
GX010808.MP4,107.3072,36.6666666666667,40,23.3333333333333,30,,,GX010809.MP4,107.3072,25,37.5,37.5,32,,,,,,,,,,,GX010811.MP4,107.3072,41.1764705882353,41.1764705882353,17.6470588235294,17,,,GX020808.MP4,107.3072,47.8260869565217,47.8260869565217,4.34782608695652,23,,,GX030808.MP4,107.3072,52.5,30,17.5,40,,,,,,,,
GX010808.MP4,107.7076,9.52380952380952,23.8095238095238,66.6666666666667,21,,,GX010809.MP4,107.7076,40.5405405405405,32.4324324324324,27.027027027027,37,,,,,,,,,,,GX010811.MP4,107.7076,50,28.5714285714286,21.4285714285714,14,,,GX020808.MP4,107.7076,69.5652173913043,21.7391304347826,8.69565217391304,23,,,GX030808.MP4,107.7076,33.3333333333333,38.8888888888889,27.7777777777778,36,,,,,,,,
GX010808.MP4,108.108,55.1724137931034,27.5862068965517,17.2413793103448,29,,,GX010809.MP4,108.108,29.8245614035088,64.9122807017544,5.26315789473684,57,,,,,,,,,,,GX010811.MP4,108.108,59.0909090909091,27.2727272727273,13.6363636363636,22,,,GX020808.MP4,108.108,57.6923076923077,34.6153846153846,7.69230769230769,26,,,GX030808.MP4,108.108,28.5714285714286,3.57142857142857,67.8571428571429,28,,,,,,,,
GX010808.MP4,108.5084,12.1212121212121,81.8181818181818,6.06060606060606,33,,,GX010809.MP4,108.5084,26.7857142857143,64.2857142857143,8.92857142857143,56,,,,,,,,,,,GX010811.MP4,108.5084,50,12.5,37.5,16,,,GX020808.MP4,108.5084,29.7297297297297,48.6486486486487,21.6216216216216,37,,,GX030808.MP4,108.5084,47.3684210526316,15.7894736842105,36.8421052631579,38,,,,,,,,
GX010808.MP4,108.9088,5.55555555555556,72.2222222222222,22.2222222222222,18,,,GX010809.MP4,108.9088,37.5,57.1428571428571,5.35714285714286,56,,,,,,,,,,,GX010811.MP4,108.9088,47.0588235294118,29.4117647058824,23.5294117647059,17,,,GX020808.MP4,108.9088,32.1428571428571,46.4285714285714,21.4285714285714,28,,,GX030808.MP4,108.9088,33.3333333333333,36.3636363636364,30.3030303030303,33,,,,,,,,
GX010808.MP4,109.3092,8,72,20,25,,,GX010809.MP4,109.3092,38.4615384615385,53.8461538461539,7.69230769230769,52,,,,,,,,,,,GX010811.MP4,109.3092,55.5555555555556,44.4444444444444,0,9,,,GX020808.MP4,109.3092,53.125,40.625,6.25,32,,,GX030808.MP4,109.3092,39.2857142857143,25,35.7142857142857,28,,,,,,,,
GX010808.MP4,109.7096,0,77.7777777777778,22.2222222222222,9,,,GX010809.MP4,109.7096,71.4285714285714,2.85714285714286,25.7142857142857,35,,,,,,,,,,,GX010811.MP4,109.7096,60,40,0,10,,,GX020808.MP4,109.7096,43.75,56.25,0,32,,,GX030808.MP4,109.7096,58.6206896551724,17.2413793103448,24.1379310344828,29,,,,,,,,
GX010808.MP4,110.11,31.8181818181818,18.1818181818182,50,22,,,GX010809.MP4,110.11,58.6206896551724,27.5862068965517,13.7931034482759,29,,,,,,,,,,,GX010811.MP4,110.11,27.2727272727273,45.4545454545455,27.2727272727273,11,,,GX020808.MP4,110.11,25,70.8333333333333,4.16666666666667,24,,,GX030808.MP4,110.11,43.75,21.875,34.375,32,,,,,,,,
GX010808.MP4,110.5104,17.2413793103448,37.9310344827586,44.8275862068966,29,,,GX010809.MP4,110.5104,53.7037037037037,18.5185185185185,27.7777777777778,54,,,,,,,,,,,GX010811.MP4,110.5104,28.5714285714286,50,21.4285714285714,14,,,GX020808.MP4,110.5104,34.4827586206897,58.6206896551724,6.89655172413793,29,,,GX030808.MP4,110.5104,32,32,36,25,,,,,,,,
GX010808.MP4,110.9108,23.0769230769231,53.8461538461539,23.0769230769231,26,,,GX010809.MP4,110.9108,76.1904761904762,12.6984126984127,11.1111111111111,63,,,,,,,,,,,GX010811.MP4,110.9108,7.69230769230769,61.5384615384615,30.7692307692308,13,,,GX020808.MP4,110.9108,42.8571428571429,38.0952380952381,19.047619047619,21,,,GX030808.MP4,110.9108,33.3333333333333,29.6296296296296,37.037037037037,27,,,,,,,,
GX010808.MP4,111.3112,26.4705882352941,50,23.5294117647059,34,,,GX010809.MP4,111.3112,81.0344827586207,10.3448275862069,8.62068965517242,58,,,,,,,,,,,GX010811.MP4,111.3112,54.5454545454545,45.4545454545455,0,11,,,GX020808.MP4,111.3112,33.3333333333333,43.3333333333333,23.3333333333333,30,,,GX030808.MP4,111.3112,52.1739130434783,26.0869565217391,21.7391304347826,23,,,,,,,,
GX010808.MP4,111.7116,21.7391304347826,39.1304347826087,39.1304347826087,23,,,GX010809.MP4,111.7116,70.1754385964912,5.26315789473684,24.5614035087719,57,,,,,,,,,,,GX010811.MP4,111.7116,7.69230769230769,53.8461538461539,38.4615384615385,13,,,GX020808.MP4,111.7116,45.1612903225806,38.7096774193548,16.1290322580645,31,,,GX030808.MP4,111.7116,79.1666666666667,8.33333333333333,12.5,24,,,,,,,,
GX010808.MP4,112.112,20.6896551724138,44.8275862068966,34.4827586206897,29,,,GX010809.MP4,112.112,59.0909090909091,27.2727272727273,13.6363636363636,44,,,,,,,,,,,GX010811.MP4,112.112,42.1052631578947,47.3684210526316,10.5263157894737,19,,,GX020808.MP4,112.112,41.6666666666667,45.8333333333333,12.5,24,,,GX030808.MP4,112.112,75.8620689655172,13.7931034482759,10.3448275862069,29,,,,,,,,
GX010808.MP4,112.5124,6.66666666666667,86.6666666666667,6.66666666666667,30,,,GX010809.MP4,112.5124,66.0377358490566,22.6415094339623,11.3207547169811,53,,,,,,,,,,,GX010811.MP4,112.5124,57.1428571428571,21.4285714285714,21.4285714285714,14,,,GX020808.MP4,112.5124,38.8888888888889,50,11.1111111111111,36,,,GX030808.MP4,112.5124,37.037037037037,33.3333333333333,29.6296296296296,27,,,,,,,,
GX010808.MP4,112.9128,5.88235294117647,91.1764705882353,2.94117647058824,34,,,GX010809.MP4,112.9128,20.3125,62.5,17.1875,64,,,,,,,,,,,GX010811.MP4,112.9128,50,50,0,14,,,GX020808.MP4,112.9128,31.0344827586207,48.2758620689655,20.6896551724138,29,,,GX030808.MP4,112.9128,41.9354838709677,32.258064516129,25.8064516129032,31,,,,,,,,
GX010808.MP4,113.3132,10.5263157894737,89.4736842105263,0,19,,,GX010809.MP4,113.3132,41.1764705882353,47.0588235294118,11.7647058823529,51,,,,,,,,,,,GX010811.MP4,113.3132,0,100,0,13,,,GX020808.MP4,113.3132,41.6666666666667,47.2222222222222,11.1111111111111,36,,,GX030808.MP4,113.3132,40.625,37.5,21.875,32,,,,,,,,
GX010808.MP4,113.7136,7.40740740740741,88.8888888888889,3.7037037037037,27,,,GX010809.MP4,113.7136,55.5555555555556,29.6296296296296,14.8148148148148,27,,,,,,,,,,,GX010811.MP4,113.7136,29.4117647058824,35.2941176470588,35.2941176470588,17,,,GX020808.MP4,113.7136,50,40,10,20,,,GX030808.MP4,113.7136,59.2592592592593,18.5185185185185,22.2222222222222,27,,,,,,,,
GX010808.MP4,114.114,25,65,10,20,,,GX010809.MP4,114.114,85.7142857142857,10.7142857142857,3.57142857142857,28,,,,,,,,,,,GX010811.MP4,114.114,47.0588235294118,23.5294117647059,29.4117647058824,17,,,GX020808.MP4,114.114,21.7391304347826,65.2173913043478,13.0434782608696,23,,,GX030808.MP4,114.114,53.8461538461539,7.69230769230769,38.4615384615385,26,,,,,,,,
GX010808.MP4,114.5144,36.3636363636364,45.4545454545455,18.1818181818182,11,,,GX010809.MP4,114.5144,65.3846153846154,30.7692307692308,3.84615384615385,26,,,,,,,,,,,GX010811.MP4,114.5144,72.2222222222222,22.2222222222222,5.55555555555556,18,,,GX020808.MP4,114.5144,35.7142857142857,42.8571428571429,21.4285714285714,28,,,GX030808.MP4,114.5144,64.5161290322581,16.1290322580645,19.3548387096774,31,,,,,,,,
GX010808.MP4,114.9148,44.4444444444444,11.1111111111111,44.4444444444444,9,,,GX010809.MP4,114.9148,60,28.5714285714286,11.4285714285714,35,,,,,,,,,,,GX010811.MP4,114.9148,36.3636363636364,36.3636363636364,27.2727272727273,11,,,GX020808.MP4,114.9148,42.8571428571429,46.4285714285714,10.7142857142857,28,,,GX030808.MP4,114.9148,54.8387096774194,29.0322580645161,16.1290322580645,31,,,,,,,,
GX010808.MP4,115.3152,30.7692307692308,46.1538461538462,23.0769230769231,26,,,GX010809.MP4,115.3152,79.3103448275862,20.6896551724138,0,29,,,,,,,,,,,GX010811.MP4,115.3152,83.3333333333333,16.6666666666667,0,12,,,GX020808.MP4,115.3152,25,55,20,20,,,GX030808.MP4,115.3152,50,30,20,30,,,,,,,,
GX010808.MP4,115.7156,20,53.3333333333333,26.6666666666667,15,,,GX010809.MP4,115.7156,76.1904761904762,19.047619047619,4.76190476190476,21,,,,,,,,,,,GX010811.MP4,115.7156,76.9230769230769,23.0769230769231,0,13,,,GX020808.MP4,115.7156,45.4545454545455,45.4545454545455,9.09090909090909,22,,,GX030808.MP4,115.7156,16.6666666666667,63.8888888888889,19.4444444444444,36,,,,,,,,
GX010808.MP4,116.116,6.25,87.5,6.25,16,,,GX010809.MP4,116.116,47.2727272727273,12.7272727272727,40,55,,,,,,,,,,,GX010811.MP4,116.116,33.3333333333333,60,6.66666666666667,15,,,GX020808.MP4,116.116,55.1724137931034,41.3793103448276,3.44827586206897,29,,,GX030808.MP4,116.116,27.027027027027,67.5675675675676,5.40540540540541,37,,,,,,,,
GX010808.MP4,116.5164,21.4285714285714,71.4285714285714,7.14285714285714,14,,,GX010809.MP4,116.5164,52.7272727272727,14.5454545454545,32.7272727272727,55,,,,,,,,,,,GX010811.MP4,116.5164,72.7272727272727,27.2727272727273,0,11,,,GX020808.MP4,116.5164,50,33.3333333333333,16.6666666666667,24,,,GX030808.MP4,116.5164,60,28,12,25,,,,,,,,
GX010808.MP4,116.9168,9.09090909090909,81.8181818181818,9.09090909090909,11,,,GX010809.MP4,116.9168,25,67.8571428571429,7.14285714285714,56,,,,,,,,,,,GX010811.MP4,116.9168,71.4285714285714,14.2857142857143,14.2857142857143,14,,,GX020808.MP4,116.9168,45.4545454545455,36.3636363636364,18.1818181818182,22,,,GX030808.MP4,116.9168,48.7804878048781,19.5121951219512,31.7073170731707,41,,,,,,,,
GX010808.MP4,117.3172,12.5,25,62.5,8,,,GX010809.MP4,117.3172,43.3333333333333,30,26.6666666666667,30,,,,,,,,,,,GX010811.MP4,117.3172,41.6666666666667,16.6666666666667,41.6666666666667,12,,,GX020808.MP4,117.3172,34.7826086956522,52.1739130434783,13.0434782608696,23,,,GX030808.MP4,117.3172,75,9.375,15.625,32,,,,,,,,
GX010808.MP4,117.7176,0,77.7777777777778,22.2222222222222,9,,,GX010809.MP4,117.7176,34.0425531914894,57.4468085106383,8.51063829787234,47,,,,,,,,,,,GX010811.MP4,117.7176,70,20,10,10,,,GX020808.MP4,117.7176,29.6296296296296,55.5555555555556,14.8148148148148,27,,,GX030808.MP4,117.7176,54.2857142857143,22.8571428571429,22.8571428571429,35,,,,,,,,
GX010808.MP4,118.118,42.8571428571429,28.5714285714286,28.5714285714286,7,,,GX010809.MP4,118.118,66.6666666666667,18.75,14.5833333333333,48,,,,,,,,,,,GX010811.MP4,118.118,53.8461538461539,46.1538461538462,0,13,,,GX020808.MP4,118.118,38.4615384615385,51.2820512820513,10.2564102564103,39,,,GX030808.MP4,118.118,54.8387096774194,22.5806451612903,22.5806451612903,31,,,,,,,,
GX010808.MP4,118.5184,14.8148148148148,25.9259259259259,59.2592592592593,27,,,GX010809.MP4,118.5184,56.25,37.5,6.25,32,,,,,,,,,,,GX010811.MP4,118.5184,20,53.3333333333333,26.6666666666667,15,,,GX020808.MP4,118.5184,34.375,40.625,25,32,,,GX030808.MP4,118.5184,63.3333333333333,16.6666666666667,20,30,,,,,,,,
GX010808.MP4,118.9188,17.6470588235294,35.2941176470588,47.0588235294118,17,,,GX010809.MP4,118.9188,50,23.0769230769231,26.9230769230769,26,,,,,,,,,,,GX010811.MP4,118.9188,40,40,20,10,,,GX020808.MP4,118.9188,48.4848484848485,36.3636363636364,15.1515151515152,33,,,GX030808.MP4,118.9188,64.8648648648649,24.3243243243243,10.8108108108108,37,,,,,,,,
GX010808.MP4,119.3192,17.8571428571429,42.8571428571429,39.2857142857143,28,,,GX010809.MP4,119.3192,63.4146341463415,14.6341463414634,21.9512195121951,41,,,,,,,,,,,GX010811.MP4,119.3192,33.3333333333333,37.037037037037,29.6296296296296,27,,,GX020808.MP4,119.3192,41.3793103448276,51.7241379310345,6.89655172413793,29,,,GX030808.MP4,119.3192,35.4838709677419,29.0322580645161,35.4838709677419,31,,,,,,,,
GX010808.MP4,119.7196,45.945945945946,45.945945945946,8.10810810810811,37,,,GX010809.MP4,119.7196,53.1914893617021,21.2765957446809,25.531914893617,47,,,,,,,,,,,GX010811.MP4,119.7196,50,42.8571428571429,7.14285714285714,14,,,GX020808.MP4,119.7196,40,50,10,40,,,GX030808.MP4,119.7196,22.2222222222222,37.037037037037,40.7407407407407,27,,,,,,,,
GX010808.MP4,120.12,12.5,83.3333333333333,4.16666666666667,24,,,GX010809.MP4,120.12,60.8695652173913,10.8695652173913,28.2608695652174,46,,,,,,,,,,,GX010811.MP4,120.12,26.6666666666667,66.6666666666667,6.66666666666667,15,,,GX020808.MP4,120.12,50,34.6153846153846,15.3846153846154,26,,,GX030808.MP4,120.12,50,16.6666666666667,33.3333333333333,30,,,,,,,,
GX010808.MP4,120.5204,46.875,9.375,43.75,32,,,GX010809.MP4,120.5204,68.0851063829787,12.7659574468085,19.1489361702128,47,,,,,,,,,,,GX010811.MP4,120.5204,9.09090909090909,45.4545454545455,45.4545454545455,11,,,GX020808.MP4,120.5204,22.7272727272727,63.6363636363636,13.6363636363636,22,,,GX030808.MP4,120.5204,59.375,18.75,21.875,32,,,,,,,,
GX010808.MP4,120.9208,36.3636363636364,39.3939393939394,24.2424242424242,33,,,GX010809.MP4,120.9208,66.6666666666667,7.84313725490196,25.4901960784314,51,,,,,,,,,,,GX010811.MP4,120.9208,25,62.5,12.5,8,,,GX020808.MP4,120.9208,11.1111111111111,66.6666666666667,22.2222222222222,27,,,GX030808.MP4,120.9208,61.1111111111111,22.2222222222222,16.6666666666667,36,,,,,,,,
GX010808.MP4,121.3212,25,45.8333333333333,29.1666666666667,24,,,GX010809.MP4,121.3212,25.9259259259259,48.1481481481481,25.9259259259259,27,,,,,,,,,,,GX010811.MP4,121.3212,0,90,10,10,,,GX020808.MP4,121.3212,30.7692307692308,46.1538461538462,23.0769230769231,13,,,GX030808.MP4,121.3212,62.8571428571429,20,17.1428571428571,35,,,,,,,,
GX010808.MP4,121.7216,26.0869565217391,39.1304347826087,34.7826086956522,23,,,GX010809.MP4,121.7216,62.0689655172414,18.9655172413793,18.9655172413793,58,,,,,,,,,,,GX010811.MP4,121.7216,45.4545454545455,36.3636363636364,18.1818181818182,11,,,GX020808.MP4,121.7216,100,0,0,1,,,GX030808.MP4,121.7216,53.3333333333333,23.3333333333333,23.3333333333333,30,,,,,,,,
GX010808.MP4,122.122,20,28,52,25,,,GX010809.MP4,122.122,74.6031746031746,23.8095238095238,1.58730158730159,63,,,,,,,,,,,GX010811.MP4,122.122,21.0526315789474,15.7894736842105,63.1578947368421,19,,,GX020808.MP4,122.122,0,100,0,2,,,GX030808.MP4,122.122,44.1176470588235,41.1764705882353,14.7058823529412,34,,,,,,,,
GX010808.MP4,122.5224,28.5714285714286,33.3333333333333,38.0952380952381,21,,,GX010809.MP4,122.5224,7.69230769230769,92.3076923076923,0,13,,,,,,,,,,,GX010811.MP4,122.5224,27.2727272727273,72.7272727272727,0,11,,,GX020808.MP4,122.5224,27.2727272727273,36.3636363636364,36.3636363636364,11,,,GX030808.MP4,122.5224,42.8571428571429,28.5714285714286,28.5714285714286,35,,,,,,,,
GX010808.MP4,122.9228,80,20,0,5,,,GX010809.MP4,122.9228,0,0,0,0,,,,,,,,,,,GX010811.MP4,122.9228,33.3333333333333,26.6666666666667,40,15,,,GX020808.MP4,122.9228,20,40,40,10,,,GX030808.MP4,122.9228,41.9354838709677,32.258064516129,25.8064516129032,31,,,,,,,,
GX010808.MP4,123.3232,10.5263157894737,84.2105263157895,5.26315789473684,38,,,GX010809.MP4,123.3232,23.8095238095238,42.8571428571429,33.3333333333333,21,,,,,,,,,,,GX010811.MP4,123.3232,63.6363636363636,27.2727272727273,9.09090909090909,22,,,GX020808.MP4,123.3232,22.7272727272727,63.6363636363636,13.6363636363636,22,,,GX030808.MP4,123.3232,37.9310344827586,48.2758620689655,13.7931034482759,29,,,,,,,,
GX010808.MP4,123.7236,4.54545454545455,81.8181818181818,13.6363636363636,22,,,GX010809.MP4,123.7236,42.8571428571429,50,7.14285714285714,14,,,,,,,,,,,GX010811.MP4,123.7236,28.5714285714286,19.047619047619,52.3809523809524,21,,,GX020808.MP4,123.7236,30.7692307692308,30.7692307692308,38.4615384615385,13,,,GX030808.MP4,123.7236,29.4117647058824,41.1764705882353,29.4117647058824,34,,,,,,,,
GX010808.MP4,124.124,55,35,10,20,,,GX010809.MP4,124.124,52.6315789473684,26.3157894736842,21.0526315789474,19,,,,,,,,,,,GX010811.MP4,124.124,10,70,20,10,,,GX020808.MP4,124.124,21.4285714285714,57.1428571428571,21.4285714285714,14,,,GX030808.MP4,124.124,45.4545454545455,33.3333333333333,21.2121212121212,33,,,,,,,,
GX010808.MP4,124.5244,23.0769230769231,46.1538461538462,30.7692307692308,13,,,GX010809.MP4,124.5244,62.5,3.125,34.375,32,,,,,,,,,,,GX010811.MP4,124.5244,45.4545454545455,36.3636363636364,18.1818181818182,11,,,GX020808.MP4,124.5244,56.25,25,18.75,16,,,GX030808.MP4,124.5244,38.4615384615385,53.8461538461539,7.69230769230769,26,,,,,,,,
GX010808.MP4,124.9248,34.7826086956522,56.5217391304348,8.69565217391304,23,,,GX010809.MP4,124.9248,16.6666666666667,50,33.3333333333333,18,,,,,,,,,,,GX010811.MP4,124.9248,88.8888888888889,0,11.1111111111111,9,,,GX020808.MP4,124.9248,32.3529411764706,50,17.6470588235294,34,,,GX030808.MP4,124.9248,29.1666666666667,50,20.8333333333333,24,,,,,,,,
GX010808.MP4,125.3252,28.125,50,21.875,32,,,GX010809.MP4,125.3252,58.0645161290323,12.9032258064516,29.0322580645161,31,,,,,,,,,,,GX010811.MP4,125.3252,66.6666666666667,33.3333333333333,0,12,,,GX020808.MP4,125.3252,20.6896551724138,58.6206896551724,20.6896551724138,29,,,GX030808.MP4,125.3252,31.0344827586207,41.3793103448276,27.5862068965517,29,,,,,,,,
GX010808.MP4,125.7256,14.2857142857143,46.4285714285714,39.2857142857143,28,,,GX010809.MP4,125.7256,69.0909090909091,25.4545454545455,5.45454545454545,55,,,,,,,,,,,GX010811.MP4,125.7256,40,60,0,10,,,GX020808.MP4,125.7256,33.3333333333333,46.6666666666667,20,15,,,GX030808.MP4,125.7256,31.8181818181818,31.8181818181818,36.3636363636364,22,,,,,,,,
GX010808.MP4,126.126,30.7692307692308,46.1538461538462,23.0769230769231,13,,,GX010809.MP4,126.126,84.2105263157895,15.7894736842105,0,19,,,,,,,,,,,GX010811.MP4,126.126,33.3333333333333,40,26.6666666666667,15,,,GX020808.MP4,126.126,26.9230769230769,46.1538461538462,26.9230769230769,26,,,GX030808.MP4,126.126,43.3333333333333,26.6666666666667,30,30,,,,,,,,
GX010808.MP4,126.5264,18.75,68.75,12.5,16,,,GX010809.MP4,126.5264,68.75,21.875,9.375,32,,,,,,,,,,,GX010811.MP4,126.5264,57.1428571428571,28.5714285714286,14.2857142857143,14,,,GX020808.MP4,126.5264,29.1666666666667,50,20.8333333333333,24,,,GX030808.MP4,126.5264,47.3684210526316,26.3157894736842,26.3157894736842,38,,,,,,,,
GX010808.MP4,126.9268,41.1764705882353,41.1764705882353,17.6470588235294,17,,,GX010809.MP4,126.9268,50,38.8888888888889,11.1111111111111,18,,,,,,,,,,,GX010811.MP4,126.9268,68.75,6.25,25,16,,,GX020808.MP4,126.9268,25,56.25,18.75,16,,,GX030808.MP4,126.9268,59.375,25,15.625,32,,,,,,,,
GX010808.MP4,127.3272,50,26.9230769230769,23.0769230769231,26,,,GX010809.MP4,127.3272,66.6666666666667,33.3333333333333,0,3,,,,,,,,,,,GX010811.MP4,127.3272,61.5384615384615,38.4615384615385,0,13,,,GX020808.MP4,127.3272,40,20,40,10,,,GX030808.MP4,127.3272,56.6666666666667,23.3333333333333,20,30,,,,,,,,
GX010808.MP4,127.7276,54.1666666666667,20.8333333333333,25,24,,,GX010809.MP4,127.7276,75,8.33333333333333,16.6666666666667,24,,,,,,,,,,,GX010811.MP4,127.7276,46.6666666666667,26.6666666666667,26.6666666666667,15,,,GX020808.MP4,127.7276,36.3636363636364,45.4545454545455,18.1818181818182,33,,,GX030808.MP4,127.7276,57.1428571428571,8.57142857142857,34.2857142857143,35,,,,,,,,
GX010808.MP4,128.128,50,37.5,12.5,16,,,GX010809.MP4,128.128,62.2222222222222,13.3333333333333,24.4444444444444,45,,,,,,,,,,,GX010811.MP4,128.128,43.75,43.75,12.5,16,,,GX020808.MP4,128.128,22.2222222222222,66.6666666666667,11.1111111111111,18,,,GX030808.MP4,128.128,54.5454545454545,18.1818181818182,27.2727272727273,33,,,,,,,,
GX010808.MP4,128.5284,42.8571428571429,38.0952380952381,19.047619047619,21,,,GX010809.MP4,128.5284,71.7948717948718,15.3846153846154,12.8205128205128,39,,,,,,,,,,,GX010811.MP4,128.5284,28.5714285714286,57.1428571428571,14.2857142857143,14,,,GX020808.MP4,128.5284,35.7142857142857,35.7142857142857,28.5714285714286,14,,,GX030808.MP4,128.5284,32.4324324324324,56.7567567567568,10.8108108108108,37,,,,,,,,
GX010808.MP4,128.9288,41.6666666666667,41.6666666666667,16.6666666666667,24,,,GX010809.MP4,128.9288,26.6666666666667,73.3333333333333,0,30,,,,,,,,,,,GX010811.MP4,128.9288,10,10,80,10,,,GX020808.MP4,128.9288,25,50,25,8,,,GX030808.MP4,128.9288,25.9259259259259,55.5555555555556,18.5185185185185,27,,,,,,,,
GX010808.MP4,129.3292,38.4615384615385,38.4615384615385,23.0769230769231,13,,,GX010809.MP4,129.3292,30.4347826086957,63.0434782608696,6.52173913043478,46,,,,,,,,,,,GX010811.MP4,129.3292,25,50,25,8,,,GX020808.MP4,129.3292,41.1764705882353,52.9411764705882,5.88235294117647,17,,,GX030808.MP4,129.3292,21.4285714285714,46.4285714285714,32.1428571428571,28,,,,,,,,
GX010808.MP4,129.7296,36.3636363636364,54.5454545454545,9.09090909090909,11,,,GX010809.MP4,129.7296,32.3529411764706,52.9411764705882,14.7058823529412,34,,,,,,,,,,,GX010811.MP4,129.7296,11.1111111111111,66.6666666666667,22.2222222222222,9,,,GX020808.MP4,129.7296,18.4210526315789,63.1578947368421,18.4210526315789,38,,,GX030808.MP4,129.7296,40,40,20,20,,,,,,,,
GX010808.MP4,130.13,50,26.9230769230769,23.0769230769231,26,,,GX010809.MP4,130.13,42.8571428571429,34.2857142857143,22.8571428571429,35,,,,,,,,,,,GX010811.MP4,130.13,20,40,40,10,,,GX020808.MP4,130.13,16.6666666666667,33.3333333333333,50,6,,,GX030808.MP4,130.13,10.5263157894737,10.5263157894737,78.9473684210526,19,,,,,,,,
GX010808.MP4,130.5304,25,57.1428571428571,17.8571428571429,28,,,GX010809.MP4,130.5304,50,40,10,20,,,,,,,,,,,GX010811.MP4,130.5304,0,50,50,2,,,GX020808.MP4,130.5304,22.2222222222222,44.4444444444444,33.3333333333333,9,,,GX030808.MP4,130.5304,44.4444444444444,2.77777777777778,52.7777777777778,36,,,,,,,,
GX010808.MP4,130.9308,33.3333333333333,40,26.6666666666667,15,,,GX010809.MP4,130.9308,53.3333333333333,33.3333333333333,13.3333333333333,30,,,,,,,,,,,GX010811.MP4,130.9308,22.2222222222222,66.6666666666667,11.1111111111111,9,,,GX020808.MP4,130.9308,41.6666666666667,33.3333333333333,25,12,,,GX030808.MP4,130.9308,72.2222222222222,22.2222222222222,5.55555555555556,18,,,,,,,,
GX010808.MP4,131.3312,50,34.6153846153846,15.3846153846154,26,,,GX010809.MP4,131.3312,75.4385964912281,10.5263157894737,14.0350877192982,57,,,,,,,,,,,GX010811.MP4,131.3312,0,81.8181818181818,18.1818181818182,11,,,GX020808.MP4,131.3312,28.5714285714286,57.1428571428571,14.2857142857143,7,,,GX030808.MP4,131.3312,51.4285714285714,34.2857142857143,14.2857142857143,35,,,,,,,,
GX010808.MP4,131.7316,52.1739130434783,47.8260869565217,0,23,,,GX010809.MP4,131.7316,69.1176470588235,17.6470588235294,13.2352941176471,68,,,,,,,,,,,GX010811.MP4,131.7316,11.1111111111111,66.6666666666667,22.2222222222222,9,,,GX020808.MP4,131.7316,33.3333333333333,33.3333333333333,33.3333333333333,12,,,GX030808.MP4,131.7316,34.7826086956522,52.1739130434783,13.0434782608696,23,,,,,,,,
GX010808.MP4,132.132,42.8571428571429,50,7.14285714285714,14,,,GX010809.MP4,132.132,65.3846153846154,13.4615384615385,21.1538461538462,52,,,,,,,,,,,GX010811.MP4,132.132,0,100,0,14,,,GX020808.MP4,132.132,31.5789473684211,47.3684210526316,21.0526315789474,19,,,GX030808.MP4,132.132,65.3846153846154,23.0769230769231,11.5384615384615,26,,,,,,,,
GX010808.MP4,132.5324,30,40,30,20,,,GX010809.MP4,132.5324,64.2857142857143,21.4285714285714,14.2857142857143,28,,,,,,,,,,,GX010811.MP4,132.5324,0,100,0,3,,,GX020808.MP4,132.5324,42.1052631578947,42.1052631578947,15.7894736842105,38,,,GX030808.MP4,132.5324,51.8518518518519,33.3333333333333,14.8148148148148,27,,,,,,,,
GX010808.MP4,132.9328,18.1818181818182,40.9090909090909,40.9090909090909,22,,,GX010809.MP4,132.9328,30.3030303030303,60.6060606060606,9.09090909090909,33,,,,,,,,,,,GX010811.MP4,132.9328,0,40,60,10,,,GX020808.MP4,132.9328,38.8888888888889,50,11.1111111111111,36,,,GX030808.MP4,132.9328,54.1666666666667,37.5,8.33333333333333,24,,,,,,,,
GX010808.MP4,133.3332,35,35,30,20,,,GX010809.MP4,133.3332,78.2608695652174,10.8695652173913,10.8695652173913,46,,,,,,,,,,,GX010811.MP4,133.3332,43.75,37.5,18.75,16,,,GX020808.MP4,133.3332,37.8378378378378,54.0540540540541,8.10810810810811,37,,,GX030808.MP4,133.3332,59.0909090909091,22.7272727272727,18.1818181818182,22,,,,,,,,
GX010808.MP4,133.7336,24.2424242424242,51.5151515151515,24.2424242424242,33,,,GX010809.MP4,133.7336,74,8,18,50,,,,,,,,,,,GX010811.MP4,133.7336,38.8888888888889,22.2222222222222,38.8888888888889,18,,,GX020808.MP4,133.7336,35.4838709677419,54.8387096774194,9.67741935483871,31,,,GX030808.MP4,133.7336,52,36,12,25,,,,,,,,
GX010808.MP4,134.134,16.1290322580645,61.2903225806452,22.5806451612903,31,,,GX010809.MP4,134.134,76.9230769230769,12.8205128205128,10.2564102564103,39,,,,,,,,,,,GX010811.MP4,134.134,31.25,43.75,25,16,,,GX020808.MP4,134.134,35.8974358974359,53.8461538461539,10.2564102564103,39,,,GX030808.MP4,134.134,28.5714285714286,52.3809523809524,19.047619047619,21,,,,,,,,
GX010808.MP4,134.5344,26.4705882352941,44.1176470588235,29.4117647058824,34,,,GX010809.MP4,134.5344,48,36,16,50,,,,,,,,,,,GX010811.MP4,134.5344,18.1818181818182,27.2727272727273,54.5454545454545,11,,,GX020808.MP4,134.5344,40.4761904761905,47.6190476190476,11.9047619047619,42,,,GX030808.MP4,134.5344,55.5555555555556,40.7407407407407,3.7037037037037,27,,,,,,,,
GX010808.MP4,134.9348,20.6896551724138,41.3793103448276,37.9310344827586,29,,,GX010809.MP4,134.9348,26.8292682926829,58.5365853658537,14.6341463414634,41,,,,,,,,,,,GX010811.MP4,134.9348,25,50,25,12,,,GX020808.MP4,134.9348,30.7692307692308,61.5384615384615,7.69230769230769,39,,,GX030808.MP4,134.9348,67.4418604651163,18.6046511627907,13.953488372093,43,,,,,,,,
GX010808.MP4,135.3352,13.7931034482759,34.4827586206897,51.7241379310345,29,,,GX010809.MP4,135.3352,58.8235294117647,38.2352941176471,2.94117647058824,34,,,,,,,,,,,GX010811.MP4,135.3352,14.2857142857143,57.1428571428571,28.5714285714286,7,,,GX020808.MP4,135.3352,29.5454545454545,59.0909090909091,11.3636363636364,44,,,GX030808.MP4,135.3352,41.1764705882353,29.4117647058824,29.4117647058824,51,,,,,,,,
GX010808.MP4,135.7356,22.7272727272727,50,27.2727272727273,22,,,GX010809.MP4,135.7356,76,12,12,50,,,,,,,,,,,GX010811.MP4,135.7356,0,0,0,0,,,GX020808.MP4,135.7356,41.4634146341463,43.9024390243903,14.6341463414634,41,,,GX030808.MP4,135.7356,54.9019607843137,19.6078431372549,25.4901960784314,51,,,,,,,,
GX010808.MP4,136.136,13.0434782608696,30.4347826086957,56.5217391304348,23,,,GX010809.MP4,136.136,36.3636363636364,45.4545454545455,18.1818181818182,22,,,,,,,,,,,GX010811.MP4,136.136,0,87.5,12.5,8,,,GX020808.MP4,136.136,39.0243902439024,46.3414634146342,14.6341463414634,41,,,GX030808.MP4,136.136,58.1395348837209,23.2558139534884,18.6046511627907,43,,,,,,,,
GX010808.MP4,136.5364,20.8333333333333,45.8333333333333,33.3333333333333,24,,,GX010809.MP4,136.5364,10,80,10,30,,,,,,,,,,,GX010811.MP4,136.5364,28.5714285714286,57.1428571428571,14.2857142857143,14,,,GX020808.MP4,136.5364,57.8947368421053,42.1052631578947,0,38,,,GX030808.MP4,136.5364,52.3809523809524,28.5714285714286,19.047619047619,42,,,,,,,,
GX010808.MP4,136.9368,13.6363636363636,40.9090909090909,45.4545454545455,22,,,GX010809.MP4,136.9368,53.8461538461539,12.8205128205128,33.3333333333333,39,,,,,,,,,,,GX010811.MP4,136.9368,42.8571428571429,50,7.14285714285714,14,,,GX020808.MP4,136.9368,34.375,56.25,9.375,32,,,GX030808.MP4,136.9368,40.4255319148936,27.6595744680851,31.9148936170213,47,,,,,,,,
GX010808.MP4,137.3372,17.3913043478261,34.7826086956522,47.8260869565217,23,,,GX010809.MP4,137.3372,45.945945945946,40.5405405405405,13.5135135135135,37,,,,,,,,,,,GX010811.MP4,137.3372,78.5714285714286,21.4285714285714,0,14,,,GX020808.MP4,137.3372,9.375,62.5,28.125,32,,,GX030808.MP4,137.3372,56.0975609756098,34.1463414634146,9.75609756097561,41,,,,,,,,
GX010808.MP4,137.7376,22.7272727272727,45.4545454545455,31.8181818181818,22,,,GX010809.MP4,137.7376,41.6666666666667,55.5555555555556,2.77777777777778,36,,,,,,,,,,,GX010811.MP4,137.7376,30,50,20,10,,,GX020808.MP4,137.7376,23.5294117647059,52.9411764705882,23.5294117647059,34,,,GX030808.MP4,137.7376,57.7777777777778,31.1111111111111,11.1111111111111,45,,,,,,,,
GX010808.MP4,138.138,25,58.3333333333333,16.6666666666667,24,,,GX010809.MP4,138.138,81.6326530612245,6.12244897959184,12.2448979591837,49,,,,,,,,,,,GX010811.MP4,138.138,0,100,0,4,,,GX020808.MP4,138.138,16.6666666666667,50,33.3333333333333,36,,,GX030808.MP4,138.138,60.5263157894737,31.5789473684211,7.89473684210526,38,,,,,,,,
GX010808.MP4,138.5384,25,42.8571428571429,32.1428571428571,28,,,GX010809.MP4,138.5384,20.7547169811321,73.5849056603774,5.66037735849057,53,,,,,,,,,,,GX010811.MP4,138.5384,0,100,0,3,,,GX020808.MP4,138.5384,9.67741935483871,61.2903225806452,29.0322580645161,31,,,GX030808.MP4,138.5384,64.1025641025641,28.2051282051282,7.69230769230769,39,,,,,,,,
GX010808.MP4,138.9388,20,40,40,25,,,GX010809.MP4,138.9388,79.1666666666667,4.16666666666667,16.6666666666667,48,,,,,,,,,,,GX010811.MP4,138.9388,0,100,0,3,,,GX020808.MP4,138.9388,19.3548387096774,41.9354838709677,38.7096774193548,31,,,GX030808.MP4,138.9388,57.5,22.5,20,40,,,,,,,,
GX010808.MP4,139.3392,18.1818181818182,36.3636363636364,45.4545454545455,22,,,GX010809.MP4,139.3392,71.6666666666667,10,18.3333333333333,60,,,,,,,,,,,GX010811.MP4,139.3392,20,60,20,5,,,GX020808.MP4,139.3392,23.6842105263158,63.1578947368421,13.1578947368421,38,,,GX030808.MP4,139.3392,43.1818181818182,45.4545454545455,11.3636363636364,44,,,,,,,,
GX010808.MP4,139.7396,31.25,25,43.75,32,,,GX010809.MP4,139.7396,47.9166666666667,35.4166666666667,16.6666666666667,48,,,,,,,,,,,GX010811.MP4,139.7396,66.6666666666667,33.3333333333333,0,6,,,GX020808.MP4,139.7396,20.9302325581395,62.7906976744186,16.2790697674419,43,,,GX030808.MP4,139.7396,54.5454545454545,36.3636363636364,9.09090909090909,33,,,,,,,,
GX010808.MP4,140.14,18.1818181818182,31.8181818181818,50,22,,,GX010809.MP4,140.14,39.622641509434,35.8490566037736,24.5283018867925,53,,,,,,,,,,,GX010811.MP4,140.14,60,26.6666666666667,13.3333333333333,15,,,GX020808.MP4,140.14,20.5128205128205,53.8461538461539,25.6410256410256,39,,,GX030808.MP4,140.14,7.69230769230769,80.7692307692308,11.5384615384615,26,,,,,,,,
GX010808.MP4,140.5404,43.4782608695652,30.4347826086957,26.0869565217391,23,,,GX010809.MP4,140.5404,51.3513513513514,21.6216216216216,27.027027027027,37,,,,,,,,,,,GX010811.MP4,140.5404,62.5,12.5,25,16,,,GX020808.MP4,140.5404,34.375,56.25,9.375,32,,,GX030808.MP4,140.5404,45.1612903225806,25.8064516129032,29.0322580645161,31,,,,,,,,
GX010808.MP4,140.9408,28.5714285714286,46.4285714285714,25,28,,,GX010809.MP4,140.9408,75.5102040816327,16.3265306122449,8.16326530612245,49,,,,,,,,,,,GX010811.MP4,140.9408,85.7142857142857,14.2857142857143,0,7,,,GX020808.MP4,140.9408,0,40,60,10,,,GX030808.MP4,140.9408,30.4347826086957,43.4782608695652,26.0869565217391,23,,,,,,,,
GX010808.MP4,141.3412,13.0434782608696,56.5217391304348,30.4347826086957,23,,,GX010809.MP4,141.3412,60.4166666666667,12.5,27.0833333333333,48,,,,,,,,,,,GX010811.MP4,141.3412,54.5454545454545,27.2727272727273,18.1818181818182,11,,,GX020808.MP4,141.3412,18.1818181818182,31.8181818181818,50,22,,,GX030808.MP4,141.3412,33.3333333333333,33.3333333333333,33.3333333333333,30,,,,,,,,
GX010808.MP4,141.7416,5.26315789473684,68.421052631579,26.3157894736842,19,,,GX010809.MP4,141.7416,67.4418604651163,16.2790697674419,16.2790697674419,43,,,,,,,,,,,GX010811.MP4,141.7416,77.7777777777778,11.1111111111111,11.1111111111111,9,,,GX020808.MP4,141.7416,34.7826086956522,39.1304347826087,26.0869565217391,23,,,GX030808.MP4,141.7416,30.3030303030303,39.3939393939394,30.3030303030303,33,,,,,,,,
GX010808.MP4,142.142,25,41.6666666666667,33.3333333333333,24,,,GX010809.MP4,142.142,76.7857142857143,10.7142857142857,12.5,56,,,,,,,,,,,GX010811.MP4,142.142,72.7272727272727,27.2727272727273,0,11,,,GX020808.MP4,142.142,42.1052631578947,42.1052631578947,15.7894736842105,19,,,GX030808.MP4,142.142,39.2857142857143,35.7142857142857,25,28,,,,,,,,
GX010808.MP4,142.5424,5,40,55,20,,,GX010809.MP4,142.5424,78.4313725490196,13.7254901960784,7.84313725490196,51,,,,,,,,,,,GX010811.MP4,142.5424,62.5,37.5,0,8,,,GX020808.MP4,142.5424,33.3333333333333,54.1666666666667,12.5,24,,,GX030808.MP4,142.5424,34.375,28.125,37.5,32,,,,,,,,
GX010808.MP4,142.9428,38.7096774193548,45.1612903225806,16.1290322580645,31,,,GX010809.MP4,142.9428,55.5555555555556,0,44.4444444444444,9,,,,,,,,,,,GX010811.MP4,142.9428,42.8571428571429,42.8571428571429,14.2857142857143,21,,,GX020808.MP4,142.9428,17.2413793103448,68.9655172413793,13.7931034482759,29,,,GX030808.MP4,142.9428,42.8571428571429,28.5714285714286,28.5714285714286,28,,,,,,,,
GX010808.MP4,143.3432,26.9230769230769,42.3076923076923,30.7692307692308,26,,,GX010809.MP4,143.3432,57.1428571428571,21.4285714285714,21.4285714285714,28,,,,,,,,,,,GX010811.MP4,143.3432,50,12.5,37.5,8,,,GX020808.MP4,143.3432,10.7142857142857,78.5714285714286,10.7142857142857,28,,,GX030808.MP4,143.3432,47.0588235294118,38.2352941176471,14.7058823529412,34,,,,,,,,
GX010808.MP4,143.7436,31.0344827586207,41.3793103448276,27.5862068965517,29,,,GX010809.MP4,143.7436,61.9047619047619,9.52380952380952,28.5714285714286,42,,,,,,,,,,,GX010811.MP4,143.7436,63.6363636363636,36.3636363636364,0,11,,,GX020808.MP4,143.7436,38.2352941176471,32.3529411764706,29.4117647058824,34,,,GX030808.MP4,143.7436,47.2222222222222,38.8888888888889,13.8888888888889,36,,,,,,,,
GX010808.MP4,144.144,17.3913043478261,60.8695652173913,21.7391304347826,23,,,GX010809.MP4,144.144,47.6190476190476,38.0952380952381,14.2857142857143,21,,,,,,,,,,,GX010811.MP4,144.144,36.3636363636364,45.4545454545455,18.1818181818182,11,,,GX020808.MP4,144.144,15.1515151515152,42.4242424242424,42.4242424242424,33,,,GX030808.MP4,144.144,23.5294117647059,64.7058823529412,11.7647058823529,34,,,,,,,,
GX010808.MP4,144.5444,13.5135135135135,56.7567567567568,29.7297297297297,37,,,GX010809.MP4,144.5444,36.8421052631579,31.5789473684211,31.5789473684211,19,,,,,,,,,,,GX010811.MP4,144.5444,73.0769230769231,19.2307692307692,7.69230769230769,26,,,GX020808.MP4,144.5444,18.9189189189189,43.2432432432432,37.8378378378378,37,,,GX030808.MP4,144.5444,33.3333333333333,52.7777777777778,13.8888888888889,36,,,,,,,,
GX010808.MP4,144.9448,43.75,40.625,15.625,32,,,GX010809.MP4,144.9448,64.9122807017544,7.01754385964912,28.0701754385965,57,,,,,,,,,,,GX010811.MP4,144.9448,66.6666666666667,11.1111111111111,22.2222222222222,18,,,GX020808.MP4,144.9448,32.3529411764706,47.0588235294118,20.5882352941176,34,,,GX030808.MP4,144.9448,63.6363636363636,18.1818181818182,18.1818181818182,33,,,,,,,,
GX010808.MP4,145.3452,19.2307692307692,69.2307692307692,11.5384615384615,26,,,GX010809.MP4,145.3452,45.4545454545455,40.9090909090909,13.6363636363636,44,,,,,,,,,,,GX010811.MP4,145.3452,53.3333333333333,13.3333333333333,33.3333333333333,30,,,GX020808.MP4,145.3452,41.1764705882353,58.8235294117647,0,34,,,GX030808.MP4,145.3452,56,28,16,25,,,,,,,,
GX010808.MP4,145.7456,21.4285714285714,53.5714285714286,25,28,,,GX010809.MP4,145.7456,32.1428571428571,60.7142857142857,7.14285714285714,28,,,,,,,,,,,GX010811.MP4,145.7456,80.7692307692308,11.5384615384615,7.69230769230769,26,,,GX020808.MP4,145.7456,44.8275862068966,51.7241379310345,3.44827586206897,29,,,GX030808.MP4,145.7456,28.125,56.25,15.625,32,,,,,,,,
GX010808.MP4,146.146,26.6666666666667,50,23.3333333333333,30,,,GX010809.MP4,146.146,84.375,9.375,6.25,32,,,,,,,,,,,GX010811.MP4,146.146,75,15,10,20,,,GX020808.MP4,146.146,46.875,46.875,6.25,32,,,GX030808.MP4,146.146,14.6341463414634,56.0975609756098,29.2682926829268,41,,,,,,,,
GX010808.MP4,146.5464,20,40,40,25,,,GX010809.MP4,146.5464,84.6153846153846,7.69230769230769,7.69230769230769,26,,,,,,,,,,,GX010811.MP4,146.5464,43.4782608695652,47.8260869565217,8.69565217391304,23,,,GX020808.MP4,146.5464,48.2758620689655,51.7241379310345,0,29,,,GX030808.MP4,146.5464,48.7804878048781,39.0243902439024,12.1951219512195,41,,,,,,,,
GX010808.MP4,146.9468,21.7391304347826,34.7826086956522,43.4782608695652,23,,,GX010809.MP4,146.9468,80.952380952381,19.047619047619,0,21,,,,,,,,,,,GX010811.MP4,146.9468,86.6666666666667,13.3333333333333,0,15,,,GX020808.MP4,146.9468,40.625,56.25,3.125,32,,,GX030808.MP4,146.9468,40,48,12,25,,,,,,,,
GX010808.MP4,147.3472,29.4117647058824,64.7058823529412,5.88235294117647,17,,,GX010809.MP4,147.3472,56.140350877193,17.5438596491228,26.3157894736842,57,,,,,,,,,,,GX010811.MP4,147.3472,80,12,8,25,,,GX020808.MP4,147.3472,50,50,0,28,,,GX030808.MP4,147.3472,33.3333333333333,54.1666666666667,12.5,24,,,,,,,,
GX010808.MP4,147.7476,9.375,50,40.625,32,,,GX010809.MP4,147.7476,26.1904761904762,66.6666666666667,7.14285714285714,42,,,,,,,,,,,GX010811.MP4,147.7476,65,10,25,20,,,GX020808.MP4,147.7476,68.75,25,6.25,16,,,GX030808.MP4,147.7476,44,40,16,25,,,,,,,,
GX010808.MP4,148.148,19.3548387096774,35.4838709677419,45.1612903225806,31,,,GX010809.MP4,148.148,78.6885245901639,11.4754098360656,9.83606557377049,61,,,,,,,,,,,GX010811.MP4,148.148,66.6666666666667,12.5,20.8333333333333,24,,,GX020808.MP4,148.148,42.8571428571429,21.4285714285714,35.7142857142857,14,,,GX030808.MP4,148.148,41.3793103448276,27.5862068965517,31.0344827586207,29,,,,,,,,
GX010808.MP4,148.5484,28,40,32,25,,,GX010809.MP4,148.5484,53.3333333333333,16.6666666666667,30,30,,,,,,,,,,,GX010811.MP4,148.5484,60,10,30,20,,,GX020808.MP4,148.5484,64.7058823529412,29.4117647058824,5.88235294117647,17,,,GX030808.MP4,148.5484,50,36.3636363636364,13.6363636363636,44,,,,,,,,
GX010808.MP4,148.9488,28,48,24,25,,,GX010809.MP4,148.9488,55.3191489361702,29.7872340425532,14.8936170212766,47,,,,,,,,,,,GX010811.MP4,148.9488,64,16,20,25,,,GX020808.MP4,148.9488,44.4444444444444,40.7407407407407,14.8148148148148,27,,,GX030808.MP4,148.9488,43.9024390243903,41.4634146341463,14.6341463414634,41,,,,,,,,
GX010808.MP4,149.3492,35,40,25,20,,,GX010809.MP4,149.3492,58.4905660377358,35.8490566037736,5.66037735849057,53,,,,,,,,,,,GX010811.MP4,149.3492,80.952380952381,19.047619047619,0,21,,,GX020808.MP4,149.3492,46.4285714285714,46.4285714285714,7.14285714285714,28,,,GX030808.MP4,149.3492,32.258064516129,45.1612903225806,22.5806451612903,31,,,,,,,,
GX010808.MP4,149.7496,22.5806451612903,32.258064516129,45.1612903225806,31,,,GX010809.MP4,149.7496,70.4545454545455,25,4.54545454545455,44,,,,,,,,,,,GX010811.MP4,149.7496,42.1052631578947,47.3684210526316,10.5263157894737,19,,,GX020808.MP4,149.7496,44.4444444444444,44.4444444444444,11.1111111111111,36,,,GX030808.MP4,149.7496,46.1538461538462,26.9230769230769,26.9230769230769,26,,,,,,,,
GX010808.MP4,150.15,42.4242424242424,39.3939393939394,18.1818181818182,33,,,GX010809.MP4,150.15,62.5,20.8333333333333,16.6666666666667,24,,,,,,,,,,,GX010811.MP4,150.15,59.2592592592593,18.5185185185185,22.2222222222222,27,,,GX020808.MP4,150.15,48.1481481481481,33.3333333333333,18.5185185185185,27,,,GX030808.MP4,150.15,60.4166666666667,25,14.5833333333333,48,,,,,,,,
GX010808.MP4,150.5504,15.625,62.5,21.875,32,,,GX010809.MP4,150.5504,73.3333333333333,8.88888888888889,17.7777777777778,45,,,,,,,,,,,GX010811.MP4,150.5504,55,10,35,20,,,GX020808.MP4,150.5504,38.4615384615385,34.6153846153846,26.9230769230769,26,,,GX030808.MP4,150.5504,46.1538461538462,35.8974358974359,17.948717948718,39,,,,,,,,
GX010808.MP4,150.9508,40.625,37.5,21.875,32,,,GX010809.MP4,150.9508,86.2745098039216,9.80392156862745,3.92156862745098,51,,,,,,,,,,,GX010811.MP4,150.9508,76,24,0,25,,,GX020808.MP4,150.9508,21.0526315789474,68.421052631579,10.5263157894737,19,,,GX030808.MP4,150.9508,35.4838709677419,45.1612903225806,19.3548387096774,31,,,,,,,,
GX010808.MP4,151.3512,37.1428571428571,28.5714285714286,34.2857142857143,35,,,GX010809.MP4,151.3512,66.1016949152542,20.3389830508475,13.5593220338983,59,,,,,,,,,,,GX010811.MP4,151.3512,82.6086956521739,4.34782608695652,13.0434782608696,23,,,GX020808.MP4,151.3512,36.3636363636364,54.5454545454545,9.09090909090909,22,,,GX030808.MP4,151.3512,31.25,43.75,25,32,,,,,,,,
GX010808.MP4,151.7516,30.4347826086957,17.3913043478261,52.1739130434783,23,,,GX010809.MP4,151.7516,74.5098039215686,15.6862745098039,9.80392156862745,51,,,,,,,,,,,GX010811.MP4,151.7516,80,10,10,10,,,GX020808.MP4,151.7516,16,60,24,25,,,GX030808.MP4,151.7516,51.2820512820513,35.8974358974359,12.8205128205128,39,,,,,,,,
GX010808.MP4,152.152,26.9230769230769,46.1538461538462,26.9230769230769,26,,,GX010809.MP4,152.152,75,11.6666666666667,13.3333333333333,60,,,,,,,,,,,GX010811.MP4,152.152,100,0,0,15,,,GX020808.MP4,152.152,21.0526315789474,57.8947368421053,21.0526315789474,19,,,GX030808.MP4,152.152,59.5238095238095,28.5714285714286,11.9047619047619,42,,,,,,,,
GX010808.MP4,152.5524,25,50,25,36,,,GX010809.MP4,152.5524,71.1538461538462,7.69230769230769,21.1538461538462,52,,,,,,,,,,,GX010811.MP4,152.5524,47.0588235294118,5.88235294117647,47.0588235294118,17,,,GX020808.MP4,152.5524,43.75,37.5,18.75,16,,,GX030808.MP4,152.5524,54.0540540540541,27.027027027027,18.9189189189189,37,,,,,,,,
GX010808.MP4,152.9528,65.9090909090909,22.7272727272727,11.3636363636364,44,,,GX010809.MP4,152.9528,67.3913043478261,15.2173913043478,17.3913043478261,46,,,,,,,,,,,GX010811.MP4,152.9528,50,40,10,10,,,GX020808.MP4,152.9528,29.6296296296296,51.8518518518519,18.5185185185185,27,,,GX030808.MP4,152.9528,47.5,32.5,20,40,,,,,,,,
GX010808.MP4,153.3532,61.5384615384615,20.5128205128205,17.948717948718,39,,,GX010809.MP4,153.3532,78.3783783783784,2.7027027027027,18.9189189189189,37,,,,,,,,,,,GX010811.MP4,153.3532,92.8571428571429,0,7.14285714285714,14,,,GX020808.MP4,153.3532,38.0952380952381,42.8571428571429,19.047619047619,21,,,GX030808.MP4,153.3532,46.1538461538462,41.025641025641,12.8205128205128,39,,,,,,,,
GX010808.MP4,153.7536,24.3243243243243,40.5405405405405,35.1351351351351,37,,,GX010809.MP4,153.7536,23.8095238095238,61.9047619047619,14.2857142857143,42,,,,,,,,,,,GX010811.MP4,153.7536,83.3333333333333,0,16.6666666666667,18,,,GX020808.MP4,153.7536,40.625,46.875,12.5,32,,,GX030808.MP4,153.7536,47.2222222222222,38.8888888888889,13.8888888888889,36,,,,,,,,
GX010808.MP4,154.154,6.25,34.375,59.375,32,,,GX010809.MP4,154.154,50,42.8571428571429,7.14285714285714,28,,,,,,,,,,,GX010811.MP4,154.154,95,5,0,20,,,GX020808.MP4,154.154,45.7142857142857,45.7142857142857,8.57142857142857,35,,,GX030808.MP4,154.154,55.8823529411765,26.4705882352941,17.6470588235294,34,,,,,,,,
GX010808.MP4,154.5544,28.5714285714286,32.1428571428571,39.2857142857143,28,,,GX010809.MP4,154.5544,47.3684210526316,13.1578947368421,39.4736842105263,38,,,,,,,,,,,GX010811.MP4,154.5544,94.1176470588235,5.88235294117647,0,17,,,GX020808.MP4,154.5544,46.3414634146342,48.7804878048781,4.87804878048781,41,,,GX030808.MP4,154.5544,50,33.3333333333333,16.6666666666667,30,,,,,,,,
GX010808.MP4,154.9548,39.3939393939394,33.3333333333333,27.2727272727273,33,,,GX010809.MP4,154.9548,35.2941176470588,64.7058823529412,0,68,,,,,,,,,,,GX010811.MP4,154.9548,62.5,37.5,0,32,,,GX020808.MP4,154.9548,20,64,16,25,,,GX030808.MP4,154.9548,61.5384615384615,28.2051282051282,10.2564102564103,39,,,,,,,,
GX010808.MP4,155.3552,26.6666666666667,46.6666666666667,26.6666666666667,45,,,GX010809.MP4,155.3552,33.3333333333333,59.2592592592593,7.40740740740741,27,,,,,,,,,,,GX010811.MP4,155.3552,82.3529411764706,5.88235294117647,11.7647058823529,17,,,GX020808.MP4,155.3552,36,44,20,25,,,GX030808.MP4,155.3552,50,38.2352941176471,11.7647058823529,34,,,,,,,,
GX010808.MP4,155.7556,38.4615384615385,41.025641025641,20.5128205128205,39,,,GX010809.MP4,155.7556,43.5897435897436,51.2820512820513,5.12820512820513,39,,,,,,,,,,,GX010811.MP4,155.7556,42.8571428571429,14.2857142857143,42.8571428571429,14,,,GX020808.MP4,155.7556,33.3333333333333,41.6666666666667,25,24,,,GX030808.MP4,155.7556,54.2857142857143,31.4285714285714,14.2857142857143,35,,,,,,,,
GX010808.MP4,156.156,48.4848484848485,18.1818181818182,33.3333333333333,33,,,GX010809.MP4,156.156,0,100,0,10,,,,,,,,,,,GX010811.MP4,156.156,66.6666666666667,9.52380952380952,23.8095238095238,21,,,GX020808.MP4,156.156,28.5714285714286,47.6190476190476,23.8095238095238,21,,,GX030808.MP4,156.156,45.945945945946,32.4324324324324,21.6216216216216,37,,,,,,,,
GX010808.MP4,156.5564,27.027027027027,45.945945945946,27.027027027027,37,,,GX010809.MP4,156.5564,22.4489795918367,75.5102040816327,2.04081632653061,49,,,,,,,,,,,GX010811.MP4,156.5564,73.0769230769231,3.84615384615385,23.0769230769231,26,,,GX020808.MP4,156.5564,20,50,30,10,,,GX030808.MP4,156.5564,55.8823529411765,35.2941176470588,8.82352941176471,34,,,,,,,,
GX010808.MP4,156.9568,20.5882352941176,55.8823529411765,23.5294117647059,34,,,GX010809.MP4,156.9568,62.0689655172414,10.3448275862069,27.5862068965517,29,,,,,,,,,,,GX010811.MP4,156.9568,82.3529411764706,11.7647058823529,5.88235294117647,17,,,GX020808.MP4,156.9568,26.3157894736842,63.1578947368421,10.5263157894737,19,,,GX030808.MP4,156.9568,55.5555555555556,30.5555555555556,13.8888888888889,36,,,,,,,,
GX010808.MP4,157.3572,27.5862068965517,55.1724137931034,17.2413793103448,29,,,GX010809.MP4,157.3572,37.5,25,37.5,24,,,,,,,,,,,GX010811.MP4,157.3572,88.8888888888889,5.55555555555556,5.55555555555556,18,,,GX020808.MP4,157.3572,46.875,53.125,0,32,,,GX030808.MP4,157.3572,16.1290322580645,64.5161290322581,19.3548387096774,31,,,,,,,,
GX010808.MP4,157.7576,42.8571428571429,25.7142857142857,31.4285714285714,35,,,GX010809.MP4,157.7576,63.1578947368421,2.63157894736842,34.2105263157895,38,,,,,,,,,,,GX010811.MP4,157.7576,38.0952380952381,0,61.9047619047619,21,,,GX020808.MP4,157.7576,38.7096774193548,54.8387096774194,6.45161290322581,31,,,GX030808.MP4,157.7576,11.5384615384615,61.5384615384615,26.9230769230769,26,,,,,,,,
GX010808.MP4,158.158,23.0769230769231,38.4615384615385,38.4615384615385,39,,,GX010809.MP4,158.158,64.2857142857143,25,10.7142857142857,28,,,,,,,,,,,GX010811.MP4,158.158,89.4736842105263,5.26315789473684,5.26315789473684,19,,,GX020808.MP4,158.158,32,56,12,25,,,GX030808.MP4,158.158,11.1111111111111,74.0740740740741,14.8148148148148,27,,,,,,,,
GX010808.MP4,158.5584,51.7241379310345,27.5862068965517,20.6896551724138,29,,,GX010809.MP4,158.5584,68.0851063829787,17.0212765957447,14.8936170212766,47,,,,,,,,,,,GX010811.MP4,158.5584,88,8,4,25,,,GX020808.MP4,158.5584,32.5,47.5,20,40,,,GX030808.MP4,158.5584,12.1212121212121,78.7878787878788,9.09090909090909,33,,,,,,,,
GX010808.MP4,158.9588,13.0434782608696,47.8260869565217,39.1304347826087,23,,,GX010809.MP4,158.9588,79.1666666666667,12.5,8.33333333333333,48,,,,,,,,,,,GX010811.MP4,158.9588,60.8695652173913,26.0869565217391,13.0434782608696,23,,,GX020808.MP4,158.9588,32.4324324324324,43.2432432432432,24.3243243243243,37,,,GX030808.MP4,158.9588,15.1515151515152,75.7575757575758,9.09090909090909,33,,,,,,,,
GX010808.MP4,159.3592,16.6666666666667,26.6666666666667,56.6666666666667,30,,,GX010809.MP4,159.3592,59.4202898550725,34.7826086956522,5.79710144927536,69,,,,,,,,,,,GX010811.MP4,159.3592,53.8461538461539,7.69230769230769,38.4615384615385,13,,,GX020808.MP4,159.3592,60.7142857142857,21.4285714285714,17.8571428571429,28,,,GX030808.MP4,159.3592,26.4705882352941,64.7058823529412,8.82352941176471,34,,,,,,,,
GX010808.MP4,159.7596,34.7826086956522,47.8260869565217,17.3913043478261,23,,,GX010809.MP4,159.7596,32,64,4,25,,,,,,,,,,,GX010811.MP4,159.7596,63.8888888888889,30.5555555555556,5.55555555555556,36,,,GX020808.MP4,159.7596,55.5555555555556,33.3333333333333,11.1111111111111,27,,,GX030808.MP4,159.7596,22.5806451612903,64.5161290322581,12.9032258064516,31,,,,,,,,
GX010808.MP4,160.16,23.5294117647059,35.2941176470588,41.1764705882353,17,,,GX010809.MP4,160.16,73.0769230769231,19.2307692307692,7.69230769230769,26,,,,,,,,,,,GX010811.MP4,160.16,81.4814814814815,11.1111111111111,7.40740740740741,27,,,GX020808.MP4,160.16,44.4444444444444,27.7777777777778,27.7777777777778,18,,,GX030808.MP4,160.16,40.5405405405405,43.2432432432432,16.2162162162162,37,,,,,,,,
GX010808.MP4,160.5604,14.2857142857143,78.5714285714286,7.14285714285714,14,,,GX010809.MP4,160.5604,35,50,15,40,,,,,,,,,,,GX010811.MP4,160.5604,78.9473684210526,15.7894736842105,5.26315789473684,19,,,GX020808.MP4,160.5604,31.8181818181818,36.3636363636364,31.8181818181818,22,,,GX030808.MP4,160.5604,53.8461538461539,26.9230769230769,19.2307692307692,26,,,,,,,,
GX010808.MP4,160.9608,35.2941176470588,52.9411764705882,11.7647058823529,17,,,GX010809.MP4,160.9608,67.2413793103448,8.62068965517242,24.1379310344828,58,,,,,,,,,,,GX010811.MP4,160.9608,56.5217391304348,26.0869565217391,17.3913043478261,23,,,GX020808.MP4,160.9608,38.8888888888889,44.4444444444444,16.6666666666667,18,,,GX030808.MP4,160.9608,54.5454545454545,36.3636363636364,9.09090909090909,22,,,,,,,,
GX010808.MP4,161.3612,57.1428571428571,21.4285714285714,21.4285714285714,14,,,GX010809.MP4,161.3612,17.3913043478261,73.9130434782609,8.69565217391304,23,,,,,,,,,,,GX010811.MP4,161.3612,59.0909090909091,18.1818181818182,22.7272727272727,22,,,GX020808.MP4,161.3612,45.8333333333333,45.8333333333333,8.33333333333333,24,,,GX030808.MP4,161.3612,45,45,10,20,,,,,,,,
GX010808.MP4,161.7616,37.5,43.75,18.75,32,,,GX010809.MP4,161.7616,43.1818181818182,2.27272727272727,54.5454545454545,44,,,,,,,,,,,GX010811.MP4,161.7616,70,20,10,10,,,GX020808.MP4,161.7616,17.8571428571429,60.7142857142857,21.4285714285714,28,,,GX030808.MP4,161.7616,45.4545454545455,31.8181818181818,22.7272727272727,22,,,,,,,,
GX010808.MP4,162.162,27.2727272727273,33.3333333333333,39.3939393939394,33,,,GX010809.MP4,162.162,64.7058823529412,14.7058823529412,20.5882352941176,34,,,,,,,,,,,GX010811.MP4,162.162,76.9230769230769,11.5384615384615,11.5384615384615,26,,,GX020808.MP4,162.162,22.5806451612903,67.741935483871,9.67741935483871,31,,,GX030808.MP4,162.162,33.3333333333333,55.5555555555556,11.1111111111111,18,,,,,,,,
GX010808.MP4,162.5624,23.0769230769231,50,26.9230769230769,26,,,GX010809.MP4,162.5624,67.6470588235294,11.7647058823529,20.5882352941176,34,,,,,,,,,,,GX010811.MP4,162.5624,89.4736842105263,10.5263157894737,0,19,,,GX020808.MP4,162.5624,36.3636363636364,40.9090909090909,22.7272727272727,22,,,GX030808.MP4,162.5624,38.0952380952381,61.9047619047619,0,21,,,,,,,,
GX010808.MP4,162.9628,34.6153846153846,46.1538461538462,19.2307692307692,26,,,GX010809.MP4,162.9628,75.9259259259259,7.40740740740741,16.6666666666667,54,,,,,,,,,,,GX010811.MP4,162.9628,50,40,10,20,,,GX020808.MP4,162.9628,38.2352941176471,41.1764705882353,20.5882352941176,34,,,GX030808.MP4,162.9628,30,43.3333333333333,26.6666666666667,30,,,,,,,,
GX010808.MP4,163.3632,57.8947368421053,21.0526315789474,21.0526315789474,19,,,GX010809.MP4,163.3632,37.5,35.4166666666667,27.0833333333333,48,,,,,,,,,,,GX010811.MP4,163.3632,56.25,6.25,37.5,16,,,GX020808.MP4,163.3632,39.2857142857143,57.1428571428571,3.57142857142857,28,,,GX030808.MP4,163.3632,30,46.6666666666667,23.3333333333333,30,,,,,,,,
GX010808.MP4,163.7636,25.9259259259259,48.1481481481481,25.9259259259259,27,,,GX010809.MP4,163.7636,58.3333333333333,29.1666666666667,12.5,48,,,,,,,,,,,GX010811.MP4,163.7636,64.7058823529412,5.88235294117647,29.4117647058824,17,,,GX020808.MP4,163.7636,39.1304347826087,52.1739130434783,8.69565217391304,23,,,GX030808.MP4,163.7636,42.1052631578947,42.1052631578947,15.7894736842105,19,,,,,,,,
GX010808.MP4,164.164,28.5714285714286,42.8571428571429,28.5714285714286,21,,,GX010809.MP4,164.164,36.3636363636364,45.4545454545455,18.1818181818182,22,,,,,,,,,,,GX010811.MP4,164.164,59.0909090909091,22.7272727272727,18.1818181818182,22,,,GX020808.MP4,164.164,38.0952380952381,52.3809523809524,9.52380952380952,21,,,GX030808.MP4,164.164,20,60,20,20,,,,,,,,
GX010808.MP4,164.5644,48.1481481481481,37.037037037037,14.8148148148148,27,,,GX010809.MP4,164.5644,46.1538461538462,43.5897435897436,10.2564102564103,39,,,,,,,,,,,GX010811.MP4,164.5644,86.9565217391304,13.0434782608696,0,23,,,GX020808.MP4,164.5644,32.3529411764706,58.8235294117647,8.82352941176471,34,,,GX030808.MP4,164.5644,36,48,16,25,,,,,,,,
GX010808.MP4,164.9648,51.8518518518519,40.7407407407407,7.40740740740741,27,,,GX010809.MP4,164.9648,57.1428571428571,28.5714285714286,14.2857142857143,49,,,,,,,,,,,GX010811.MP4,164.9648,61.1111111111111,22.2222222222222,16.6666666666667,18,,,GX020808.MP4,164.9648,24.1379310344828,65.5172413793104,10.3448275862069,29,,,GX030808.MP4,164.9648,34.375,31.25,34.375,32,,,,,,,,
GX010808.MP4,165.3652,42.8571428571429,21.4285714285714,35.7142857142857,14,,,GX010809.MP4,165.3652,42.8571428571429,42.8571428571429,14.2857142857143,21,,,,,,,,,,,GX010811.MP4,165.3652,83.3333333333333,0,16.6666666666667,12,,,GX020808.MP4,165.3652,42.8571428571429,53.5714285714286,3.57142857142857,28,,,GX030808.MP4,165.3652,30.4347826086957,34.7826086956522,34.7826086956522,23,,,,,,,,
GX010808.MP4,165.7656,66.6666666666667,28.5714285714286,4.76190476190476,21,,,GX010809.MP4,165.7656,61.0169491525424,27.1186440677966,11.864406779661,59,,,,,,,,,,,GX010811.MP4,165.7656,50,50,0,12,,,GX020808.MP4,165.7656,32,56,12,25,,,GX030808.MP4,165.7656,42.3076923076923,23.0769230769231,34.6153846153846,26,,,,,,,,
GX010808.MP4,166.166,62.5,8.33333333333333,29.1666666666667,24,,,GX010809.MP4,166.166,57.3529411764706,27.9411764705882,14.7058823529412,68,,,,,,,,,,,GX010811.MP4,166.166,85.7142857142857,7.14285714285714,7.14285714285714,14,,,GX020808.MP4,166.166,25,58.3333333333333,16.6666666666667,24,,,GX030808.MP4,166.166,34.7826086956522,30.4347826086957,34.7826086956522,23,,,,,,,,
GX010808.MP4,166.5664,66.6666666666667,25.9259259259259,7.40740740740741,27,,,GX010809.MP4,166.5664,75.7575757575758,18.1818181818182,6.06060606060606,33,,,,,,,,,,,GX010811.MP4,166.5664,75,12.5,12.5,16,,,GX020808.MP4,166.5664,26.0869565217391,52.1739130434783,21.7391304347826,23,,,GX030808.MP4,166.5664,8,44,48,25,,,,,,,,
GX010808.MP4,166.9668,60,20,20,30,,,GX010809.MP4,166.9668,59.1836734693878,8.16326530612245,32.6530612244898,49,,,,,,,,,,,GX010811.MP4,166.9668,81.8181818181818,18.1818181818182,0,11,,,GX020808.MP4,166.9668,33.3333333333333,54.1666666666667,12.5,24,,,GX030808.MP4,166.9668,15,25,60,20,,,,,,,,
GX010808.MP4,167.3672,35.7142857142857,57.1428571428571,7.14285714285714,28,,,GX010809.MP4,167.3672,38.0952380952381,52.3809523809524,9.52380952380952,42,,,,,,,,,,,GX010811.MP4,167.3672,59.2592592592593,25.9259259259259,14.8148148148148,27,,,GX020808.MP4,167.3672,33.3333333333333,55.5555555555556,11.1111111111111,27,,,GX030808.MP4,167.3672,21.0526315789474,52.6315789473684,26.3157894736842,38,,,,,,,,
GX010808.MP4,167.7676,50,32.1428571428571,17.8571428571429,28,,,GX010809.MP4,167.7676,65.2173913043478,6.52173913043478,28.2608695652174,46,,,,,,,,,,,GX010811.MP4,167.7676,77.7777777777778,5.55555555555556,16.6666666666667,18,,,GX020808.MP4,167.7676,36.3636363636364,54.5454545454545,9.09090909090909,22,,,GX030808.MP4,167.7676,25.8064516129032,41.9354838709677,32.258064516129,31,,,,,,,,
GX010808.MP4,168.168,35.4838709677419,48.3870967741936,16.1290322580645,31,,,GX010809.MP4,168.168,9.52380952380952,85.7142857142857,4.76190476190476,42,,,,,,,,,,,GX010811.MP4,168.168,73.6842105263158,5.26315789473684,21.0526315789474,19,,,GX020808.MP4,168.168,37.037037037037,55.5555555555556,7.40740740740741,27,,,GX030808.MP4,168.168,22.7272727272727,72.7272727272727,4.54545454545455,22,,,,,,,,
GX010808.MP4,168.5684,37.5,37.5,25,24,,,GX010809.MP4,168.5684,71.2121212121212,16.6666666666667,12.1212121212121,66,,,,,,,,,,,GX010811.MP4,168.5684,57.1428571428571,28.5714285714286,14.2857142857143,14,,,GX020808.MP4,168.5684,38.2978723404255,42.5531914893617,19.1489361702128,47,,,GX030808.MP4,168.5684,30.4347826086957,60.8695652173913,8.69565217391304,23,,,,,,,,
GX010808.MP4,168.9688,25,66.6666666666667,8.33333333333333,24,,,GX010809.MP4,168.9688,34.0425531914894,57.4468085106383,8.51063829787234,47,,,,,,,,,,,GX010811.MP4,168.9688,25,0,75,4,,,GX020808.MP4,168.9688,48.8372093023256,34.8837209302326,16.2790697674419,43,,,GX030808.MP4,168.9688,23.0769230769231,76.9230769230769,0,13,,,,,,,,
GX010808.MP4,169.3692,44.8275862068966,44.8275862068966,10.3448275862069,29,,,GX010809.MP4,169.3692,36.6666666666667,46.6666666666667,16.6666666666667,30,,,,,,,,,,,GX010811.MP4,169.3692,42.8571428571429,0,57.1428571428571,14,,,GX020808.MP4,169.3692,40,35,25,40,,,GX030808.MP4,169.3692,16.6666666666667,83.3333333333333,0,12,,,,,,,,
GX010808.MP4,169.7696,43.2432432432432,32.4324324324324,24.3243243243243,37,,,GX010809.MP4,169.7696,65.2173913043478,23.9130434782609,10.8695652173913,46,,,,,,,,,,,GX010811.MP4,169.7696,80,13.3333333333333,6.66666666666667,15,,,GX020808.MP4,169.7696,31.0344827586207,55.1724137931034,13.7931034482759,29,,,GX030808.MP4,169.7696,6.66666666666667,86.6666666666667,6.66666666666667,15,,,,,,,,
GX010808.MP4,170.17,40,53.3333333333333,6.66666666666667,30,,,GX010809.MP4,170.17,65.7142857142857,22.8571428571429,11.4285714285714,35,,,,,,,,,,,GX010811.MP4,170.17,46.1538461538462,3.84615384615385,50,26,,,GX020808.MP4,170.17,39.1304347826087,39.1304347826087,21.7391304347826,23,,,GX030808.MP4,170.17,27.7777777777778,61.1111111111111,11.1111111111111,18,,,,,,,,
GX010808.MP4,170.5704,12.1212121212121,60.6060606060606,27.2727272727273,33,,,GX010809.MP4,170.5704,37.5,18.75,43.75,32,,,,,,,,,,,GX010811.MP4,170.5704,70.3703703703704,14.8148148148148,14.8148148148148,27,,,GX020808.MP4,170.5704,50,32.5,17.5,40,,,GX030808.MP4,170.5704,13.0434782608696,73.9130434782609,13.0434782608696,23,,,,,,,,
GX010808.MP4,170.9708,30.3030303030303,48.4848484848485,21.2121212121212,33,,,GX010809.MP4,170.9708,70,10,20,20,,,,,,,,,,,GX010811.MP4,170.9708,86.9565217391304,8.69565217391304,4.34782608695652,23,,,GX020808.MP4,170.9708,65.7142857142857,14.2857142857143,20,35,,,GX030808.MP4,170.9708,10.5263157894737,84.2105263157895,5.26315789473684,19,,,,,,,,
GX010808.MP4,171.3712,42.1052631578947,28.9473684210526,28.9473684210526,38,,,GX010809.MP4,171.3712,63.6363636363636,18.1818181818182,18.1818181818182,11,,,,,,,,,,,GX010811.MP4,171.3712,37.5,50,12.5,8,,,GX020808.MP4,171.3712,60.7142857142857,14.2857142857143,25,28,,,GX030808.MP4,171.3712,22.2222222222222,59.2592592592593,18.5185185185185,27,,,,,,,,
GX010808.MP4,171.7716,36.8421052631579,44.7368421052632,18.4210526315789,38,,,GX010809.MP4,171.7716,29.4117647058824,58.8235294117647,11.7647058823529,34,,,,,,,,,,,GX010811.MP4,171.7716,64.7058823529412,23.5294117647059,11.7647058823529,17,,,GX020808.MP4,171.7716,55.8823529411765,23.5294117647059,20.5882352941176,34,,,GX030808.MP4,171.7716,33.3333333333333,66.6666666666667,0,18,,,,,,,,
GX010808.MP4,172.172,22.8571428571429,45.7142857142857,31.4285714285714,35,,,GX010809.MP4,172.172,63.3333333333333,0,36.6666666666667,30,,,,,,,,,,,GX010811.MP4,172.172,31.25,31.25,37.5,16,,,GX020808.MP4,172.172,51.4285714285714,31.4285714285714,17.1428571428571,35,,,GX030808.MP4,172.172,60,30,10,10,,,,,,,,
GX010808.MP4,172.5724,33.3333333333333,28.5714285714286,38.0952380952381,21,,,GX010809.MP4,172.5724,64,24,12,25,,,,,,,,,,,GX010811.MP4,172.5724,44.4444444444444,22.2222222222222,33.3333333333333,18,,,GX020808.MP4,172.5724,53.8461538461539,30.7692307692308,15.3846153846154,39,,,GX030808.MP4,172.5724,27.7777777777778,44.4444444444444,27.7777777777778,18,,,,,,,,
GX010808.MP4,172.9728,37.5,37.5,25,32,,,GX010809.MP4,172.9728,70.5882352941177,13.7254901960784,15.6862745098039,51,,,,,,,,,,,GX010811.MP4,172.9728,25,62.5,12.5,16,,,GX020808.MP4,172.9728,70,10,20,20,,,GX030808.MP4,172.9728,57.1428571428571,38.0952380952381,4.76190476190476,21,,,,,,,,
GX010808.MP4,173.3732,33.3333333333333,50,16.6666666666667,18,,,GX010809.MP4,173.3732,50,50,0,4,,,,,,,,,,,GX010811.MP4,173.3732,63.6363636363636,27.2727272727273,9.09090909090909,11,,,GX020808.MP4,173.3732,50,29.1666666666667,20.8333333333333,24,,,GX030808.MP4,173.3732,44.8275862068966,37.9310344827586,17.2413793103448,29,,,,,,,,
GX010808.MP4,173.7736,43.4782608695652,26.0869565217391,30.4347826086957,23,,,GX010809.MP4,173.7736,48.1481481481481,25.9259259259259,25.9259259259259,27,,,,,,,,,,,GX010811.MP4,173.7736,45,45,10,20,,,GX020808.MP4,173.7736,56.5217391304348,21.7391304347826,21.7391304347826,23,,,GX030808.MP4,173.7736,46.6666666666667,46.6666666666667,6.66666666666667,30,,,,,,,,
GX010808.MP4,174.174,56.6666666666667,26.6666666666667,16.6666666666667,30,,,GX010809.MP4,174.174,61.9047619047619,26.1904761904762,11.9047619047619,42,,,,,,,,,,,GX010811.MP4,174.174,70,30,0,10,,,GX020808.MP4,174.174,45.7142857142857,25.7142857142857,28.5714285714286,35,,,GX030808.MP4,174.174,37.5,50,12.5,24,,,,,,,,
GX010808.MP4,174.5744,29.4117647058824,52.9411764705882,17.6470588235294,17,,,GX010809.MP4,174.5744,73.9130434782609,8.69565217391304,17.3913043478261,23,,,,,,,,,,,GX010811.MP4,174.5744,20,70,10,20,,,GX020808.MP4,174.5744,48.1481481481481,18.5185185185185,33.3333333333333,27,,,GX030808.MP4,174.5744,64.7058823529412,29.4117647058824,5.88235294117647,34,,,,,,,,
GX010808.MP4,174.9748,37.037037037037,37.037037037037,25.9259259259259,27,,,GX010809.MP4,174.9748,64.7058823529412,17.6470588235294,17.6470588235294,34,,,,,,,,,,,GX010811.MP4,174.9748,63.1578947368421,31.5789473684211,5.26315789473684,19,,,GX020808.MP4,174.9748,50,15.3846153846154,34.6153846153846,26,,,GX030808.MP4,174.9748,42.3076923076923,53.8461538461539,3.84615384615385,26,,,,,,,,
GX010808.MP4,175.3752,38.4615384615385,42.3076923076923,19.2307692307692,26,,,GX010809.MP4,175.3752,67.741935483871,4.83870967741936,27.4193548387097,62,,,,,,,,,,,GX010811.MP4,175.3752,33.3333333333333,3.7037037037037,62.962962962963,27,,,GX020808.MP4,175.3752,20,62.8571428571429,17.1428571428571,35,,,GX030808.MP4,175.3752,24.1379310344828,68.9655172413793,6.89655172413793,29,,,,,,,,
GX010808.MP4,175.7756,30.3030303030303,33.3333333333333,36.3636363636364,33,,,GX010809.MP4,175.7756,50,38.4615384615385,11.5384615384615,26,,,,,,,,,,,GX010811.MP4,175.7756,60.8695652173913,21.7391304347826,17.3913043478261,23,,,GX020808.MP4,175.7756,41.3793103448276,34.4827586206897,24.1379310344828,29,,,GX030808.MP4,175.7756,20.9302325581395,79.0697674418605,0,43,,,,,,,,
GX010808.MP4,176.176,20,40,40,20,,,GX010809.MP4,176.176,79.5918367346939,10.2040816326531,10.2040816326531,49,,,,,,,,,,,GX010811.MP4,176.176,50,17.8571428571429,32.1428571428571,28,,,GX020808.MP4,176.176,19.3548387096774,58.0645161290323,22.5806451612903,31,,,GX030808.MP4,176.176,28.9473684210526,36.8421052631579,34.2105263157895,38,,,,,,,,
GX010808.MP4,176.5764,40.5405405405405,35.1351351351351,24.3243243243243,37,,,GX010809.MP4,176.5764,65.7894736842105,23.6842105263158,10.5263157894737,38,,,,,,,,,,,GX010811.MP4,176.5764,21.4285714285714,42.8571428571429,35.7142857142857,14,,,GX020808.MP4,176.5764,40,40,20,10,,,GX030808.MP4,176.5764,25.6410256410256,41.025641025641,33.3333333333333,39,,,,,,,,
GX010808.MP4,176.9768,28,48,24,25,,,GX010809.MP4,176.9768,23.6842105263158,63.1578947368421,13.1578947368421,38,,,,,,,,,,,GX010811.MP4,176.9768,64.2857142857143,21.4285714285714,14.2857142857143,14,,,GX020808.MP4,176.9768,25,12.5,62.5,8,,,GX030808.MP4,176.9768,22.5806451612903,41.9354838709677,35.4838709677419,31,,,,,,,,
GX010808.MP4,177.3772,60,20,20,15,,,GX010809.MP4,177.3772,75.4385964912281,15.7894736842105,8.7719298245614,57,,,,,,,,,,,GX010811.MP4,177.3772,58.8235294117647,23.5294117647059,17.6470588235294,17,,,GX020808.MP4,177.3772,0,66.6666666666667,33.3333333333333,15,,,GX030808.MP4,177.3772,17.3913043478261,73.9130434782609,8.69565217391304,23,,,,,,,,
GX010808.MP4,177.7776,0,96.1538461538462,3.84615384615385,26,,,GX010809.MP4,177.7776,73.972602739726,23.2876712328767,2.73972602739726,73,,,,,,,,,,,GX010811.MP4,177.7776,60,10,30,20,,,GX020808.MP4,177.7776,8.33333333333333,66.6666666666667,25,12,,,GX030808.MP4,177.7776,41.4634146341463,31.7073170731707,26.8292682926829,41,,,,,,,,
GX010808.MP4,178.178,35.7142857142857,57.1428571428571,7.14285714285714,28,,,GX010809.MP4,178.178,78.3783783783784,17.5675675675676,4.05405405405405,74,,,,,,,,,,,GX010811.MP4,178.178,41.6666666666667,33.3333333333333,25,12,,,GX020808.MP4,178.178,35,40,25,20,,,GX030808.MP4,178.178,37.1428571428571,37.1428571428571,25.7142857142857,35,,,,,,,,
GX010808.MP4,178.5784,32.1428571428571,64.2857142857143,3.57142857142857,28,,,GX010809.MP4,178.5784,74.1379310344828,17.2413793103448,8.62068965517242,58,,,,,,,,,,,GX010811.MP4,178.5784,25,66.6666666666667,8.33333333333333,12,,,GX020808.MP4,178.5784,7.69230769230769,92.3076923076923,0,13,,,GX030808.MP4,178.5784,40.625,46.875,12.5,32,,,,,,,,
GX010808.MP4,178.9788,3.57142857142857,82.1428571428571,14.2857142857143,28,,,GX010809.MP4,178.9788,72.4137931034483,18.9655172413793,8.62068965517242,58,,,,,,,,,,,GX010811.MP4,178.9788,50,22.2222222222222,27.7777777777778,18,,,GX020808.MP4,178.9788,56.25,31.25,12.5,16,,,GX030808.MP4,178.9788,16.6666666666667,66.6666666666667,16.6666666666667,30,,,,,,,,
GX010808.MP4,179.3792,9.52380952380952,76.1904761904762,14.2857142857143,21,,,GX010809.MP4,179.3792,71.0526315789474,26.3157894736842,2.63157894736842,76,,,,,,,,,,,GX010811.MP4,179.3792,66.6666666666667,16.6666666666667,16.6666666666667,6,,,GX020808.MP4,179.3792,26.0869565217391,47.8260869565217,26.0869565217391,23,,,GX030808.MP4,179.3792,50,42.8571428571429,7.14285714285714,28,,,,,,,,
GX010808.MP4,179.7796,22.5806451612903,38.7096774193548,38.7096774193548,31,,,GX010809.MP4,179.7796,65.625,28.125,6.25,64,,,,,,,,,,,GX010811.MP4,179.7796,42.8571428571429,42.8571428571429,14.2857142857143,7,,,GX020808.MP4,179.7796,32.258064516129,38.7096774193548,29.0322580645161,31,,,GX030808.MP4,179.7796,36,52,12,25,,,,,,,,
GX010808.MP4,180.18,60.8695652173913,17.3913043478261,21.7391304347826,23,,,GX010809.MP4,180.18,7.84313725490196,88.2352941176471,3.92156862745098,51,,,,,,,,,,,GX010811.MP4,180.18,69.2307692307692,23.0769230769231,7.69230769230769,13,,,GX020808.MP4,180.18,39.3939393939394,42.4242424242424,18.1818181818182,33,,,GX030808.MP4,180.18,25,62.5,12.5,24,,,,,,,,
GX010808.MP4,180.5804,18.1818181818182,63.6363636363636,18.1818181818182,22,,,GX010809.MP4,180.5804,61.6438356164384,24.6575342465753,13.6986301369863,73,,,,,,,,,,,GX010811.MP4,180.5804,75,8.33333333333333,16.6666666666667,12,,,GX020808.MP4,180.5804,40.625,53.125,6.25,32,,,GX030808.MP4,180.5804,27.2727272727273,42.4242424242424,30.3030303030303,33,,,,,,,,
GX010808.MP4,180.9808,34.6153846153846,26.9230769230769,38.4615384615385,26,,,GX010809.MP4,180.9808,54.0983606557377,24.5901639344262,21.3114754098361,61,,,,,,,,,,,GX010811.MP4,180.9808,61.9047619047619,14.2857142857143,23.8095238095238,21,,,GX020808.MP4,180.9808,35.7142857142857,57.1428571428571,7.14285714285714,28,,,GX030808.MP4,180.9808,20,54.2857142857143,25.7142857142857,35,,,,,,,,
GX010808.MP4,181.3812,34.6153846153846,46.1538461538462,19.2307692307692,26,,,GX010809.MP4,181.3812,57.5757575757576,6.06060606060606,36.3636363636364,66,,,,,,,,,,,GX010811.MP4,181.3812,41.6666666666667,58.3333333333333,0,12,,,GX020808.MP4,181.3812,47.8260869565217,43.4782608695652,8.69565217391304,23,,,GX030808.MP4,181.3812,26.3157894736842,44.7368421052632,28.9473684210526,38,,,,,,,,
GX010808.MP4,181.7816,25,67.8571428571429,7.14285714285714,28,,,GX010809.MP4,181.7816,71.4285714285714,19.047619047619,9.52380952380952,63,,,,,,,,,,,GX010811.MP4,181.7816,50,35.7142857142857,14.2857142857143,14,,,GX020808.MP4,181.7816,42.8571428571429,42.8571428571429,14.2857142857143,28,,,GX030808.MP4,181.7816,21.4285714285714,50,28.5714285714286,28,,,,,,,,
GX010808.MP4,182.182,56.25,31.25,12.5,16,,,GX010809.MP4,182.182,58.75,26.25,15,80,,,,,,,,,,,GX010811.MP4,182.182,50,6.25,43.75,16,,,GX020808.MP4,182.182,42.3076923076923,38.4615384615385,19.2307692307692,26,,,GX030808.MP4,182.182,16.6666666666667,54.1666666666667,29.1666666666667,24,,,,,,,,
GX010808.MP4,182.5824,60,40,0,15,,,GX010809.MP4,182.5824,43.1372549019608,9.80392156862745,47.0588235294118,51,,,,,,,,,,,GX010811.MP4,182.5824,70.5882352941177,5.88235294117647,23.5294117647059,17,,,GX020808.MP4,182.5824,60,20,20,15,,,GX030808.MP4,182.5824,12.9032258064516,80.6451612903226,6.45161290322581,31,,,,,,,,
GX010808.MP4,182.9828,16,80,4,25,,,GX010809.MP4,182.9828,60.7142857142857,14.2857142857143,25,56,,,,,,,,,,,GX010811.MP4,182.9828,81.25,12.5,6.25,16,,,GX020808.MP4,182.9828,35,35,30,20,,,GX030808.MP4,182.9828,43.2432432432432,40.5405405405405,16.2162162162162,37,,,,,,,,
GX010808.MP4,183.3832,30,70,0,20,,,GX010809.MP4,183.3832,77.7777777777778,16.6666666666667,5.55555555555556,54,,,,,,,,,,,GX010811.MP4,183.3832,80,0,20,5,,,GX020808.MP4,183.3832,33.3333333333333,28.5714285714286,38.0952380952381,21,,,GX030808.MP4,183.3832,31.8181818181818,54.5454545454545,13.6363636363636,22,,,,,,,,
GX010808.MP4,183.7836,11.1111111111111,88.8888888888889,0,9,,,GX010809.MP4,183.7836,51.0204081632653,18.3673469387755,30.6122448979592,49,,,,,,,,,,,GX010811.MP4,183.7836,57.1428571428571,35.7142857142857,7.14285714285714,14,,,GX020808.MP4,183.7836,28,28,44,25,,,GX030808.MP4,183.7836,32.3529411764706,61.7647058823529,5.88235294117647,34,,,,,,,,
GX010808.MP4,184.184,32.1428571428571,60.7142857142857,7.14285714285714,28,,,GX010809.MP4,184.184,57.4468085106383,14.8936170212766,27.6595744680851,47,,,,,,,,,,,GX010811.MP4,184.184,0,33.3333333333333,66.6666666666667,3,,,GX020808.MP4,184.184,40,26.6666666666667,33.3333333333333,15,,,GX030808.MP4,184.184,37.5,43.75,18.75,32,,,,,,,,
GX010808.MP4,184.5844,28.125,46.875,25,32,,,GX010809.MP4,184.5844,75.4098360655738,13.1147540983607,11.4754098360656,61,,,,,,,,,,,GX010811.MP4,184.5844,66.6666666666667,8.33333333333333,25,12,,,GX020808.MP4,184.5844,43.75,12.5,43.75,16,,,GX030808.MP4,184.5844,53.5714285714286,39.2857142857143,7.14285714285714,28,,,,,,,,
GX010808.MP4,184.9848,27.2727272727273,45.4545454545455,27.2727272727273,11,,,GX010809.MP4,184.9848,70.4918032786885,13.1147540983607,16.3934426229508,61,,,,,,,,,,,GX010811.MP4,184.9848,100,0,0,4,,,GX020808.MP4,184.9848,33.3333333333333,46.6666666666667,20,15,,,GX030808.MP4,184.9848,23.5294117647059,38.2352941176471,38.2352941176471,34,,,,,,,,
GX010808.MP4,185.3852,35,45,20,20,,,GX010809.MP4,185.3852,54.7619047619048,33.3333333333333,11.9047619047619,42,,,,,,,,,,,GX010811.MP4,185.3852,50,36.3636363636364,13.6363636363636,22,,,GX020808.MP4,185.3852,31.5789473684211,36.8421052631579,31.5789473684211,19,,,GX030808.MP4,185.3852,12.5,67.5,20,40,,,,,,,,
GX010808.MP4,185.7856,27.2727272727273,54.5454545454545,18.1818181818182,11,,,GX010809.MP4,185.7856,68.75,18.75,12.5,48,,,,,,,,,,,GX010811.MP4,185.7856,33.3333333333333,66.6666666666667,0,9,,,GX020808.MP4,185.7856,43.75,18.75,37.5,16,,,GX030808.MP4,185.7856,56,32,12,25,,,,,,,,
GX010808.MP4,186.186,27.2727272727273,63.6363636363636,9.09090909090909,11,,,GX010809.MP4,186.186,72,20,8,50,,,,,,,,,,,GX010811.MP4,186.186,40,60,0,5,,,GX020808.MP4,186.186,52.3809523809524,42.8571428571429,4.76190476190476,21,,,GX030808.MP4,186.186,31.0344827586207,62.0689655172414,6.89655172413793,29,,,,,,,,
GX010808.MP4,186.5864,15.3846153846154,69.2307692307692,15.3846153846154,13,,,GX010809.MP4,186.5864,71.0526315789474,23.6842105263158,5.26315789473684,38,,,,,,,,,,,GX010811.MP4,186.5864,75,0,25,8,,,GX020808.MP4,186.5864,40,32,28,25,,,GX030808.MP4,186.5864,18.75,59.375,21.875,32,,,,,,,,
GX010808.MP4,186.9868,33.3333333333333,44.4444444444444,22.2222222222222,9,,,GX010809.MP4,186.9868,21.7391304347826,60.8695652173913,17.3913043478261,46,,,,,,,,,,,GX010811.MP4,186.9868,53.3333333333333,13.3333333333333,33.3333333333333,15,,,GX020808.MP4,186.9868,37.5,29.1666666666667,33.3333333333333,24,,,GX030808.MP4,186.9868,30,50,20,20,,,,,,,,
GX010808.MP4,187.3872,21.0526315789474,47.3684210526316,31.5789473684211,19,,,GX010809.MP4,187.3872,63.4920634920635,12.6984126984127,23.8095238095238,63,,,,,,,,,,,GX010811.MP4,187.3872,76.9230769230769,23.0769230769231,0,13,,,GX020808.MP4,187.3872,48.2758620689655,44.8275862068966,6.89655172413793,29,,,GX030808.MP4,187.3872,25,50,25,32,,,,,,,,
GX010808.MP4,187.7876,46.1538461538462,46.1538461538462,7.69230769230769,13,,,GX010809.MP4,187.7876,27.6595744680851,53.1914893617021,19.1489361702128,47,,,,,,,,,,,GX010811.MP4,187.7876,90.9090909090909,9.09090909090909,0,11,,,GX020808.MP4,187.7876,34.375,34.375,31.25,32,,,GX030808.MP4,187.7876,32.3529411764706,55.8823529411765,11.7647058823529,34,,,,,,,,
GX010808.MP4,188.188,40,50,10,30,,,GX010809.MP4,188.188,22.8070175438596,64.9122807017544,12.280701754386,57,,,,,,,,,,,GX010811.MP4,188.188,84.6153846153846,15.3846153846154,0,13,,,GX020808.MP4,188.188,56.5217391304348,21.7391304347826,21.7391304347826,23,,,GX030808.MP4,188.188,15.1515151515152,66.6666666666667,18.1818181818182,33,,,,,,,,
GX010808.MP4,188.5884,19.047619047619,80.952380952381,0,21,,,GX010809.MP4,188.5884,77.7777777777778,13.8888888888889,8.33333333333333,36,,,,,,,,,,,GX010811.MP4,188.5884,50,50,0,12,,,GX020808.MP4,188.5884,53.8461538461539,34.6153846153846,11.5384615384615,26,,,GX030808.MP4,188.5884,30.4347826086957,52.1739130434783,17.3913043478261,23,,,,,,,,
GX010808.MP4,188.9888,28,56,16,25,,,GX010809.MP4,188.9888,69.1176470588235,13.2352941176471,17.6470588235294,68,,,,,,,,,,,GX010811.MP4,188.9888,75,12.5,12.5,16,,,GX020808.MP4,188.9888,71.4285714285714,17.8571428571429,10.7142857142857,28,,,GX030808.MP4,188.9888,28.5714285714286,51.4285714285714,20,35,,,,,,,,
GX010808.MP4,189.3892,40,52,8,25,,,GX010809.MP4,189.3892,42.5,45,12.5,40,,,,,,,,,,,GX010811.MP4,189.3892,85.7142857142857,14.2857142857143,0,7,,,GX020808.MP4,189.3892,57.8947368421053,21.0526315789474,21.0526315789474,38,,,GX030808.MP4,189.3892,26.6666666666667,56.6666666666667,16.6666666666667,30,,,,,,,,
GX010808.MP4,189.7896,39.2857142857143,53.5714285714286,7.14285714285714,28,,,GX010809.MP4,189.7896,46.5116279069767,30.2325581395349,23.2558139534884,43,,,,,,,,,,,GX010811.MP4,189.7896,84.6153846153846,15.3846153846154,0,13,,,GX020808.MP4,189.7896,50,28.5714285714286,21.4285714285714,28,,,GX030808.MP4,189.7896,18.9189189189189,59.4594594594595,21.6216216216216,37,,,,,,,,
GX010808.MP4,190.19,33.3333333333333,52.3809523809524,14.2857142857143,21,,,GX010809.MP4,190.19,64.5161290322581,16.1290322580645,19.3548387096774,31,,,,,,,,,,,GX010811.MP4,190.19,46.1538461538462,23.0769230769231,30.7692307692308,13,,,GX020808.MP4,190.19,41.8604651162791,41.8604651162791,16.2790697674419,43,,,GX030808.MP4,190.19,19.5652173913043,60.8695652173913,19.5652173913043,46,,,,,,,,
GX010808.MP4,190.5904,37.9310344827586,48.2758620689655,13.7931034482759,29,,,GX010809.MP4,190.5904,61.5384615384615,35.8974358974359,2.56410256410256,39,,,,,,,,,,,GX010811.MP4,190.5904,38.4615384615385,46.1538461538462,15.3846153846154,13,,,GX020808.MP4,190.5904,57.5,17.5,25,40,,,GX030808.MP4,190.5904,23.3333333333333,53.3333333333333,23.3333333333333,30,,,,,,,,
GX010808.MP4,190.9908,42.8571428571429,35.7142857142857,21.4285714285714,28,,,GX010809.MP4,190.9908,70.5882352941177,20.5882352941176,8.82352941176471,34,,,,,,,,,,,GX010811.MP4,190.9908,66.6666666666667,22.2222222222222,11.1111111111111,9,,,GX020808.MP4,190.9908,47.7272727272727,22.7272727272727,29.5454545454545,44,,,GX030808.MP4,190.9908,27.7777777777778,58.3333333333333,13.8888888888889,36,,,,,,,,
GX010808.MP4,191.3912,34.375,46.875,18.75,32,,,GX010809.MP4,191.3912,62.0689655172414,12.0689655172414,25.8620689655172,58,,,,,,,,,,,GX010811.MP4,191.3912,68.75,25,6.25,16,,,GX020808.MP4,191.3912,41.1764705882353,29.4117647058824,29.4117647058824,34,,,GX030808.MP4,191.3912,29.4117647058824,64.7058823529412,5.88235294117647,17,,,,,,,,
GX010808.MP4,191.7916,24.1379310344828,55.1724137931034,20.6896551724138,29,,,GX010809.MP4,191.7916,53.8461538461539,38.4615384615385,7.69230769230769,13,,,,,,,,,,,GX010811.MP4,191.7916,61.9047619047619,23.8095238095238,14.2857142857143,21,,,GX020808.MP4,191.7916,25.8064516129032,51.6129032258065,22.5806451612903,31,,,GX030808.MP4,191.7916,25,66.6666666666667,8.33333333333333,24,,,,,,,,
GX010808.MP4,192.192,46.1538461538462,38.4615384615385,15.3846153846154,26,,,GX010809.MP4,192.192,70.8333333333333,12.5,16.6666666666667,24,,,,,,,,,,,GX010811.MP4,192.192,66.6666666666667,25,8.33333333333333,12,,,GX020808.MP4,192.192,18.75,53.125,28.125,32,,,GX030808.MP4,192.192,34.375,43.75,21.875,32,,,,,,,,
GX010808.MP4,192.5924,37.9310344827586,48.2758620689655,13.7931034482759,29,,,GX010809.MP4,192.5924,20,67.5,12.5,40,,,,,,,,,,,GX010811.MP4,192.5924,57.1428571428571,14.2857142857143,28.5714285714286,21,,,GX020808.MP4,192.5924,43.3333333333333,30,26.6666666666667,30,,,GX030808.MP4,192.5924,36,52,12,25,,,,,,,,
GX010808.MP4,192.9928,36,56,8,25,,,GX010809.MP4,192.9928,56,44,0,25,,,,,,,,,,,GX010811.MP4,192.9928,40,20,40,10,,,GX020808.MP4,192.9928,27.027027027027,29.7297297297297,43.2432432432432,37,,,GX030808.MP4,192.9928,25,32.5,42.5,40,,,,,,,,
GX010808.MP4,193.3932,41.1764705882353,47.0588235294118,11.7647058823529,17,,,GX010809.MP4,193.3932,73.6842105263158,15.7894736842105,10.5263157894737,57,,,,,,,,,,,GX010811.MP4,193.3932,55.1724137931034,44.8275862068966,0,29,,,GX020808.MP4,193.3932,20.5128205128205,56.4102564102564,23.0769230769231,39,,,GX030808.MP4,193.3932,29.0322580645161,45.1612903225806,25.8064516129032,31,,,,,,,,
GX010808.MP4,193.7936,45.4545454545455,45.4545454545455,9.09090909090909,11,,,GX010809.MP4,193.7936,68.8888888888889,4.44444444444445,26.6666666666667,45,,,,,,,,,,,GX010811.MP4,193.7936,33.3333333333333,38.8888888888889,27.7777777777778,18,,,GX020808.MP4,193.7936,40,25.7142857142857,34.2857142857143,35,,,GX030808.MP4,193.7936,9.09090909090909,75.7575757575758,15.1515151515152,33,,,,,,,,
GX010808.MP4,194.194,33.3333333333333,66.6666666666667,0,12,,,GX010809.MP4,194.194,69.7674418604651,11.6279069767442,18.6046511627907,43,,,,,,,,,,,GX010811.MP4,194.194,63.3333333333333,20,16.6666666666667,30,,,GX020808.MP4,194.194,40,10,50,40,,,GX030808.MP4,194.194,50,29.5454545454545,20.4545454545455,44,,,,,,,,
GX010808.MP4,194.5944,8.82352941176471,76.4705882352941,14.7058823529412,34,,,GX010809.MP4,194.5944,66.6666666666667,33.3333333333333,0,9,,,,,,,,,,,GX010811.MP4,194.5944,63.6363636363636,9.09090909090909,27.2727272727273,11,,,GX020808.MP4,194.5944,31.25,40.625,28.125,32,,,GX030808.MP4,194.5944,22.8571428571429,57.1428571428571,20,35,,,,,,,,
GX010808.MP4,194.9948,11.7647058823529,79.4117647058824,8.82352941176471,34,,,GX010809.MP4,194.9948,52.5423728813559,28.8135593220339,18.6440677966102,59,,,,,,,,,,,GX010811.MP4,194.9948,54.5454545454545,18.1818181818182,27.2727272727273,11,,,GX020808.MP4,194.9948,50,12.5,37.5,16,,,GX030808.MP4,194.9948,14.7058823529412,82.3529411764706,2.94117647058824,34,,,,,,,,
GX010808.MP4,195.3952,26.0869565217391,30.4347826086957,43.4782608695652,23,,,GX010809.MP4,195.3952,59.375,39.0625,1.5625,64,,,,,,,,,,,GX010811.MP4,195.3952,83.3333333333333,16.6666666666667,0,12,,,GX020808.MP4,195.3952,46.1538461538462,35.8974358974359,17.948717948718,39,,,GX030808.MP4,195.3952,13.0434782608696,76.0869565217391,10.8695652173913,46,,,,,,,,
GX010808.MP4,195.7956,44.8275862068966,51.7241379310345,3.44827586206897,29,,,GX010809.MP4,195.7956,41.3793103448276,53.448275862069,5.17241379310345,58,,,,,,,,,,,GX010811.MP4,195.7956,75,25,0,8,,,GX020808.MP4,195.7956,32.3529411764706,50,17.6470588235294,34,,,GX030808.MP4,195.7956,35,57.5,7.5,40,,,,,,,,
GX010808.MP4,196.196,41.3793103448276,51.7241379310345,6.89655172413793,29,,,GX010809.MP4,196.196,44.4444444444444,27.7777777777778,27.7777777777778,36,,,,,,,,,,,GX010811.MP4,196.196,25,50,25,12,,,GX020808.MP4,196.196,39.2857142857143,28.5714285714286,32.1428571428571,28,,,GX030808.MP4,196.196,20.6896551724138,65.5172413793104,13.7931034482759,29,,,,,,,,
GX010808.MP4,196.5964,13.3333333333333,53.3333333333333,33.3333333333333,15,,,GX010809.MP4,196.5964,45.1612903225806,32.258064516129,22.5806451612903,31,,,,,,,,,,,GX010811.MP4,196.5964,66.6666666666667,16.6666666666667,16.6666666666667,12,,,GX020808.MP4,196.5964,22.2222222222222,77.7777777777778,0,18,,,GX030808.MP4,196.5964,21.7391304347826,39.1304347826087,39.1304347826087,23,,,,,,,,
GX010808.MP4,196.9968,16.6666666666667,50,33.3333333333333,18,,,GX010809.MP4,196.9968,23.0769230769231,38.4615384615385,38.4615384615385,13,,,,,,,,,,,GX010811.MP4,196.9968,50,16.6666666666667,33.3333333333333,6,,,GX020808.MP4,196.9968,51.6129032258065,32.258064516129,16.1290322580645,31,,,GX030808.MP4,196.9968,16.2162162162162,29.7297297297297,54.0540540540541,37,,,,,,,,
GX010808.MP4,197.3972,15,60,25,20,,,GX010809.MP4,197.3972,46.1538461538462,28.8461538461538,25,52,,,,,,,,,,,GX010811.MP4,197.3972,66.6666666666667,11.1111111111111,22.2222222222222,9,,,GX020808.MP4,197.3972,37.037037037037,48.1481481481481,14.8148148148148,27,,,GX030808.MP4,197.3972,31.0344827586207,3.44827586206897,65.5172413793104,29,,,,,,,,
GX010808.MP4,197.7976,33.3333333333333,47.6190476190476,19.047619047619,21,,,GX010809.MP4,197.7976,65.3846153846154,23.0769230769231,11.5384615384615,52,,,,,,,,,,,GX010811.MP4,197.7976,66.6666666666667,11.1111111111111,22.2222222222222,9,,,GX020808.MP4,197.7976,44.4444444444444,29.6296296296296,25.9259259259259,27,,,GX030808.MP4,197.7976,10,73.3333333333333,16.6666666666667,30,,,,,,,,
GX010808.MP4,198.198,21.4285714285714,64.2857142857143,14.2857142857143,14,,,GX010809.MP4,198.198,61.9047619047619,23.8095238095238,14.2857142857143,42,,,,,,,,,,,GX010811.MP4,198.198,80,0,20,15,,,GX020808.MP4,198.198,58.1395348837209,20.9302325581395,20.9302325581395,43,,,GX030808.MP4,198.198,0,100,0,23,,,,,,,,
GX010808.MP4,198.5984,23.5294117647059,76.4705882352941,0,17,,,GX010809.MP4,198.5984,44.6808510638298,48.936170212766,6.38297872340426,47,,,,,,,,,,,GX010811.MP4,198.5984,35.7142857142857,64.2857142857143,0,14,,,GX020808.MP4,198.5984,47.1698113207547,37.7358490566038,15.0943396226415,53,,,GX030808.MP4,198.5984,9.67741935483871,90.3225806451613,0,31,,,,,,,,
GX010808.MP4,198.9988,8.33333333333333,91.6666666666667,0,12,,,GX010809.MP4,198.9988,34.8484848484849,45.4545454545455,19.6969696969697,66,,,,,,,,,,,GX010811.MP4,198.9988,83.3333333333333,16.6666666666667,0,6,,,GX020808.MP4,198.9988,43.4782608695652,43.4782608695652,13.0434782608696,46,,,GX030808.MP4,198.9988,21.9512195121951,63.4146341463415,14.6341463414634,41,,,,,,,,
GX010808.MP4,199.3992,0,88.2352941176471,11.7647058823529,17,,,GX010809.MP4,199.3992,47.2727272727273,45.4545454545455,7.27272727272727,55,,,,,,,,,,,GX010811.MP4,199.3992,60,20,20,5,,,GX020808.MP4,199.3992,43.5897435897436,23.0769230769231,33.3333333333333,39,,,GX030808.MP4,199.3992,23.0769230769231,64.1025641025641,12.8205128205128,39,,,,,,,,
GX010808.MP4,199.7996,34.7826086956522,56.5217391304348,8.69565217391304,23,,,GX010809.MP4,199.7996,62.7118644067797,15.2542372881356,22.0338983050847,59,,,,,,,,,,,GX010811.MP4,199.7996,50,50,0,8,,,GX020808.MP4,199.7996,67.5675675675676,21.6216216216216,10.8108108108108,37,,,GX030808.MP4,199.7996,16.6666666666667,60,23.3333333333333,30,,,,,,,,
GX010808.MP4,200.2,21.875,78.125,0,32,,,GX010809.MP4,200.2,17.3913043478261,65.2173913043478,17.3913043478261,46,,,,,,,,,,,GX010811.MP4,200.2,31.5789473684211,68.421052631579,0,19,,,GX020808.MP4,200.2,36.3636363636364,0,63.6363636363636,11,,,GX030808.MP4,200.2,19.047619047619,47.6190476190476,33.3333333333333,42,,,,,,,,
GX010808.MP4,200.6004,8.33333333333333,79.1666666666667,12.5,24,,,GX010809.MP4,200.6004,32.1428571428571,50,17.8571428571429,56,,,,,,,,,,,GX010811.MP4,200.6004,58.8235294117647,41.1764705882353,0,17,,,GX020808.MP4,200.6004,36.3636363636364,30.3030303030303,33.3333333333333,33,,,GX030808.MP4,200.6004,20.5128205128205,58.974358974359,20.5128205128205,39,,,,,,,,
GX010808.MP4,201.0008,21.4285714285714,64.2857142857143,14.2857142857143,28,,,GX010809.MP4,201.0008,68.3333333333333,16.6666666666667,15,60,,,,,,,,,,,GX010811.MP4,201.0008,68.1818181818182,13.6363636363636,18.1818181818182,22,,,GX020808.MP4,201.0008,58.3333333333333,8.33333333333333,33.3333333333333,12,,,GX030808.MP4,201.0008,23.8095238095238,52.3809523809524,23.8095238095238,42,,,,,,,,
GX010808.MP4,201.4012,26.9230769230769,46.1538461538462,26.9230769230769,26,,,GX010809.MP4,201.4012,68,28,4,25,,,,,,,,,,,GX010811.MP4,201.4012,56.25,37.5,6.25,16,,,GX020808.MP4,201.4012,55.2631578947369,34.2105263157895,10.5263157894737,38,,,GX030808.MP4,201.4012,16.6666666666667,66.6666666666667,16.6666666666667,48,,,,,,,,
GX010808.MP4,201.8016,27.5862068965517,62.0689655172414,10.3448275862069,29,,,GX010809.MP4,201.8016,67.2131147540984,27.8688524590164,4.91803278688525,61,,,,,,,,,,,GX010811.MP4,201.8016,33.3333333333333,33.3333333333333,33.3333333333333,6,,,GX020808.MP4,201.8016,44.4444444444444,29.6296296296296,25.9259259259259,27,,,GX030808.MP4,201.8016,26.6666666666667,68.8888888888889,4.44444444444445,45,,,,,,,,
GX010808.MP4,202.202,21.4285714285714,57.1428571428571,21.4285714285714,14,,,GX010809.MP4,202.202,44.4444444444444,20.3703703703704,35.1851851851852,54,,,,,,,,,,,GX010811.MP4,202.202,62.5,25,12.5,16,,,GX020808.MP4,202.202,58.8235294117647,20.5882352941176,20.5882352941176,34,,,GX030808.MP4,202.202,29.0322580645161,58.0645161290323,12.9032258064516,31,,,,,,,,
GX010808.MP4,202.6024,46.4285714285714,42.8571428571429,10.7142857142857,28,,,GX010809.MP4,202.6024,50,40.4761904761905,9.52380952380952,42,,,,,,,,,,,GX010811.MP4,202.6024,58.8235294117647,23.5294117647059,17.6470588235294,17,,,GX020808.MP4,202.6024,57.1428571428571,22.8571428571429,20,35,,,GX030808.MP4,202.6024,24.3243243243243,67.5675675675676,8.10810810810811,37,,,,,,,,
GX010808.MP4,203.0028,27.5862068965517,72.4137931034483,0,29,,,GX010809.MP4,203.0028,51.6129032258065,38.7096774193548,9.67741935483871,31,,,,,,,,,,,GX010811.MP4,203.0028,33.3333333333333,66.6666666666667,0,15,,,GX020808.MP4,203.0028,15.7894736842105,84.2105263157895,0,19,,,GX030808.MP4,203.0028,37.8378378378378,43.2432432432432,18.9189189189189,37,,,,,,,,
GX010808.MP4,203.4032,40.7407407407407,48.1481481481481,11.1111111111111,27,,,GX010809.MP4,203.4032,30.5084745762712,54.2372881355932,15.2542372881356,59,,,,,,,,,,,GX010811.MP4,203.4032,73.6842105263158,5.26315789473684,21.0526315789474,19,,,GX020808.MP4,203.4032,6.25,93.75,0,16,,,GX030808.MP4,203.4032,18.75,46.875,34.375,32,,,,,,,,
GX010808.MP4,203.8036,12,60,28,25,,,GX010809.MP4,203.8036,26,66,8,50,,,,,,,,,,,GX010811.MP4,203.8036,86.3636363636364,4.54545454545455,9.09090909090909,22,,,GX020808.MP4,203.8036,33.3333333333333,16.6666666666667,50,30,,,GX030808.MP4,203.8036,21.875,53.125,25,32,,,,,,,,
GX010808.MP4,204.204,15,85,0,20,,,GX010809.MP4,204.204,33.3333333333333,50,16.6666666666667,12,,,,,,,,,,,GX010811.MP4,204.204,36.8421052631579,36.8421052631579,26.3157894736842,19,,,GX020808.MP4,204.204,35.7142857142857,25,39.2857142857143,28,,,GX030808.MP4,204.204,26.3157894736842,47.3684210526316,26.3157894736842,38,,,,,,,,
GX010808.MP4,204.6044,22.7272727272727,63.6363636363636,13.6363636363636,22,,,GX010809.MP4,204.6044,48.6486486486487,35.1351351351351,16.2162162162162,37,,,,,,,,,,,GX010811.MP4,204.6044,80,20,0,15,,,GX020808.MP4,204.6044,21.2121212121212,33.3333333333333,45.4545454545455,33,,,GX030808.MP4,204.6044,9.375,65.625,25,32,,,,,,,,
GX010808.MP4,205.0048,14.2857142857143,80.952380952381,4.76190476190476,21,,,GX010809.MP4,205.0048,43.9024390243903,26.8292682926829,29.2682926829268,41,,,,,,,,,,,GX010811.MP4,205.0048,45,35,20,20,,,GX020808.MP4,205.0048,20,80,0,20,,,GX030808.MP4,205.0048,14.7058823529412,70.5882352941177,14.7058823529412,34,,,,,,,,
GX010808.MP4,205.4052,15,70,15,20,,,GX010809.MP4,205.4052,71.4285714285714,26.530612244898,2.04081632653061,49,,,,,,,,,,,GX010811.MP4,205.4052,50,42.8571428571429,7.14285714285714,14,,,GX020808.MP4,205.4052,22.2222222222222,74.0740740740741,3.7037037037037,27,,,GX030808.MP4,205.4052,13.7931034482759,75.8620689655172,10.3448275862069,29,,,,,,,,
GX010808.MP4,205.8056,21.0526315789474,73.6842105263158,5.26315789473684,19,,,GX010809.MP4,205.8056,41.6666666666667,30.5555555555556,27.7777777777778,36,,,,,,,,,,,GX010811.MP4,205.8056,58.8235294117647,17.6470588235294,23.5294117647059,17,,,GX020808.MP4,205.8056,25,60,15,20,,,GX030808.MP4,205.8056,12,76,12,25,,,,,,,,
GX010808.MP4,206.206,10,55,35,20,,,GX010809.MP4,206.206,67.5,7.5,25,40,,,,,,,,,,,GX010811.MP4,206.206,40,40,20,5,,,GX020808.MP4,206.206,29.0322580645161,54.8387096774194,16.1290322580645,31,,,GX030808.MP4,206.206,31.0344827586207,62.0689655172414,6.89655172413793,29,,,,,,,,
GX010808.MP4,206.6064,16.1290322580645,51.6129032258065,32.258064516129,31,,,GX010809.MP4,206.6064,70.7317073170732,12.1951219512195,17.0731707317073,41,,,,,,,,,,,GX010811.MP4,206.6064,35.7142857142857,21.4285714285714,42.8571428571429,14,,,GX020808.MP4,206.6064,40.9090909090909,59.0909090909091,0,22,,,GX030808.MP4,206.6064,24,60,16,25,,,,,,,,
GX010808.MP4,207.0068,25.9259259259259,51.8518518518519,22.2222222222222,27,,,GX010809.MP4,207.0068,47.2727272727273,43.6363636363636,9.09090909090909,55,,,,,,,,,,,GX010811.MP4,207.0068,70.5882352941177,17.6470588235294,11.7647058823529,17,,,GX020808.MP4,207.0068,50,25,25,12,,,GX030808.MP4,207.0068,8.69565217391304,69.5652173913043,21.7391304347826,23,,,,,,,,
GX010808.MP4,207.4072,19.2307692307692,69.2307692307692,11.5384615384615,26,,,GX010809.MP4,207.4072,36.7647058823529,10.2941176470588,52.9411764705882,68,,,,,,,,,,,GX010811.MP4,207.4072,82.3529411764706,17.6470588235294,0,17,,,GX020808.MP4,207.4072,23.5294117647059,41.1764705882353,35.2941176470588,17,,,GX030808.MP4,207.4072,10.5263157894737,73.6842105263158,15.7894736842105,19,,,,,,,,
GX010808.MP4,207.8076,17.8571428571429,78.5714285714286,3.57142857142857,28,,,GX010809.MP4,207.8076,66.6666666666667,24.2424242424242,9.09090909090909,33,,,,,,,,,,,GX010811.MP4,207.8076,64.7058823529412,35.2941176470588,0,17,,,GX020808.MP4,207.8076,53.8461538461539,15.3846153846154,30.7692307692308,13,,,GX030808.MP4,207.8076,12.5,62.5,25,32,,,,,,,,
GX010808.MP4,208.208,30,55,15,20,,,GX010809.MP4,208.208,71.4285714285714,25.7142857142857,2.85714285714286,35,,,,,,,,,,,GX010811.MP4,208.208,76.4705882352941,17.6470588235294,5.88235294117647,17,,,GX020808.MP4,208.208,33.3333333333333,33.3333333333333,33.3333333333333,9,,,GX030808.MP4,208.208,16.1290322580645,67.741935483871,16.1290322580645,31,,,,,,,,
GX010808.MP4,208.6084,45,55,0,20,,,GX010809.MP4,208.6084,30.2325581395349,65.1162790697674,4.65116279069768,43,,,,,,,,,,,GX010811.MP4,208.6084,71.4285714285714,7.14285714285714,21.4285714285714,14,,,GX020808.MP4,208.6084,37.5,45.8333333333333,16.6666666666667,24,,,GX030808.MP4,208.6084,12,44,44,25,,,,,,,,
GX010808.MP4,209.0088,31.8181818181818,54.5454545454545,13.6363636363636,22,,,GX010809.MP4,209.0088,57.1428571428571,10.7142857142857,32.1428571428571,28,,,,,,,,,,,GX010811.MP4,209.0088,64.2857142857143,28.5714285714286,7.14285714285714,14,,,GX020808.MP4,209.0088,18.75,18.75,62.5,16,,,GX030808.MP4,209.0088,23.5294117647059,58.8235294117647,17.6470588235294,17,,,,,,,,
GX010808.MP4,209.4092,25,55,20,20,,,GX010809.MP4,209.4092,28.5714285714286,57.1428571428571,14.2857142857143,14,,,,,,,,,,,GX010811.MP4,209.4092,61.5384615384615,15.3846153846154,23.0769230769231,13,,,GX020808.MP4,209.4092,5.88235294117647,11.7647058823529,82.3529411764706,17,,,GX030808.MP4,209.4092,4.16666666666667,54.1666666666667,41.6666666666667,24,,,,,,,,
GX010808.MP4,209.8096,0,83.3333333333333,16.6666666666667,6,,,GX010809.MP4,209.8096,73.3333333333333,5,21.6666666666667,60,,,,,,,,,,,GX010811.MP4,209.8096,68.75,25,6.25,16,,,GX020808.MP4,209.8096,4.76190476190476,14.2857142857143,80.952380952381,21,,,GX030808.MP4,209.8096,42.1052631578947,57.8947368421053,0,19,,,,,,,,
GX010808.MP4,210.21,11.5384615384615,65.3846153846154,23.0769230769231,26,,,GX010809.MP4,210.21,67.2727272727273,3.63636363636364,29.0909090909091,55,,,,,,,,,,,GX010811.MP4,210.21,30,60,10,10,,,GX020808.MP4,210.21,21.7391304347826,17.3913043478261,60.8695652173913,23,,,GX030808.MP4,210.21,24.2424242424242,45.4545454545455,30.3030303030303,33,,,,,,,,
GX010808.MP4,210.6104,0,50,50,2,,,GX010809.MP4,210.6104,40,20,40,20,,,,,,,,,,,GX010811.MP4,210.6104,66.6666666666667,6.66666666666667,26.6666666666667,15,,,GX020808.MP4,210.6104,52.3809523809524,28.5714285714286,19.047619047619,21,,,GX030808.MP4,210.6104,32.258064516129,54.8387096774194,12.9032258064516,31,,,,,,,,
GX010808.MP4,211.0108,25,50,25,8,,,GX010809.MP4,211.0108,81.3559322033898,5.08474576271187,13.5593220338983,59,,,,,,,,,,,GX010811.MP4,211.0108,14.2857142857143,21.4285714285714,64.2857142857143,14,,,GX020808.MP4,211.0108,39.2857142857143,39.2857142857143,21.4285714285714,28,,,GX030808.MP4,211.0108,34.7826086956522,47.8260869565217,17.3913043478261,23,,,,,,,,
GX010808.MP4,211.4112,16.6666666666667,83.3333333333333,0,12,,,GX010809.MP4,211.4112,14.2857142857143,33.3333333333333,52.3809523809524,21,,,,,,,,,,,GX010811.MP4,211.4112,45.4545454545455,27.2727272727273,27.2727272727273,11,,,GX020808.MP4,211.4112,41.6666666666667,38.8888888888889,19.4444444444444,36,,,GX030808.MP4,211.4112,24.1379310344828,65.5172413793104,10.3448275862069,29,,,,,,,,
GX010808.MP4,211.8116,20,80,0,5,,,GX010809.MP4,211.8116,56.4102564102564,33.3333333333333,10.2564102564103,39,,,,,,,,,,,GX010811.MP4,211.8116,42.1052631578947,52.6315789473684,5.26315789473684,19,,,GX020808.MP4,211.8116,29.6296296296296,55.5555555555556,14.8148148148148,27,,,GX030808.MP4,211.8116,16.6666666666667,72.2222222222222,11.1111111111111,18,,,,,,,,
GX010808.MP4,212.212,13.6363636363636,81.8181818181818,4.54545454545455,22,,,GX010809.MP4,212.212,68.75,14.5833333333333,16.6666666666667,48,,,,,,,,,,,GX010811.MP4,212.212,36.3636363636364,63.6363636363636,0,11,,,GX020808.MP4,212.212,46.6666666666667,30,23.3333333333333,30,,,GX030808.MP4,212.212,16.6666666666667,73.3333333333333,10,30,,,,,,,,
GX010808.MP4,212.6124,21.0526315789474,68.421052631579,10.5263157894737,19,,,GX010809.MP4,212.6124,67.3469387755102,10.2040816326531,22.4489795918367,49,,,,,,,,,,,GX010811.MP4,212.6124,36.8421052631579,47.3684210526316,15.7894736842105,19,,,GX020808.MP4,212.6124,21.0526315789474,36.8421052631579,42.1052631578947,19,,,GX030808.MP4,212.6124,19.2307692307692,57.6923076923077,23.0769230769231,26,,,,,,,,
GX010808.MP4,213.0128,38.4615384615385,61.5384615384615,0,13,,,GX010809.MP4,213.0128,65.1162790697674,23.2558139534884,11.6279069767442,43,,,,,,,,,,,GX010811.MP4,213.0128,50,50,0,14,,,GX020808.MP4,213.0128,0,100,0,18,,,GX030808.MP4,213.0128,25,63.8888888888889,11.1111111111111,36,,,,,,,,
GX010808.MP4,213.4132,27.7777777777778,66.6666666666667,5.55555555555556,18,,,GX010809.MP4,213.4132,90.4761904761905,6.34920634920635,3.17460317460317,63,,,,,,,,,,,GX010811.MP4,213.4132,38.4615384615385,46.1538461538462,15.3846153846154,13,,,GX020808.MP4,213.4132,7.14285714285714,64.2857142857143,28.5714285714286,14,,,GX030808.MP4,213.4132,30.7692307692308,57.6923076923077,11.5384615384615,26,,,,,,,,
GX010808.MP4,213.8136,23.0769230769231,61.5384615384615,15.3846153846154,26,,,GX010809.MP4,213.8136,53.8461538461539,46.1538461538462,0,26,,,,,,,,,,,GX010811.MP4,213.8136,54.5454545454545,45.4545454545455,0,11,,,GX020808.MP4,213.8136,18.1818181818182,36.3636363636364,45.4545454545455,22,,,GX030808.MP4,213.8136,13.6363636363636,68.1818181818182,18.1818181818182,22,,,,,,,,
GX010808.MP4,214.214,0,80.952380952381,19.047619047619,21,,,GX010809.MP4,214.214,61.9047619047619,11.9047619047619,26.1904761904762,42,,,,,,,,,,,GX010811.MP4,214.214,58.3333333333333,16.6666666666667,25,12,,,GX020808.MP4,214.214,72.7272727272727,18.1818181818182,9.09090909090909,11,,,GX030808.MP4,214.214,23.3333333333333,63.3333333333333,13.3333333333333,30,,,,,,,,
GX010808.MP4,214.6144,29.0322580645161,64.5161290322581,6.45161290322581,31,,,GX010809.MP4,214.6144,60.7142857142857,3.57142857142857,35.7142857142857,56,,,,,,,,,,,GX010811.MP4,214.6144,80,20,0,15,,,GX020808.MP4,214.6144,13.7931034482759,68.9655172413793,17.2413793103448,29,,,GX030808.MP4,214.6144,50,45.8333333333333,4.16666666666667,24,,,,,,,,
GX010808.MP4,215.0148,0,56.25,43.75,32,,,GX010809.MP4,215.0148,31.1111111111111,57.7777777777778,11.1111111111111,45,,,,,,,,,,,GX010811.MP4,215.0148,61.5384615384615,30.7692307692308,7.69230769230769,13,,,GX020808.MP4,215.0148,30,40,30,20,,,GX030808.MP4,215.0148,20.6896551724138,68.9655172413793,10.3448275862069,29,,,,,,,,
GX010808.MP4,215.4152,4.34782608695652,69.5652173913043,26.0869565217391,23,,,GX010809.MP4,215.4152,52.5,12.5,35,40,,,,,,,,,,,GX010811.MP4,215.4152,53.8461538461539,38.4615384615385,7.69230769230769,13,,,GX020808.MP4,215.4152,75,16.6666666666667,8.33333333333333,12,,,GX030808.MP4,215.4152,35,45,20,20,,,,,,,,
GX010808.MP4,215.8156,8.33333333333333,75,16.6666666666667,12,,,GX010809.MP4,215.8156,71.7391304347826,8.69565217391304,19.5652173913043,46,,,,,,,,,,,GX010811.MP4,215.8156,30.7692307692308,61.5384615384615,7.69230769230769,13,,,GX020808.MP4,215.8156,12.5,75,12.5,8,,,GX030808.MP4,215.8156,40.9090909090909,50,9.09090909090909,22,,,,,,,,
GX010808.MP4,216.216,3.44827586206897,82.7586206896552,13.7931034482759,29,,,GX010809.MP4,216.216,60,20,20,35,,,,,,,,,,,GX010811.MP4,216.216,60,40,0,5,,,GX020808.MP4,216.216,25,41.6666666666667,33.3333333333333,12,,,GX030808.MP4,216.216,13.0434782608696,73.9130434782609,13.0434782608696,23,,,,,,,,
GX010808.MP4,216.6164,3.7037037037037,81.4814814814815,14.8148148148148,27,,,GX010809.MP4,216.6164,69.2307692307692,11.5384615384615,19.2307692307692,26,,,,,,,,,,,GX010811.MP4,216.6164,77.7777777777778,11.1111111111111,11.1111111111111,9,,,GX020808.MP4,216.6164,53.8461538461539,7.69230769230769,38.4615384615385,13,,,GX030808.MP4,216.6164,25.8064516129032,61.2903225806452,12.9032258064516,31,,,,,,,,
GX010808.MP4,217.0168,8.10810810810811,81.0810810810811,10.8108108108108,37,,,GX010809.MP4,217.0168,78.9473684210526,5.26315789473684,15.7894736842105,19,,,,,,,,,,,GX010811.MP4,217.0168,47.3684210526316,36.8421052631579,15.7894736842105,19,,,GX020808.MP4,217.0168,52.9411764705882,17.6470588235294,29.4117647058824,17,,,GX030808.MP4,217.0168,18.5185185185185,70.3703703703704,11.1111111111111,27,,,,,,,,
GX010808.MP4,217.4172,17.2413793103448,79.3103448275862,3.44827586206897,29,,,GX010809.MP4,217.4172,44.4444444444444,16.6666666666667,38.8888888888889,18,,,,,,,,,,,GX010811.MP4,217.4172,75,25,0,4,,,GX020808.MP4,217.4172,43.9024390243903,12.1951219512195,43.9024390243903,41,,,GX030808.MP4,217.4172,33.3333333333333,50,16.6666666666667,30,,,,,,,,
GX010808.MP4,217.8176,14.2857142857143,85.7142857142857,0,7,,,GX010809.MP4,217.8176,58.8235294117647,35.2941176470588,5.88235294117647,17,,,,,,,,,,,GX010811.MP4,217.8176,33.3333333333333,40,26.6666666666667,15,,,GX020808.MP4,217.8176,53.3333333333333,16.6666666666667,30,30,,,GX030808.MP4,217.8176,37.9310344827586,58.6206896551724,3.44827586206897,29,,,,,,,,
GX010808.MP4,218.218,11.1111111111111,33.3333333333333,55.5555555555556,18,,,GX010809.MP4,218.218,12.5,83.3333333333333,4.16666666666667,48,,,,,,,,,,,GX010811.MP4,218.218,40,33.3333333333333,26.6666666666667,15,,,GX020808.MP4,218.218,40.5405405405405,32.4324324324324,27.027027027027,37,,,GX030808.MP4,218.218,21.875,50,28.125,32,,,,,,,,
GX010808.MP4,218.6184,38.4615384615385,46.1538461538462,15.3846153846154,13,,,GX010809.MP4,218.6184,51.063829787234,2.12765957446809,46.8085106382979,47,,,,,,,,,,,GX010811.MP4,218.6184,10.5263157894737,78.9473684210526,10.5263157894737,19,,,GX020808.MP4,218.6184,8.69565217391304,78.2608695652174,13.0434782608696,23,,,GX030808.MP4,218.6184,34.7826086956522,47.8260869565217,17.3913043478261,23,,,,,,,,
GX010808.MP4,219.0188,10.7142857142857,78.5714285714286,10.7142857142857,28,,,GX010809.MP4,219.0188,64.2857142857143,7.14285714285714,28.5714285714286,14,,,,,,,,,,,GX010811.MP4,219.0188,25,37.5,37.5,16,,,GX020808.MP4,219.0188,38.8888888888889,11.1111111111111,50,18,,,GX030808.MP4,219.0188,28.5714285714286,53.5714285714286,17.8571428571429,28,,,,,,,,
GX010808.MP4,219.4192,12.9032258064516,74.1935483870968,12.9032258064516,31,,,GX010809.MP4,219.4192,66.6666666666667,6.66666666666667,26.6666666666667,30,,,,,,,,,,,GX010811.MP4,219.4192,27.2727272727273,63.6363636363636,9.09090909090909,11,,,GX020808.MP4,219.4192,53.8461538461539,26.9230769230769,19.2307692307692,26,,,GX030808.MP4,219.4192,9.09090909090909,87.8787878787879,3.03030303030303,33,,,,,,,,
GX010808.MP4,219.8196,27.7777777777778,52.7777777777778,19.4444444444444,36,,,GX010809.MP4,219.8196,40.5405405405405,45.945945945946,13.5135135135135,37,,,,,,,,,,,GX010811.MP4,219.8196,33.3333333333333,33.3333333333333,33.3333333333333,6,,,GX020808.MP4,219.8196,23.0769230769231,65.3846153846154,11.5384615384615,26,,,GX030808.MP4,219.8196,37.037037037037,55.5555555555556,7.40740740740741,27,,,,,,,,
GX010808.MP4,220.22,37.5,56.25,6.25,16,,,GX010809.MP4,220.22,68.9655172413793,3.44827586206897,27.5862068965517,58,,,,,,,,,,,GX010811.MP4,220.22,36.3636363636364,36.3636363636364,27.2727272727273,11,,,GX020808.MP4,220.22,38.7096774193548,32.258064516129,29.0322580645161,31,,,GX030808.MP4,220.22,32.1428571428571,46.4285714285714,21.4285714285714,28,,,,,,,,
GX010808.MP4,220.6204,51.8518518518519,29.6296296296296,18.5185185185185,27,,,GX010809.MP4,220.6204,58.6206896551724,6.89655172413793,34.4827586206897,29,,,,,,,,,,,GX010811.MP4,220.6204,27.2727272727273,63.6363636363636,9.09090909090909,11,,,GX020808.MP4,220.6204,13.3333333333333,73.3333333333333,13.3333333333333,30,,,GX030808.MP4,220.6204,18.1818181818182,75.7575757575758,6.06060606060606,33,,,,,,,,
GX010808.MP4,221.0208,44,24,32,25,,,GX010809.MP4,221.0208,44,24,32,25,,,,,,,,,,,GX010811.MP4,221.0208,53.3333333333333,26.6666666666667,20,15,,,GX020808.MP4,221.0208,11.1111111111111,88.8888888888889,0,9,,,GX030808.MP4,221.0208,25,58.3333333333333,16.6666666666667,36,,,,,,,,
GX010808.MP4,221.4212,27.7777777777778,38.8888888888889,33.3333333333333,18,,,GX010809.MP4,221.4212,75,3.84615384615385,21.1538461538462,52,,,,,,,,,,,GX010811.MP4,221.4212,30,60,10,10,,,GX020808.MP4,221.4212,47.8260869565217,26.0869565217391,26.0869565217391,23,,,GX030808.MP4,221.4212,31.0344827586207,65.5172413793104,3.44827586206897,29,,,,,,,,
GX010808.MP4,221.8216,41.6666666666667,50,8.33333333333333,12,,,GX010809.MP4,221.8216,90,6.66666666666667,3.33333333333333,30,,,,,,,,,,,GX010811.MP4,221.8216,33.3333333333333,66.6666666666667,0,6,,,GX020808.MP4,221.8216,62.5,25,12.5,16,,,GX030808.MP4,221.8216,29.0322580645161,61.2903225806452,9.67741935483871,31,,,,,,,,
GX010808.MP4,222.222,26.0869565217391,26.0869565217391,47.8260869565217,23,,,GX010809.MP4,222.222,69.6969696969697,27.2727272727273,3.03030303030303,33,,,,,,,,,,,GX010811.MP4,222.222,25,75,0,12,,,GX020808.MP4,222.222,0,90,10,10,,,GX030808.MP4,222.222,18.4210526315789,52.6315789473684,28.9473684210526,38,,,,,,,,
GX010808.MP4,222.6224,14.2857142857143,66.6666666666667,19.047619047619,21,,,GX010809.MP4,222.6224,77.5510204081633,12.2448979591837,10.2040816326531,49,,,,,,,,,,,GX010811.MP4,222.6224,50,16.6666666666667,33.3333333333333,6,,,GX020808.MP4,222.6224,25.9259259259259,74.0740740740741,0,27,,,GX030808.MP4,222.6224,31.0344827586207,55.1724137931034,13.7931034482759,29,,,,,,,,
GX010808.MP4,223.0228,45.8333333333333,45.8333333333333,8.33333333333333,24,,,GX010809.MP4,223.0228,28.5714285714286,42.8571428571429,28.5714285714286,14,,,,,,,,,,,GX010811.MP4,223.0228,50,21.4285714285714,28.5714285714286,14,,,GX020808.MP4,223.0228,0,100,0,4,,,GX030808.MP4,223.0228,36.6666666666667,40,23.3333333333333,30,,,,,,,,
GX010808.MP4,223.4232,38.8888888888889,55.5555555555556,5.55555555555556,18,,,GX010809.MP4,223.4232,82.8125,1.5625,15.625,64,,,,,,,,,,,GX010811.MP4,223.4232,44.4444444444444,55.5555555555556,0,9,,,GX020808.MP4,223.4232,40,30,30,10,,,GX030808.MP4,223.4232,19.3548387096774,58.0645161290323,22.5806451612903,31,,,,,,,,
GX010808.MP4,223.8236,40,20,40,10,,,GX010809.MP4,223.8236,63.4146341463415,14.6341463414634,21.9512195121951,41,,,,,,,,,,,GX010811.MP4,223.8236,55.5555555555556,22.2222222222222,22.2222222222222,9,,,GX020808.MP4,223.8236,33.3333333333333,50,16.6666666666667,12,,,GX030808.MP4,223.8236,51.5151515151515,42.4242424242424,6.06060606060606,33,,,,,,,,
GX010808.MP4,224.224,33.3333333333333,55.5555555555556,11.1111111111111,9,,,GX010809.MP4,224.224,20,60,20,20,,,,,,,,,,,GX010811.MP4,224.224,50,8.33333333333333,41.6666666666667,12,,,GX020808.MP4,224.224,47.0588235294118,41.1764705882353,11.7647058823529,17,,,GX030808.MP4,224.224,27.7777777777778,52.7777777777778,19.4444444444444,36,,,,,,,,
GX010808.MP4,224.6244,33.3333333333333,37.5,29.1666666666667,24,,,GX010809.MP4,224.6244,26.3157894736842,42.1052631578947,31.5789473684211,19,,,,,,,,,,,GX010811.MP4,224.6244,77.7777777777778,11.1111111111111,11.1111111111111,9,,,GX020808.MP4,224.6244,23.8095238095238,61.9047619047619,14.2857142857143,21,,,GX030808.MP4,224.6244,22.5806451612903,70.9677419354839,6.45161290322581,31,,,,,,,,
GX010808.MP4,225.0248,17.3913043478261,43.4782608695652,39.1304347826087,23,,,GX010809.MP4,225.0248,70,17.5,12.5,40,,,,,,,,,,,GX010811.MP4,225.0248,50,21.4285714285714,28.5714285714286,14,,,GX020808.MP4,225.0248,43.75,28.125,28.125,32,,,GX030808.MP4,225.0248,32.5581395348837,62.7906976744186,4.65116279069768,43,,,,,,,,
GX010808.MP4,225.4252,0,100,0,12,,,GX010809.MP4,225.4252,20,40,40,35,,,,,,,,,,,GX010811.MP4,225.4252,23.0769230769231,69.2307692307692,7.69230769230769,13,,,GX020808.MP4,225.4252,47.3684210526316,42.1052631578947,10.5263157894737,19,,,GX030808.MP4,225.4252,23.8095238095238,71.4285714285714,4.76190476190476,21,,,,,,,,
GX010808.MP4,225.8256,40,28,32,25,,,GX010809.MP4,225.8256,65.2173913043478,26.0869565217391,8.69565217391304,23,,,,,,,,,,,GX010811.MP4,225.8256,44.4444444444444,33.3333333333333,22.2222222222222,9,,,GX020808.MP4,225.8256,57.1428571428571,26.1904761904762,16.6666666666667,42,,,GX030808.MP4,225.8256,30.7692307692308,57.6923076923077,11.5384615384615,26,,,,,,,,
GX010808.MP4,226.226,0,33.3333333333333,66.6666666666667,3,,,GX010809.MP4,226.226,39.1304347826087,19.5652173913043,41.304347826087,46,,,,,,,,,,,GX010811.MP4,226.226,58.3333333333333,41.6666666666667,0,12,,,GX020808.MP4,226.226,54.5454545454545,30.3030303030303,15.1515151515152,33,,,GX030808.MP4,226.226,14.8148148148148,66.6666666666667,18.5185185185185,27,,,,,,,,
GX010808.MP4,226.6264,10,45,45,20,,,GX010809.MP4,226.6264,56.25,14.5833333333333,29.1666666666667,48,,,,,,,,,,,GX010811.MP4,226.6264,66.6666666666667,0,33.3333333333333,3,,,GX020808.MP4,226.6264,41.3793103448276,20.6896551724138,37.9310344827586,29,,,GX030808.MP4,226.6264,26.6666666666667,70,3.33333333333333,30,,,,,,,,
GX010808.MP4,227.0268,13.7931034482759,68.9655172413793,17.2413793103448,29,,,GX010809.MP4,227.0268,55.1020408163265,20.4081632653061,24.4897959183673,49,,,,,,,,,,,GX010811.MP4,227.0268,23.5294117647059,35.2941176470588,41.1764705882353,17,,,GX020808.MP4,227.0268,53.3333333333333,33.3333333333333,13.3333333333333,30,,,GX030808.MP4,227.0268,19.047619047619,73.8095238095238,7.14285714285714,42,,,,,,,,
GX010808.MP4,227.4272,26.9230769230769,61.5384615384615,11.5384615384615,26,,,GX010809.MP4,227.4272,79.1666666666667,12.5,8.33333333333333,24,,,,,,,,,,,GX010811.MP4,227.4272,40,50,10,10,,,GX020808.MP4,227.4272,30.952380952381,57.1428571428571,11.9047619047619,42,,,GX030808.MP4,227.4272,13.1578947368421,76.3157894736842,10.5263157894737,38,,,,,,,,
GX010808.MP4,227.8276,24.1379310344828,55.1724137931034,20.6896551724138,29,,,GX010809.MP4,227.8276,12.1212121212121,81.8181818181818,6.06060606060606,33,,,,,,,,,,,GX010811.MP4,227.8276,50,16.6666666666667,33.3333333333333,12,,,GX020808.MP4,227.8276,66.6666666666667,33.3333333333333,0,12,,,GX030808.MP4,227.8276,15.625,75,9.375,32,,,,,,,,
GX010808.MP4,228.228,50,44.4444444444444,5.55555555555556,18,,,GX010809.MP4,228.228,24.4444444444444,17.7777777777778,57.7777777777778,45,,,,,,,,,,,GX010811.MP4,228.228,53.8461538461539,30.7692307692308,15.3846153846154,13,,,GX020808.MP4,228.228,38.4615384615385,30.7692307692308,30.7692307692308,13,,,GX030808.MP4,228.228,13.5135135135135,64.8648648648649,21.6216216216216,37,,,,,,,,
GX010808.MP4,228.6284,6.66666666666667,73.3333333333333,20,15,,,GX010809.MP4,228.6284,26.0869565217391,43.4782608695652,30.4347826086957,23,,,,,,,,,,,GX010811.MP4,228.6284,16.6666666666667,50,33.3333333333333,12,,,GX020808.MP4,228.6284,65.5172413793104,20.6896551724138,13.7931034482759,29,,,GX030808.MP4,228.6284,28.125,71.875,0,32,,,,,,,,
GX010808.MP4,229.0288,15.7894736842105,78.9473684210526,5.26315789473684,19,,,GX010809.MP4,229.0288,90.4761904761905,4.76190476190476,4.76190476190476,21,,,,,,,,,,,GX010811.MP4,229.0288,43.75,43.75,12.5,16,,,GX020808.MP4,229.0288,40.8163265306122,34.6938775510204,24.4897959183673,49,,,GX030808.MP4,229.0288,33.3333333333333,61.5384615384615,5.12820512820513,39,,,,,,,,
GX010808.MP4,229.4292,11.1111111111111,66.6666666666667,22.2222222222222,27,,,GX010809.MP4,229.4292,44.4444444444444,25.9259259259259,29.6296296296296,27,,,,,,,,,,,GX010811.MP4,229.4292,46.1538461538462,23.0769230769231,30.7692307692308,13,,,GX020808.MP4,229.4292,34.6938775510204,34.6938775510204,30.6122448979592,49,,,GX030808.MP4,229.4292,25,59.375,15.625,32,,,,,,,,
GX010808.MP4,229.8296,7.40740740740741,77.7777777777778,14.8148148148148,27,,,GX010809.MP4,229.8296,33.3333333333333,52.0833333333333,14.5833333333333,48,,,,,,,,,,,GX010811.MP4,229.8296,33.3333333333333,33.3333333333333,33.3333333333333,15,,,GX020808.MP4,229.8296,46.1538461538462,30.7692307692308,23.0769230769231,13,,,GX030808.MP4,229.8296,25,57.1428571428571,17.8571428571429,28,,,,,,,,
GX010808.MP4,230.23,3.84615384615385,73.0769230769231,23.0769230769231,26,,,GX010809.MP4,230.23,60,11.1111111111111,28.8888888888889,45,,,,,,,,,,,GX010811.MP4,230.23,38.8888888888889,44.4444444444444,16.6666666666667,18,,,GX020808.MP4,230.23,48.5714285714286,8.57142857142857,42.8571428571429,35,,,GX030808.MP4,230.23,26.6666666666667,56.6666666666667,16.6666666666667,30,,,,,,,,
GX010808.MP4,230.6304,13.6363636363636,77.2727272727273,9.09090909090909,22,,,GX010809.MP4,230.6304,57.8947368421053,7.89473684210526,34.2105263157895,38,,,,,,,,,,,GX010811.MP4,230.6304,42.8571428571429,50,7.14285714285714,14,,,GX020808.MP4,230.6304,38.0952380952381,45.2380952380952,16.6666666666667,42,,,GX030808.MP4,230.6304,29.7297297297297,67.5675675675676,2.7027027027027,37,,,,,,,,
GX010808.MP4,231.0308,15.7894736842105,84.2105263157895,0,19,,,GX010809.MP4,231.0308,67.8571428571429,17.8571428571429,14.2857142857143,28,,,,,,,,,,,GX010811.MP4,231.0308,26.6666666666667,46.6666666666667,26.6666666666667,15,,,GX020808.MP4,231.0308,32.3529411764706,41.1764705882353,26.4705882352941,34,,,GX030808.MP4,231.0308,27.7777777777778,55.5555555555556,16.6666666666667,18,,,,,,,,
GX010808.MP4,231.4312,32.1428571428571,46.4285714285714,21.4285714285714,28,,,GX010809.MP4,231.4312,29.0322580645161,35.4838709677419,35.4838709677419,31,,,,,,,,,,,GX010811.MP4,231.4312,25,75,0,12,,,GX020808.MP4,231.4312,50,31.8181818181818,18.1818181818182,22,,,GX030808.MP4,231.4312,11.5384615384615,84.6153846153846,3.84615384615385,26,,,,,,,,
GX010808.MP4,231.8316,8.82352941176471,58.8235294117647,32.3529411764706,34,,,GX010809.MP4,231.8316,79.4117647058824,5.88235294117647,14.7058823529412,34,,,,,,,,,,,GX010811.MP4,231.8316,23.0769230769231,53.8461538461539,23.0769230769231,13,,,GX020808.MP4,231.8316,34.4827586206897,58.6206896551724,6.89655172413793,29,,,GX030808.MP4,231.8316,25,65,10,40,,,,,,,,
GX010808.MP4,232.232,17.6470588235294,64.7058823529412,17.6470588235294,17,,,GX010809.MP4,232.232,82.3529411764706,5.88235294117647,11.7647058823529,51,,,,,,,,,,,GX010811.MP4,232.232,0,100,0,6,,,GX020808.MP4,232.232,20.5882352941176,70.5882352941177,8.82352941176471,34,,,GX030808.MP4,232.232,12.5,71.875,15.625,32,,,,,,,,
GX010808.MP4,232.6324,8.33333333333333,83.3333333333333,8.33333333333333,12,,,GX010809.MP4,232.6324,87.719298245614,8.7719298245614,3.50877192982456,57,,,,,,,,,,,GX010811.MP4,232.6324,50,35.7142857142857,14.2857142857143,14,,,GX020808.MP4,232.6324,58.974358974359,20.5128205128205,20.5128205128205,39,,,GX030808.MP4,232.6324,28,56,16,25,,,,,,,,
GX010808.MP4,233.0328,13.3333333333333,86.6666666666667,0,15,,,GX010809.MP4,233.0328,49.0196078431373,17.6470588235294,33.3333333333333,51,,,,,,,,,,,GX010811.MP4,233.0328,53.3333333333333,13.3333333333333,33.3333333333333,15,,,GX020808.MP4,233.0328,20.8333333333333,75,4.16666666666667,24,,,GX030808.MP4,233.0328,15.625,75,9.375,32,,,,,,,,
GX010808.MP4,233.4332,21.2121212121212,45.4545454545455,33.3333333333333,33,,,GX010809.MP4,233.4332,73.0769230769231,9.61538461538462,17.3076923076923,52,,,,,,,,,,,GX010811.MP4,233.4332,55.5555555555556,33.3333333333333,11.1111111111111,18,,,GX020808.MP4,233.4332,26.0869565217391,69.5652173913043,4.34782608695652,23,,,GX030808.MP4,233.4332,17.2413793103448,58.6206896551724,24.1379310344828,29,,,,,,,,
GX010808.MP4,233.8336,12.5,62.5,25,32,,,GX010809.MP4,233.8336,44.6808510638298,44.6808510638298,10.6382978723404,47,,,,,,,,,,,GX010811.MP4,233.8336,76.1904761904762,14.2857142857143,9.52380952380952,21,,,GX020808.MP4,233.8336,52.6315789473684,10.5263157894737,36.8421052631579,38,,,GX030808.MP4,233.8336,23.3333333333333,56.6666666666667,20,30,,,,,,,,
GX010808.MP4,234.234,27.2727272727273,68.1818181818182,4.54545454545455,22,,,GX010809.MP4,234.234,61.1111111111111,33.3333333333333,5.55555555555556,36,,,,,,,,,,,GX010811.MP4,234.234,46.6666666666667,46.6666666666667,6.66666666666667,15,,,GX020808.MP4,234.234,39.1304347826087,47.8260869565217,13.0434782608696,23,,,GX030808.MP4,234.234,19.2307692307692,65.3846153846154,15.3846153846154,26,,,,,,,,
GX010808.MP4,234.6344,23.5294117647059,47.0588235294118,29.4117647058824,17,,,GX010809.MP4,234.6344,25,12.5,62.5,24,,,,,,,,,,,GX010811.MP4,234.6344,40,26.6666666666667,33.3333333333333,15,,,GX020808.MP4,234.6344,40.9090909090909,56.8181818181818,2.27272727272727,44,,,GX030808.MP4,234.6344,23.0769230769231,69.2307692307692,7.69230769230769,26,,,,,,,,
GX010808.MP4,235.0348,31.0344827586207,55.1724137931034,13.7931034482759,29,,,GX010809.MP4,235.0348,55,30,15,20,,,,,,,,,,,GX010811.MP4,235.0348,65,15,20,20,,,GX020808.MP4,235.0348,44.4444444444444,38.8888888888889,16.6666666666667,36,,,GX030808.MP4,235.0348,14.8148148148148,66.6666666666667,18.5185185185185,27,,,,,,,,
GX010808.MP4,235.4352,22.2222222222222,61.1111111111111,16.6666666666667,18,,,GX010809.MP4,235.4352,78.9473684210526,0,21.0526315789474,57,,,,,,,,,,,GX010811.MP4,235.4352,64.2857142857143,14.2857142857143,21.4285714285714,14,,,GX020808.MP4,235.4352,63.8888888888889,16.6666666666667,19.4444444444444,36,,,GX030808.MP4,235.4352,18.1818181818182,54.5454545454545,27.2727272727273,22,,,,,,,,
GX010808.MP4,235.8356,25,68.75,6.25,16,,,GX010809.MP4,235.8356,71.4285714285714,0,28.5714285714286,49,,,,,,,,,,,GX010811.MP4,235.8356,55.5555555555556,33.3333333333333,11.1111111111111,9,,,GX020808.MP4,235.8356,63.8297872340426,23.4042553191489,12.7659574468085,47,,,GX030808.MP4,235.8356,15,60,25,20,,,,,,,,
GX010808.MP4,236.236,20,73.3333333333333,6.66666666666667,15,,,GX010809.MP4,236.236,64.8648648648649,8.10810810810811,27.027027027027,37,,,,,,,,,,,GX010811.MP4,236.236,61.5384615384615,38.4615384615385,0,13,,,GX020808.MP4,236.236,61.1111111111111,25,13.8888888888889,36,,,GX030808.MP4,236.236,20.8333333333333,29.1666666666667,50,24,,,,,,,,
GX010808.MP4,236.6364,25,59.375,15.625,32,,,GX010809.MP4,236.6364,17.8571428571429,75,7.14285714285714,28,,,,,,,,,,,GX010811.MP4,236.6364,63.1578947368421,36.8421052631579,0,19,,,GX020808.MP4,236.6364,23.3333333333333,60,16.6666666666667,30,,,GX030808.MP4,236.6364,14.2857142857143,57.1428571428571,28.5714285714286,14,,,,,,,,
GX010808.MP4,237.0368,14.8148148148148,62.962962962963,22.2222222222222,27,,,GX010809.MP4,237.0368,47.6190476190476,23.8095238095238,28.5714285714286,21,,,,,,,,,,,GX010811.MP4,237.0368,33.3333333333333,66.6666666666667,0,9,,,GX020808.MP4,237.0368,39.1304347826087,52.1739130434783,8.69565217391304,23,,,GX030808.MP4,237.0368,13.1578947368421,47.3684210526316,39.4736842105263,38,,,,,,,,
GX010808.MP4,237.4372,15.3846153846154,50,34.6153846153846,26,,,GX010809.MP4,237.4372,55.8823529411765,14.7058823529412,29.4117647058824,34,,,,,,,,,,,GX010811.MP4,237.4372,56.25,18.75,25,16,,,GX020808.MP4,237.4372,43.4782608695652,39.1304347826087,17.3913043478261,23,,,GX030808.MP4,237.4372,0,0,100,2,,,,,,,,
GX010808.MP4,237.8376,0,91.6666666666667,8.33333333333333,12,,,GX010809.MP4,237.8376,71.4285714285714,14.2857142857143,14.2857142857143,21,,,,,,,,,,,GX010811.MP4,237.8376,62.5,25,12.5,8,,,GX020808.MP4,237.8376,39.0243902439024,46.3414634146342,14.6341463414634,41,,,GX030808.MP4,237.8376,50,40,10,10,,,,,,,,
GX010808.MP4,238.238,11.1111111111111,88.8888888888889,0,18,,,GX010809.MP4,238.238,60,40,0,25,,,,,,,,,,,GX010811.MP4,238.238,87.5,6.25,6.25,16,,,GX020808.MP4,238.238,17.3913043478261,47.8260869565217,34.7826086956522,23,,,GX030808.MP4,238.238,26.0869565217391,30.4347826086957,43.4782608695652,23,,,,,,,,
GX010808.MP4,238.6384,8.33333333333333,54.1666666666667,37.5,24,,,GX010809.MP4,238.6384,62.5,12.5,25,24,,,,,,,,,,,GX010811.MP4,238.6384,44.4444444444444,55.5555555555556,0,9,,,GX020808.MP4,238.6384,41.1764705882353,47.0588235294118,11.7647058823529,17,,,GX030808.MP4,238.6384,11.1111111111111,44.4444444444444,44.4444444444444,9,,,,,,,,
GX010808.MP4,239.0388,28.125,62.5,9.375,32,,,GX010809.MP4,239.0388,26.4150943396226,71.6981132075472,1.88679245283019,53,,,,,,,,,,,GX010811.MP4,239.0388,72.2222222222222,11.1111111111111,16.6666666666667,18,,,GX020808.MP4,239.0388,0,100,0,14,,,GX030808.MP4,239.0388,51.6129032258065,29.0322580645161,19.3548387096774,31,,,,,,,,
GX010808.MP4,239.4392,20.6896551724138,65.5172413793104,13.7931034482759,29,,,GX010809.MP4,239.4392,77.4193548387097,19.3548387096774,3.2258064516129,31,,,,,,,,,,,GX010811.MP4,239.4392,46.1538461538462,38.4615384615385,15.3846153846154,13,,,GX020808.MP4,239.4392,69.7674418604651,18.6046511627907,11.6279069767442,43,,,GX030808.MP4,239.4392,14.2857142857143,80,5.71428571428571,35,,,,,,,,
GX010808.MP4,239.8396,50,33.3333333333333,16.6666666666667,12,,,GX010809.MP4,239.8396,78.2608695652174,13.0434782608696,8.69565217391304,46,,,,,,,,,,,GX010811.MP4,239.8396,57.1428571428571,21.4285714285714,21.4285714285714,14,,,GX020808.MP4,239.8396,68.8888888888889,15.5555555555556,15.5555555555556,45,,,GX030808.MP4,239.8396,8.82352941176471,85.2941176470588,5.88235294117647,34,,,,,,,,
GX010808.MP4,240.24,33.3333333333333,60,6.66666666666667,15,,,GX010809.MP4,240.24,11.1111111111111,72.2222222222222,16.6666666666667,18,,,,,,,,,,,GX010811.MP4,240.24,55.5555555555556,33.3333333333333,11.1111111111111,9,,,GX020808.MP4,240.24,58.6206896551724,24.1379310344828,17.2413793103448,29,,,GX030808.MP4,240.24,20.5882352941176,73.5294117647059,5.88235294117647,34,,,,,,,,
GX010808.MP4,240.6404,12,80,8,25,,,GX010809.MP4,240.6404,76,12,12,50,,,,,,,,,,,GX010811.MP4,240.6404,33.3333333333333,66.6666666666667,0,6,,,GX020808.MP4,240.6404,37.5,37.5,25,16,,,GX030808.MP4,240.6404,9.67741935483871,83.8709677419355,6.45161290322581,31,,,,,,,,
GX010808.MP4,241.0408,28,56,16,25,,,GX010809.MP4,241.0408,55.8823529411765,35.2941176470588,8.82352941176471,34,,,,,,,,,,,GX010811.MP4,241.0408,50,50,0,10,,,GX020808.MP4,241.0408,17.6470588235294,52.9411764705882,29.4117647058824,34,,,GX030808.MP4,241.0408,7.69230769230769,88.4615384615385,3.84615384615385,26,,,,,,,,
GX010808.MP4,241.4412,20,73.3333333333333,6.66666666666667,30,,,GX010809.MP4,241.4412,60.8695652173913,15.2173913043478,23.9130434782609,46,,,,,,,,,,,GX010811.MP4,241.4412,26.6666666666667,26.6666666666667,46.6666666666667,15,,,GX020808.MP4,241.4412,13.0434782608696,86.9565217391304,0,23,,,GX030808.MP4,241.4412,5.88235294117647,67.6470588235294,26.4705882352941,34,,,,,,,,
GX010808.MP4,241.8416,12.1212121212121,66.6666666666667,21.2121212121212,33,,,GX010809.MP4,241.8416,77.7777777777778,16.6666666666667,5.55555555555556,18,,,,,,,,,,,GX010811.MP4,241.8416,57.1428571428571,42.8571428571429,0,14,,,GX020808.MP4,241.8416,6.25,93.75,0,16,,,GX030808.MP4,241.8416,14.7058823529412,79.4117647058824,5.88235294117647,34,,,,,,,,
GX010808.MP4,242.242,17.2413793103448,65.5172413793104,17.2413793103448,29,,,GX010809.MP4,242.242,37.9310344827586,55.1724137931034,6.89655172413793,29,,,,,,,,,,,GX010811.MP4,242.242,80,10,10,10,,,GX020808.MP4,242.242,10,83.3333333333333,6.66666666666667,30,,,GX030808.MP4,242.242,13.8888888888889,86.1111111111111,0,36,,,,,,,,
GX010808.MP4,242.6424,9.09090909090909,36.3636363636364,54.5454545454545,33,,,GX010809.MP4,242.6424,65.7894736842105,23.6842105263158,10.5263157894737,38,,,,,,,,,,,GX010811.MP4,242.6424,42.8571428571429,21.4285714285714,35.7142857142857,14,,,GX020808.MP4,242.6424,8.69565217391304,91.304347826087,0,23,,,GX030808.MP4,242.6424,15.7894736842105,84.2105263157895,0,38,,,,,,,,
GX010808.MP4,243.0428,36,48,16,25,,,GX010809.MP4,243.0428,82.5,5,12.5,40,,,,,,,,,,,GX010811.MP4,243.0428,20,80,0,5,,,GX020808.MP4,243.0428,16.6666666666667,77.7777777777778,5.55555555555556,18,,,GX030808.MP4,243.0428,10,90,0,30,,,,,,,,
GX010808.MP4,243.4432,73.3333333333333,20,6.66666666666667,15,,,GX010809.MP4,243.4432,24,64,12,25,,,,,,,,,,,GX010811.MP4,243.4432,50,37.5,12.5,8,,,GX020808.MP4,243.4432,23.0769230769231,61.5384615384615,15.3846153846154,13,,,GX030808.MP4,243.4432,10.3448275862069,82.7586206896552,6.89655172413793,29,,,,,,,,
GX010808.MP4,243.8436,42.8571428571429,57.1428571428571,0,14,,,GX010809.MP4,243.8436,20,56.6666666666667,23.3333333333333,30,,,,,,,,,,,GX010811.MP4,243.8436,35.2941176470588,35.2941176470588,29.4117647058824,17,,,GX020808.MP4,243.8436,28.5714285714286,64.2857142857143,7.14285714285714,14,,,GX030808.MP4,243.8436,20,80,0,30,,,,,,,,
GX010808.MP4,244.244,39.1304347826087,47.8260869565217,13.0434782608696,23,,,GX010809.MP4,244.244,59.5744680851064,10.6382978723404,29.7872340425532,47,,,,,,,,,,,GX010811.MP4,244.244,75,16.6666666666667,8.33333333333333,12,,,GX020808.MP4,244.244,53.4883720930233,32.5581395348837,13.953488372093,43,,,GX030808.MP4,244.244,22.2222222222222,69.4444444444444,8.33333333333333,36,,,,,,,,
GX010808.MP4,244.6444,16.6666666666667,63.3333333333333,20,30,,,GX010809.MP4,244.6444,79.4117647058824,2.94117647058824,17.6470588235294,34,,,,,,,,,,,GX010811.MP4,244.6444,35.2941176470588,35.2941176470588,29.4117647058824,17,,,GX020808.MP4,244.6444,46.9387755102041,28.5714285714286,24.4897959183673,49,,,GX030808.MP4,244.6444,15.1515151515152,66.6666666666667,18.1818181818182,33,,,,,,,,
GX010808.MP4,245.0448,25.7142857142857,65.7142857142857,8.57142857142857,35,,,GX010809.MP4,245.0448,75,10.7142857142857,14.2857142857143,28,,,,,,,,,,,GX010811.MP4,245.0448,66.6666666666667,20,13.3333333333333,15,,,GX020808.MP4,245.0448,47.7272727272727,31.8181818181818,20.4545454545455,44,,,GX030808.MP4,245.0448,18.75,65.625,15.625,32,,,,,,,,
GX010808.MP4,245.4452,25,68.75,6.25,32,,,GX010809.MP4,245.4452,85.7142857142857,9.52380952380952,4.76190476190476,21,,,,,,,,,,,GX010811.MP4,245.4452,63.6363636363636,18.1818181818182,18.1818181818182,11,,,GX020808.MP4,245.4452,53.1914893617021,25.531914893617,21.2765957446809,47,,,GX030808.MP4,245.4452,8,76,16,25,,,,,,,,
GX010808.MP4,245.8456,10,73.3333333333333,16.6666666666667,30,,,GX010809.MP4,245.8456,86.1111111111111,5.55555555555556,8.33333333333333,36,,,,,,,,,,,GX010811.MP4,245.8456,42.8571428571429,42.8571428571429,14.2857142857143,14,,,GX020808.MP4,245.8456,47.0588235294118,35.2941176470588,17.6470588235294,51,,,GX030808.MP4,245.8456,23.5294117647059,64.7058823529412,11.7647058823529,17,,,,,,,,
GX010808.MP4,246.246,16,60,24,25,,,GX010809.MP4,246.246,18.1818181818182,66.6666666666667,15.1515151515152,33,,,,,,,,,,,GX010811.MP4,246.246,30.7692307692308,38.4615384615385,30.7692307692308,13,,,GX020808.MP4,246.246,52.5,25,22.5,40,,,GX030808.MP4,246.246,22.2222222222222,72.2222222222222,5.55555555555556,18,,,,,,,,
GX010808.MP4,246.6464,13.0434782608696,82.6086956521739,4.34782608695652,23,,,GX010809.MP4,246.6464,81.3559322033898,3.38983050847458,15.2542372881356,59,,,,,,,,,,,GX010811.MP4,246.6464,62.5,37.5,0,24,,,GX020808.MP4,246.6464,52,24,24,50,,,GX030808.MP4,246.6464,19.047619047619,71.4285714285714,9.52380952380952,21,,,,,,,,
GX010808.MP4,247.0468,13.0434782608696,82.6086956521739,4.34782608695652,23,,,GX010809.MP4,247.0468,66.6666666666667,1.85185185185185,31.4814814814815,54,,,,,,,,,,,GX010811.MP4,247.0468,30,50,20,10,,,GX020808.MP4,247.0468,57.7777777777778,15.5555555555556,26.6666666666667,45,,,GX030808.MP4,247.0468,29.1666666666667,66.6666666666667,4.16666666666667,24,,,,,,,,
GX010808.MP4,247.4472,10,75,15,20,,,GX010809.MP4,247.4472,61.1111111111111,19.4444444444444,19.4444444444444,36,,,,,,,,,,,GX010811.MP4,247.4472,18.75,31.25,50,16,,,GX020808.MP4,247.4472,52.2727272727273,15.9090909090909,31.8181818181818,44,,,GX030808.MP4,247.4472,21.7391304347826,65.2173913043478,13.0434782608696,23,,,,,,,,
GX010808.MP4,247.8476,25.8064516129032,67.741935483871,6.45161290322581,31,,,GX010809.MP4,247.8476,65.9090909090909,11.3636363636364,22.7272727272727,44,,,,,,,,,,,GX010811.MP4,247.8476,77.7777777777778,22.2222222222222,0,9,,,GX020808.MP4,247.8476,55.1724137931034,17.2413793103448,27.5862068965517,29,,,GX030808.MP4,247.8476,29.4117647058824,52.9411764705882,17.6470588235294,34,,,,,,,,
GX010808.MP4,248.248,14.7058823529412,67.6470588235294,17.6470588235294,34,,,GX010809.MP4,248.248,60.8695652173913,13.0434782608696,26.0869565217391,23,,,,,,,,,,,GX010811.MP4,248.248,33.3333333333333,33.3333333333333,33.3333333333333,12,,,GX020808.MP4,248.248,48.8888888888889,24.4444444444444,26.6666666666667,45,,,GX030808.MP4,248.248,24,56,20,25,,,,,,,,
GX010808.MP4,248.6484,17.8571428571429,67.8571428571429,14.2857142857143,28,,,GX010809.MP4,248.6484,41.6666666666667,41.6666666666667,16.6666666666667,36,,,,,,,,,,,GX010811.MP4,248.6484,45.4545454545455,45.4545454545455,9.09090909090909,11,,,GX020808.MP4,248.6484,82.3529411764706,13.7254901960784,3.92156862745098,51,,,GX030808.MP4,248.6484,13.7931034482759,44.8275862068966,41.3793103448276,29,,,,,,,,
GX010808.MP4,249.0488,14.8148148148148,66.6666666666667,18.5185185185185,27,,,GX010809.MP4,249.0488,73.5849056603774,5.66037735849057,20.7547169811321,53,,,,,,,,,,,GX010811.MP4,249.0488,66.6666666666667,25,8.33333333333333,12,,,GX020808.MP4,249.0488,70,10,20,40,,,GX030808.MP4,249.0488,26.6666666666667,53.3333333333333,20,30,,,,,,,,
GX010808.MP4,249.4492,8.69565217391304,73.9130434782609,17.3913043478261,23,,,GX010809.MP4,249.4492,52.3809523809524,4.76190476190476,42.8571428571429,42,,,,,,,,,,,GX010811.MP4,249.4492,54.5454545454545,36.3636363636364,9.09090909090909,11,,,GX020808.MP4,249.4492,35.5555555555556,37.7777777777778,26.6666666666667,45,,,GX030808.MP4,249.4492,34.7826086956522,34.7826086956522,30.4347826086957,23,,,,,,,,
GX010808.MP4,249.8496,5,60,35,20,,,GX010809.MP4,249.8496,76.9230769230769,7.69230769230769,15.3846153846154,52,,,,,,,,,,,GX010811.MP4,249.8496,40,20,40,10,,,GX020808.MP4,249.8496,40.4761904761905,33.3333333333333,26.1904761904762,42,,,GX030808.MP4,249.8496,23.0769230769231,50,26.9230769230769,26,,,,,,,,
GX010808.MP4,250.25,17.6470588235294,70.5882352941177,11.7647058823529,17,,,GX010809.MP4,250.25,66.0377358490566,3.77358490566038,30.188679245283,53,,,,,,,,,,,GX010811.MP4,250.25,56.25,43.75,0,16,,,GX020808.MP4,250.25,43.2432432432432,24.3243243243243,32.4324324324324,37,,,GX030808.MP4,250.25,43.4782608695652,43.4782608695652,13.0434782608696,23,,,,,,,,
GX010808.MP4,250.6504,3.7037037037037,74.0740740740741,22.2222222222222,27,,,GX010809.MP4,250.6504,70.4545454545455,11.3636363636364,18.1818181818182,44,,,,,,,,,,,GX010811.MP4,250.6504,36.3636363636364,18.1818181818182,45.4545454545455,11,,,GX020808.MP4,250.6504,65.625,18.75,15.625,32,,,GX030808.MP4,250.6504,10.7142857142857,42.8571428571429,46.4285714285714,28,,,,,,,,
GX010808.MP4,251.0508,13.7931034482759,68.9655172413793,17.2413793103448,29,,,GX010809.MP4,251.0508,68.3333333333333,5,26.6666666666667,60,,,,,,,,,,,GX010811.MP4,251.0508,53.8461538461539,30.7692307692308,15.3846153846154,13,,,GX020808.MP4,251.0508,60,25,15,40,,,GX030808.MP4,251.0508,18.1818181818182,72.7272727272727,9.09090909090909,11,,,,,,,,
GX010808.MP4,251.4512,16,84,0,25,,,GX010809.MP4,251.4512,80,6.66666666666667,13.3333333333333,60,,,,,,,,,,,GX010811.MP4,251.4512,50,33.3333333333333,16.6666666666667,12,,,GX020808.MP4,251.4512,52.5,20,27.5,40,,,GX030808.MP4,251.4512,9.52380952380952,76.1904761904762,14.2857142857143,21,,,,,,,,
GX010808.MP4,251.8516,19.2307692307692,65.3846153846154,15.3846153846154,26,,,GX010809.MP4,251.8516,76.4705882352941,5.88235294117647,17.6470588235294,34,,,,,,,,,,,GX010811.MP4,251.8516,50,35.7142857142857,14.2857142857143,14,,,GX020808.MP4,251.8516,70.9677419354839,9.67741935483871,19.3548387096774,31,,,GX030808.MP4,251.8516,7.40740740740741,74.0740740740741,18.5185185185185,27,,,,,,,,
GX010808.MP4,252.252,8.69565217391304,73.9130434782609,17.3913043478261,23,,,GX010809.MP4,252.252,64.0625,15.625,20.3125,64,,,,,,,,,,,GX010811.MP4,252.252,28.5714285714286,57.1428571428571,14.2857142857143,14,,,GX020808.MP4,252.252,65,15,20,40,,,GX030808.MP4,252.252,4,88,8,25,,,,,,,,
GX010808.MP4,252.6524,12.9032258064516,74.1935483870968,12.9032258064516,31,,,GX010809.MP4,252.6524,59.0909090909091,22.7272727272727,18.1818181818182,66,,,,,,,,,,,GX010811.MP4,252.6524,31.25,37.5,31.25,16,,,GX020808.MP4,252.6524,61.9047619047619,23.8095238095238,14.2857142857143,42,,,GX030808.MP4,252.6524,11.9047619047619,76.1904761904762,11.9047619047619,42,,,,,,,,
GX010808.MP4,253.0528,13.6363636363636,63.6363636363636,22.7272727272727,22,,,GX010809.MP4,253.0528,13.0434782608696,84.7826086956522,2.17391304347826,46,,,,,,,,,,,GX010811.MP4,253.0528,25,75,0,12,,,GX020808.MP4,253.0528,62.5,22.5,15,40,,,GX030808.MP4,253.0528,6.25,43.75,50,32,,,,,,,,
GX010808.MP4,253.4532,18.1818181818182,72.7272727272727,9.09090909090909,22,,,GX010809.MP4,253.4532,13.953488372093,81.3953488372093,4.65116279069768,43,,,,,,,,,,,GX010811.MP4,253.4532,38.4615384615385,61.5384615384615,0,13,,,GX020808.MP4,253.4532,52.2727272727273,34.0909090909091,13.6363636363636,44,,,GX030808.MP4,253.4532,16.2162162162162,43.2432432432432,40.5405405405405,37,,,,,,,,
GX010808.MP4,253.8536,13.0434782608696,69.5652173913043,17.3913043478261,23,,,GX010809.MP4,253.8536,17.3913043478261,71.7391304347826,10.8695652173913,46,,,,,,,,,,,GX010811.MP4,253.8536,20,73.3333333333333,6.66666666666667,15,,,GX020808.MP4,253.8536,55.5555555555556,19.4444444444444,25,36,,,GX030808.MP4,253.8536,15.3846153846154,84.6153846153846,0,26,,,,,,,,
GX010808.MP4,254.254,6.66666666666667,73.3333333333333,20,30,,,GX010809.MP4,254.254,17.1428571428571,68.5714285714286,14.2857142857143,35,,,,,,,,,,,GX010811.MP4,254.254,9.09090909090909,90.9090909090909,0,11,,,GX020808.MP4,254.254,54.3478260869565,26.0869565217391,19.5652173913043,46,,,GX030808.MP4,254.254,19.2307692307692,65.3846153846154,15.3846153846154,26,,,,,,,,
GX010808.MP4,254.6544,11.5384615384615,69.2307692307692,19.2307692307692,26,,,GX010809.MP4,254.6544,63.6363636363636,27.2727272727273,9.09090909090909,33,,,,,,,,,,,GX010811.MP4,254.6544,14.2857142857143,57.1428571428571,28.5714285714286,14,,,GX020808.MP4,254.6544,48.3870967741936,29.0322580645161,22.5806451612903,31,,,GX030808.MP4,254.6544,12.8205128205128,76.9230769230769,10.2564102564103,39,,,,,,,,
GX010808.MP4,255.0548,7.40740740740741,85.1851851851852,7.40740740740741,27,,,GX010809.MP4,255.0548,58.0645161290323,35.4838709677419,6.45161290322581,31,,,,,,,,,,,GX010811.MP4,255.0548,10,80,10,10,,,GX020808.MP4,255.0548,61.5384615384615,23.0769230769231,15.3846153846154,39,,,GX030808.MP4,255.0548,6.66666666666667,66.6666666666667,26.6666666666667,30,,,,,,,,
GX010808.MP4,255.4552,26.0869565217391,60.8695652173913,13.0434782608696,23,,,GX010809.MP4,255.4552,54.1666666666667,41.6666666666667,4.16666666666667,24,,,,,,,,,,,GX010811.MP4,255.4552,0,62.5,37.5,16,,,GX020808.MP4,255.4552,71.4285714285714,8.57142857142857,20,35,,,GX030808.MP4,255.4552,10.8108108108108,78.3783783783784,10.8108108108108,37,,,,,,,,
GX010808.MP4,255.8556,25.9259259259259,55.5555555555556,18.5185185185185,27,,,GX010809.MP4,255.8556,76.4705882352941,11.7647058823529,11.7647058823529,34,,,,,,,,,,,GX010811.MP4,255.8556,20,80,0,10,,,GX020808.MP4,255.8556,64.2857142857143,14.2857142857143,21.4285714285714,42,,,GX030808.MP4,255.8556,15.7894736842105,78.9473684210526,5.26315789473684,19,,,,,,,,
GX010808.MP4,256.256,33.3333333333333,55.5555555555556,11.1111111111111,27,,,GX010809.MP4,256.256,28.5714285714286,35.7142857142857,35.7142857142857,28,,,,,,,,,,,GX010811.MP4,256.256,52.6315789473684,36.8421052631579,10.5263157894737,19,,,GX020808.MP4,256.256,55.1724137931034,24.1379310344828,20.6896551724138,29,,,GX030808.MP4,256.256,20.8333333333333,54.1666666666667,25,24,,,,,,,,
GX010808.MP4,256.6564,25,53.5714285714286,21.4285714285714,28,,,GX010809.MP4,256.6564,55.8823529411765,35.2941176470588,8.82352941176471,34,,,,,,,,,,,GX010811.MP4,256.6564,12.5,75,12.5,16,,,GX020808.MP4,256.6564,46.875,28.125,25,32,,,GX030808.MP4,256.6564,36.6666666666667,60,3.33333333333333,30,,,,,,,,
GX010808.MP4,257.0568,28,52,20,25,,,GX010809.MP4,257.0568,80.8510638297872,14.8936170212766,4.25531914893617,47,,,,,,,,,,,GX010811.MP4,257.0568,22.2222222222222,66.6666666666667,11.1111111111111,9,,,GX020808.MP4,257.0568,32,28,40,25,,,GX030808.MP4,257.0568,21.4285714285714,71.4285714285714,7.14285714285714,28,,,,,,,,
GX010808.MP4,257.4572,8.33333333333333,41.6666666666667,50,24,,,GX010809.MP4,257.4572,81.8181818181818,0,18.1818181818182,11,,,,,,,,,,,GX010811.MP4,257.4572,22.2222222222222,66.6666666666667,11.1111111111111,9,,,GX020808.MP4,257.4572,36.8421052631579,21.0526315789474,42.1052631578947,19,,,GX030808.MP4,257.4572,32.258064516129,61.2903225806452,6.45161290322581,31,,,,,,,,
GX010808.MP4,257.8576,13.0434782608696,52.1739130434783,34.7826086956522,23,,,GX010809.MP4,257.8576,42.4242424242424,30.3030303030303,27.2727272727273,33,,,,,,,,,,,GX010811.MP4,257.8576,40,53.3333333333333,6.66666666666667,15,,,GX020808.MP4,257.8576,50,21.875,28.125,32,,,GX030808.MP4,257.8576,33.3333333333333,51.5151515151515,15.1515151515152,33,,,,,,,,
GX010808.MP4,258.258,27.7777777777778,50,22.2222222222222,36,,,GX010809.MP4,258.258,82.5,2.5,15,40,,,,,,,,,,,GX010811.MP4,258.258,66.6666666666667,33.3333333333333,0,3,,,GX020808.MP4,258.258,38.8888888888889,38.8888888888889,22.2222222222222,36,,,GX030808.MP4,258.258,16.2162162162162,62.1621621621622,21.6216216216216,37,,,,,,,,
GX010808.MP4,258.6584,20.8333333333333,70.8333333333333,8.33333333333333,24,,,GX010809.MP4,258.6584,63.0434782608696,4.34782608695652,32.6086956521739,46,,,,,,,,,,,GX010811.MP4,258.6584,42.8571428571429,42.8571428571429,14.2857142857143,7,,,GX020808.MP4,258.6584,50,17.8571428571429,32.1428571428571,28,,,GX030808.MP4,258.6584,17.8571428571429,42.8571428571429,39.2857142857143,28,,,,,,,,
GX010808.MP4,259.0588,6.66666666666667,90,3.33333333333333,30,,,GX010809.MP4,259.0588,31.1111111111111,62.2222222222222,6.66666666666667,45,,,,,,,,,,,GX010811.MP4,259.0588,44.4444444444444,55.5555555555556,0,9,,,GX020808.MP4,259.0588,63.6363636363636,31.8181818181818,4.54545454545455,22,,,GX030808.MP4,259.0588,52.9411764705882,35.2941176470588,11.7647058823529,17,,,,,,,,
GX010808.MP4,259.4592,24,56,20,25,,,GX010809.MP4,259.4592,71.4285714285714,3.57142857142857,25,56,,,,,,,,,,,GX010811.MP4,259.4592,50,8.33333333333333,41.6666666666667,12,,,GX020808.MP4,259.4592,41.6666666666667,41.6666666666667,16.6666666666667,24,,,GX030808.MP4,259.4592,37.5,37.5,25,24,,,,,,,,
GX010808.MP4,259.8596,11.5384615384615,57.6923076923077,30.7692307692308,26,,,GX010809.MP4,259.8596,77.7777777777778,4.44444444444445,17.7777777777778,45,,,,,,,,,,,GX010811.MP4,259.8596,66.6666666666667,16.6666666666667,16.6666666666667,6,,,GX020808.MP4,259.8596,65,20,15,20,,,GX030808.MP4,259.8596,52.3809523809524,42.8571428571429,4.76190476190476,21,,,,,,,,
GX010808.MP4,260.26,13.6363636363636,77.2727272727273,9.09090909090909,22,,,GX010809.MP4,260.26,52.9411764705882,14.7058823529412,32.3529411764706,34,,,,,,,,,,,GX010811.MP4,260.26,60,30,10,10,,,GX020808.MP4,260.26,66.6666666666667,20.8333333333333,12.5,24,,,GX030808.MP4,260.26,44,32,24,25,,,,,,,,
GX010808.MP4,260.6604,6.45161290322581,74.1935483870968,19.3548387096774,31,,,GX010809.MP4,260.6604,14.2857142857143,64.2857142857143,21.4285714285714,28,,,,,,,,,,,GX010811.MP4,260.6604,77.2727272727273,22.7272727272727,0,22,,,GX020808.MP4,260.6604,40.4761904761905,28.5714285714286,30.952380952381,42,,,GX030808.MP4,260.6604,35.7142857142857,53.5714285714286,10.7142857142857,28,,,,,,,,
GX010808.MP4,261.0608,8.33333333333333,66.6666666666667,25,24,,,GX010809.MP4,261.0608,61.1111111111111,38.8888888888889,0,18,,,,,,,,,,,GX010811.MP4,261.0608,36.3636363636364,36.3636363636364,27.2727272727273,11,,,GX020808.MP4,261.0608,66.6666666666667,19.047619047619,14.2857142857143,21,,,GX030808.MP4,261.0608,35.2941176470588,52.9411764705882,11.7647058823529,17,,,,,,,,
GX010808.MP4,261.4612,35.2941176470588,58.8235294117647,5.88235294117647,17,,,GX010809.MP4,261.4612,50,45.8333333333333,4.16666666666667,24,,,,,,,,,,,GX010811.MP4,261.4612,58.8235294117647,35.2941176470588,5.88235294117647,17,,,GX020808.MP4,261.4612,58.6206896551724,31.0344827586207,10.3448275862069,29,,,GX030808.MP4,261.4612,60,26.6666666666667,13.3333333333333,15,,,,,,,,
GX010808.MP4,261.8616,42.1052631578947,31.5789473684211,26.3157894736842,19,,,GX010809.MP4,261.8616,58.3333333333333,41.6666666666667,0,12,,,,,,,,,,,GX010811.MP4,261.8616,66.6666666666667,33.3333333333333,0,12,,,GX020808.MP4,261.8616,53.8461538461539,30.7692307692308,15.3846153846154,39,,,GX030808.MP4,261.8616,56.25,43.75,0,16,,,,,,,,
GX010808.MP4,262.262,46.4285714285714,46.4285714285714,7.14285714285714,28,,,GX010809.MP4,262.262,66.6666666666667,22.2222222222222,11.1111111111111,27,,,,,,,,,,,GX010811.MP4,262.262,37.5,37.5,25,8,,,GX020808.MP4,262.262,42.4242424242424,30.3030303030303,27.2727272727273,33,,,GX030808.MP4,262.262,34.4827586206897,48.2758620689655,17.2413793103448,29,,,,,,,,
GX010808.MP4,262.6624,24.3243243243243,70.2702702702703,5.40540540540541,37,,,GX010809.MP4,262.6624,47.3684210526316,52.6315789473684,0,19,,,,,,,,,,,GX010811.MP4,262.6624,50,50,0,12,,,GX020808.MP4,262.6624,80.952380952381,19.047619047619,0,21,,,GX030808.MP4,262.6624,28,56,16,25,,,,,,,,
GX010808.MP4,263.0628,41.6666666666667,33.3333333333333,25,24,,,GX010809.MP4,263.0628,38.4615384615385,30.7692307692308,30.7692307692308,39,,,,,,,,,,,GX010811.MP4,263.0628,45.4545454545455,36.3636363636364,18.1818181818182,11,,,GX020808.MP4,263.0628,71.4285714285714,28.5714285714286,0,7,,,GX030808.MP4,263.0628,29.6296296296296,51.8518518518519,18.5185185185185,27,,,,,,,,
GX010808.MP4,263.4632,25,55,20,20,,,GX010809.MP4,263.4632,7.14285714285714,42.8571428571429,50,28,,,,,,,,,,,GX010811.MP4,263.4632,70,10,20,10,,,GX020808.MP4,263.4632,33.3333333333333,57.4074074074074,9.25925925925926,54,,,GX030808.MP4,263.4632,37.5,62.5,0,16,,,,,,,,
GX010808.MP4,263.8636,18.5185185185185,51.8518518518519,29.6296296296296,27,,,GX010809.MP4,263.8636,50,17.5,32.5,40,,,,,,,,,,,GX010811.MP4,263.8636,50,28.5714285714286,21.4285714285714,14,,,GX020808.MP4,263.8636,52.9411764705882,23.5294117647059,23.5294117647059,17,,,GX030808.MP4,263.8636,14.2857142857143,85.7142857142857,0,21,,,,,,,,
GX010808.MP4,264.264,33.3333333333333,53.8461538461539,12.8205128205128,39,,,GX010809.MP4,264.264,47.6190476190476,21.4285714285714,30.952380952381,42,,,,,,,,,,,GX010811.MP4,264.264,77.7777777777778,22.2222222222222,0,9,,,GX020808.MP4,264.264,40,13.3333333333333,46.6666666666667,15,,,GX030808.MP4,264.264,22.2222222222222,51.8518518518519,25.9259259259259,27,,,,,,,,
GX010808.MP4,264.6644,34.375,59.375,6.25,32,,,GX010809.MP4,264.6644,52,20,28,25,,,,,,,,,,,GX010811.MP4,264.6644,69.2307692307692,30.7692307692308,0,13,,,GX020808.MP4,264.6644,34.7826086956522,47.8260869565217,17.3913043478261,23,,,GX030808.MP4,264.6644,9.67741935483871,67.741935483871,22.5806451612903,31,,,,,,,,
GX010808.MP4,265.0648,27.7777777777778,61.1111111111111,11.1111111111111,36,,,GX010809.MP4,265.0648,77.2727272727273,18.1818181818182,4.54545454545455,22,,,,,,,,,,,GX010811.MP4,265.0648,0,33.3333333333333,66.6666666666667,3,,,GX020808.MP4,265.0648,50,26.6666666666667,23.3333333333333,30,,,GX030808.MP4,265.0648,15.3846153846154,76.9230769230769,7.69230769230769,13,,,,,,,,
GX010808.MP4,265.4652,15.1515151515152,60.6060606060606,24.2424242424242,33,,,GX010809.MP4,265.4652,28.5714285714286,66.6666666666667,4.76190476190476,42,,,,,,,,,,,GX010811.MP4,265.4652,58.3333333333333,33.3333333333333,8.33333333333333,12,,,GX020808.MP4,265.4652,56.6666666666667,16.6666666666667,26.6666666666667,30,,,GX030808.MP4,265.4652,24,64,12,25,,,,,,,,
GX010808.MP4,265.8656,21.4285714285714,39.2857142857143,39.2857142857143,28,,,GX010809.MP4,265.8656,67.3076923076923,23.0769230769231,9.61538461538462,52,,,,,,,,,,,GX010811.MP4,265.8656,66.6666666666667,33.3333333333333,0,15,,,GX020808.MP4,265.8656,33.3333333333333,25,41.6666666666667,24,,,GX030808.MP4,265.8656,30.3030303030303,51.5151515151515,18.1818181818182,33,,,,,,,,
GX010808.MP4,266.266,34.2857142857143,31.4285714285714,34.2857142857143,35,,,GX010809.MP4,266.266,77.1428571428572,14.2857142857143,8.57142857142857,35,,,,,,,,,,,GX010811.MP4,266.266,40,26.6666666666667,33.3333333333333,15,,,GX020808.MP4,266.266,23.0769230769231,76.9230769230769,0,13,,,GX030808.MP4,266.266,21.0526315789474,68.421052631579,10.5263157894737,19,,,,,,,,
GX010808.MP4,266.6664,11.1111111111111,51.8518518518519,37.037037037037,27,,,GX010809.MP4,266.6664,84.8484848484848,9.09090909090909,6.06060606060606,33,,,,,,,,,,,GX010811.MP4,266.6664,57.8947368421053,31.5789473684211,10.5263157894737,19,,,GX020808.MP4,266.6664,29.4117647058824,64.7058823529412,5.88235294117647,17,,,GX030808.MP4,266.6664,6.66666666666667,66.6666666666667,26.6666666666667,15,,,,,,,,
GX010808.MP4,267.0668,8.57142857142857,60,31.4285714285714,35,,,GX010809.MP4,267.0668,29.4117647058824,47.0588235294118,23.5294117647059,17,,,,,,,,,,,GX010811.MP4,267.0668,52.9411764705882,23.5294117647059,23.5294117647059,17,,,GX020808.MP4,267.0668,8,88,4,25,,,GX030808.MP4,267.0668,22.2222222222222,74.0740740740741,3.7037037037037,27,,,,,,,,
GX010808.MP4,267.4672,11.1111111111111,62.962962962963,25.9259259259259,27,,,GX010809.MP4,267.4672,62.7118644067797,11.864406779661,25.4237288135593,59,,,,,,,,,,,GX010811.MP4,267.4672,35,35,30,20,,,GX020808.MP4,267.4672,69.6969696969697,9.09090909090909,21.2121212121212,33,,,GX030808.MP4,267.4672,23.3333333333333,70,6.66666666666667,30,,,,,,,,
GX010808.MP4,267.8676,28,56,16,25,,,GX010809.MP4,267.8676,56.3636363636364,21.8181818181818,21.8181818181818,55,,,,,,,,,,,GX010811.MP4,267.8676,85.7142857142857,14.2857142857143,0,7,,,GX020808.MP4,267.8676,37.5,25,37.5,8,,,GX030808.MP4,267.8676,26.4705882352941,64.7058823529412,8.82352941176471,34,,,,,,,,
GX010808.MP4,268.268,6.45161290322581,64.5161290322581,29.0322580645161,31,,,GX010809.MP4,268.268,56.4102564102564,20.5128205128205,23.0769230769231,39,,,,,,,,,,,GX010811.MP4,268.268,50,21.4285714285714,28.5714285714286,14,,,GX020808.MP4,268.268,58.3333333333333,33.3333333333333,8.33333333333333,12,,,GX030808.MP4,268.268,27.7777777777778,66.6666666666667,5.55555555555556,36,,,,,,,,
GX010808.MP4,268.6684,16.6666666666667,52.7777777777778,30.5555555555556,36,,,GX010809.MP4,268.6684,32.258064516129,35.4838709677419,32.258064516129,31,,,,,,,,,,,GX010811.MP4,268.6684,55.5555555555556,44.4444444444444,0,9,,,GX020808.MP4,268.6684,75,12.5,12.5,24,,,GX030808.MP4,268.6684,34.2857142857143,60,5.71428571428571,35,,,,,,,,
GX010808.MP4,269.0688,20,35,45,20,,,GX010809.MP4,269.0688,39.0243902439024,21.9512195121951,39.0243902439024,41,,,,,,,,,,,GX010811.MP4,269.0688,29.4117647058824,41.1764705882353,29.4117647058824,17,,,GX020808.MP4,269.0688,53.8461538461539,30.7692307692308,15.3846153846154,13,,,GX030808.MP4,269.0688,41.6666666666667,50,8.33333333333333,24,,,,,,,,
GX010808.MP4,269.4692,29.1666666666667,62.5,8.33333333333333,24,,,GX010809.MP4,269.4692,40.9090909090909,31.8181818181818,27.2727272727273,44,,,,,,,,,,,GX010811.MP4,269.4692,0,85.7142857142857,14.2857142857143,7,,,GX020808.MP4,269.4692,58.8235294117647,41.1764705882353,0,17,,,GX030808.MP4,269.4692,25.8064516129032,61.2903225806452,12.9032258064516,31,,,,,,,,
GX010808.MP4,269.8696,14.2857142857143,80.952380952381,4.76190476190476,21,,,GX010809.MP4,269.8696,53.3333333333333,15.5555555555556,31.1111111111111,45,,,,,,,,,,,GX010811.MP4,269.8696,17.6470588235294,47.0588235294118,35.2941176470588,17,,,GX020808.MP4,269.8696,66.6666666666667,26.6666666666667,6.66666666666667,15,,,GX030808.MP4,269.8696,7.69230769230769,50,42.3076923076923,26,,,,,,,,
GX010808.MP4,270.27,30.7692307692308,58.974358974359,10.2564102564103,39,,,GX010809.MP4,270.27,47.8260869565217,17.3913043478261,34.7826086956522,46,,,,,,,,,,,GX010811.MP4,270.27,0,100,0,6,,,GX020808.MP4,270.27,53.3333333333333,26.6666666666667,20,15,,,GX030808.MP4,270.27,38.6363636363636,31.8181818181818,29.5454545454545,44,,,,,,,,
GX010808.MP4,270.6704,31.0344827586207,41.3793103448276,27.5862068965517,29,,,GX010809.MP4,270.6704,20.9302325581395,72.093023255814,6.97674418604651,43,,,,,,,,,,,GX010811.MP4,270.6704,25,41.6666666666667,33.3333333333333,12,,,GX020808.MP4,270.6704,50,41.6666666666667,8.33333333333333,12,,,GX030808.MP4,270.6704,22.5806451612903,45.1612903225806,32.258064516129,31,,,,,,,,
GX010808.MP4,271.0708,30,56.6666666666667,13.3333333333333,30,,,GX010809.MP4,271.0708,8.69565217391304,69.5652173913043,21.7391304347826,46,,,,,,,,,,,GX010811.MP4,271.0708,28.5714285714286,57.1428571428571,14.2857142857143,14,,,GX020808.MP4,271.0708,83.3333333333333,0,16.6666666666667,18,,,GX030808.MP4,271.0708,38.2352941176471,26.4705882352941,35.2941176470588,34,,,,,,,,
GX010808.MP4,271.4712,20,73.3333333333333,6.66666666666667,30,,,GX010809.MP4,271.4712,79.0697674418605,20.9302325581395,0,43,,,,,,,,,,,GX010811.MP4,271.4712,9.09090909090909,72.7272727272727,18.1818181818182,11,,,GX020808.MP4,271.4712,36.8421052631579,21.0526315789474,42.1052631578947,19,,,GX030808.MP4,271.4712,37.5,37.5,25,24,,,,,,,,
GX010808.MP4,271.8716,24.1379310344828,65.5172413793104,10.3448275862069,29,,,GX010809.MP4,271.8716,57.1428571428571,35.7142857142857,7.14285714285714,14,,,,,,,,,,,GX010811.MP4,271.8716,7.69230769230769,69.2307692307692,23.0769230769231,13,,,GX020808.MP4,271.8716,48.2758620689655,13.7931034482759,37.9310344827586,29,,,GX030808.MP4,271.8716,30.4347826086957,56.5217391304348,13.0434782608696,23,,,,,,,,
GX010808.MP4,272.272,30.7692307692308,57.6923076923077,11.5384615384615,26,,,GX010809.MP4,272.272,40.4761904761905,30.952380952381,28.5714285714286,42,,,,,,,,,,,GX010811.MP4,272.272,12.5,87.5,0,8,,,GX020808.MP4,272.272,40.5405405405405,10.8108108108108,48.6486486486487,37,,,GX030808.MP4,272.272,29.1666666666667,41.6666666666667,29.1666666666667,24,,,,,,,,
GX010808.MP4,272.6724,21.4285714285714,75,3.57142857142857,28,,,GX010809.MP4,272.6724,58.3333333333333,20.8333333333333,20.8333333333333,48,,,,,,,,,,,GX010811.MP4,272.6724,40,40,20,5,,,GX020808.MP4,272.6724,38.2352941176471,14.7058823529412,47.0588235294118,34,,,GX030808.MP4,272.6724,27.7777777777778,63.8888888888889,8.33333333333333,36,,,,,,,,
GX010808.MP4,273.0728,52.3809523809524,38.0952380952381,9.52380952380952,21,,,GX010809.MP4,273.0728,78.5714285714286,19.047619047619,2.38095238095238,42,,,,,,,,,,,GX010811.MP4,273.0728,23.0769230769231,53.8461538461539,23.0769230769231,13,,,GX020808.MP4,273.0728,48.2758620689655,10.3448275862069,41.3793103448276,29,,,GX030808.MP4,273.0728,50,46.6666666666667,3.33333333333333,30,,,,,,,,
GX010808.MP4,273.4732,40.7407407407407,51.8518518518519,7.40740740740741,27,,,GX010809.MP4,273.4732,47.3684210526316,47.3684210526316,5.26315789473684,19,,,,,,,,,,,GX010811.MP4,273.4732,8.33333333333333,91.6666666666667,0,12,,,GX020808.MP4,273.4732,40,31.4285714285714,28.5714285714286,35,,,GX030808.MP4,273.4732,46.1538461538462,19.2307692307692,34.6153846153846,26,,,,,,,,
GX010808.MP4,273.8736,7.69230769230769,61.5384615384615,30.7692307692308,13,,,GX010809.MP4,273.8736,57.1428571428571,42.8571428571429,0,21,,,,,,,,,,,GX010811.MP4,273.8736,50,33.3333333333333,16.6666666666667,12,,,GX020808.MP4,273.8736,51.1111111111111,13.3333333333333,35.5555555555556,45,,,GX030808.MP4,273.8736,48.2758620689655,41.3793103448276,10.3448275862069,29,,,,,,,,
GX010808.MP4,274.274,40.7407407407407,33.3333333333333,25.9259259259259,27,,,GX010809.MP4,274.274,0,100,0,3,,,,,,,,,,,GX010811.MP4,274.274,16.6666666666667,83.3333333333333,0,12,,,GX020808.MP4,274.274,25,18.75,56.25,32,,,GX030808.MP4,274.274,44,48,8,25,,,,,,,,
GX010808.MP4,274.6744,32,68,0,25,,,GX010809.MP4,274.6744,73.4693877551021,16.3265306122449,10.2040816326531,49,,,,,,,,,,,GX010811.MP4,274.6744,20,80,0,10,,,GX020808.MP4,274.6744,52.7777777777778,11.1111111111111,36.1111111111111,36,,,GX030808.MP4,274.6744,11.7647058823529,88.2352941176471,0,17,,,,,,,,
GX010808.MP4,275.0748,31.8181818181818,63.6363636363636,4.54545454545455,22,,,GX010809.MP4,275.0748,47.8260869565217,26.0869565217391,26.0869565217391,46,,,,,,,,,,,GX010811.MP4,275.0748,66.6666666666667,33.3333333333333,0,3,,,GX020808.MP4,275.0748,44.4444444444444,55.5555555555556,0,9,,,GX030808.MP4,275.0748,41.4634146341463,48.7804878048781,9.75609756097561,41,,,,,,,,
GX010808.MP4,275.4752,57.1428571428571,28.5714285714286,14.2857142857143,28,,,GX010809.MP4,275.4752,47.6190476190476,19.047619047619,33.3333333333333,42,,,,,,,,,,,GX010811.MP4,275.4752,35.7142857142857,42.8571428571429,21.4285714285714,14,,,GX020808.MP4,275.4752,20,60,20,10,,,GX030808.MP4,275.4752,21.0526315789474,55.2631578947369,23.6842105263158,38,,,,,,,,
GX010808.MP4,275.8756,59.375,37.5,3.125,32,,,GX010809.MP4,275.8756,6.66666666666667,93.3333333333333,0,15,,,,,,,,,,,GX010811.MP4,275.8756,22.2222222222222,66.6666666666667,11.1111111111111,9,,,GX020808.MP4,275.8756,86.2068965517241,6.89655172413793,6.89655172413793,29,,,GX030808.MP4,275.8756,8.57142857142857,68.5714285714286,22.8571428571429,35,,,,,,,,
GX010808.MP4,276.276,17.2413793103448,58.6206896551724,24.1379310344828,29,,,GX010809.MP4,276.276,30.7692307692308,42.3076923076923,26.9230769230769,26,,,,,,,,,,,GX010811.MP4,276.276,0,100,0,9,,,GX020808.MP4,276.276,71.875,15.625,12.5,32,,,GX030808.MP4,276.276,19.3548387096774,74.1935483870968,6.45161290322581,31,,,,,,,,
GX010808.MP4,276.6764,20,68.5714285714286,11.4285714285714,35,,,GX010809.MP4,276.6764,17.5,67.5,15,40,,,,,,,,,,,GX010811.MP4,276.6764,18.1818181818182,81.8181818181818,0,11,,,GX020808.MP4,276.6764,48.5714285714286,17.1428571428571,34.2857142857143,35,,,GX030808.MP4,276.6764,12.1212121212121,78.7878787878788,9.09090909090909,33,,,,,,,,
GX010808.MP4,277.0768,52.3809523809524,33.3333333333333,14.2857142857143,21,,,GX010809.MP4,277.0768,22.2222222222222,59.2592592592593,18.5185185185185,27,,,,,,,,,,,GX010811.MP4,277.0768,0,100,0,3,,,GX020808.MP4,277.0768,64.7058823529412,2.94117647058824,32.3529411764706,34,,,GX030808.MP4,277.0768,15.1515151515152,69.6969696969697,15.1515151515152,33,,,,,,,,
GX010808.MP4,277.4772,8.82352941176471,73.5294117647059,17.6470588235294,34,,,GX010809.MP4,277.4772,36.3636363636364,50,13.6363636363636,22,,,,,,,,,,,GX010811.MP4,277.4772,0,100,0,4,,,GX020808.MP4,277.4772,75.7575757575758,3.03030303030303,21.2121212121212,33,,,GX030808.MP4,277.4772,15.1515151515152,63.6363636363636,21.2121212121212,33,,,,,,,,
GX010808.MP4,277.8776,17.948717948718,64.1025641025641,17.948717948718,39,,,GX010809.MP4,277.8776,40.9090909090909,59.0909090909091,0,22,,,,,,,,,,,GX010811.MP4,277.8776,0,55.5555555555556,44.4444444444444,9,,,GX020808.MP4,277.8776,57.1428571428571,21.4285714285714,21.4285714285714,42,,,GX030808.MP4,277.8776,11.1111111111111,77.7777777777778,11.1111111111111,36,,,,,,,,
GX010808.MP4,278.278,22.5806451612903,58.0645161290323,19.3548387096774,31,,,GX010809.MP4,278.278,22.5806451612903,70.9677419354839,6.45161290322581,31,,,,,,,,,,,GX010811.MP4,278.278,0,87.5,12.5,8,,,GX020808.MP4,278.278,45.7142857142857,25.7142857142857,28.5714285714286,35,,,GX030808.MP4,278.278,17.7777777777778,73.3333333333333,8.88888888888889,45,,,,,,,,
GX010808.MP4,278.6784,32,40,28,25,,,GX010809.MP4,278.6784,64.2857142857143,21.4285714285714,14.2857142857143,14,,,,,,,,,,,GX010811.MP4,278.6784,0,81.8181818181818,18.1818181818182,11,,,GX020808.MP4,278.6784,11.1111111111111,77.7777777777778,11.1111111111111,27,,,GX030808.MP4,278.6784,16.2162162162162,70.2702702702703,13.5135135135135,37,,,,,,,,
GX010808.MP4,279.0788,32.1428571428571,53.5714285714286,14.2857142857143,28,,,GX010809.MP4,279.0788,60,30,10,20,,,,,,,,,,,GX010811.MP4,279.0788,7.14285714285714,71.4285714285714,21.4285714285714,14,,,GX020808.MP4,279.0788,46.6666666666667,33.3333333333333,20,15,,,GX030808.MP4,279.0788,21.0526315789474,65.7894736842105,13.1578947368421,38,,,,,,,,
GX010808.MP4,279.4792,7.14285714285714,64.2857142857143,28.5714285714286,14,,,GX010809.MP4,279.4792,50,20,30,10,,,,,,,,,,,GX010811.MP4,279.4792,16.6666666666667,83.3333333333333,0,6,,,GX020808.MP4,279.4792,46.875,40.625,12.5,32,,,GX030808.MP4,279.4792,23.6842105263158,65.7894736842105,10.5263157894737,38,,,,,,,,
GX010808.MP4,279.8796,15.3846153846154,69.2307692307692,15.3846153846154,13,,,GX010809.MP4,279.8796,68,16,16,50,,,,,,,,,,,GX010811.MP4,279.8796,36.3636363636364,45.4545454545455,18.1818181818182,11,,,GX020808.MP4,279.8796,51.3513513513514,21.6216216216216,27.027027027027,37,,,GX030808.MP4,279.8796,23.6842105263158,50,26.3157894736842,38,,,,,,,,
GX010808.MP4,280.28,11.7647058823529,58.8235294117647,29.4117647058824,17,,,GX010809.MP4,280.28,55.5555555555556,44.4444444444444,0,9,,,,,,,,,,,GX010811.MP4,280.28,30,60,10,10,,,GX020808.MP4,280.28,73.8095238095238,21.4285714285714,4.76190476190476,42,,,GX030808.MP4,280.28,25.7142857142857,57.1428571428571,17.1428571428571,35,,,,,,,,
GX010808.MP4,280.6804,25,37.5,37.5,8,,,GX010809.MP4,280.6804,44.4444444444444,48.1481481481481,7.40740740740741,27,,,,,,,,,,,GX010811.MP4,280.6804,11.1111111111111,88.8888888888889,0,9,,,GX020808.MP4,280.6804,79.4117647058824,11.7647058823529,8.82352941176471,34,,,GX030808.MP4,280.6804,17.5,60,22.5,40,,,,,,,,
GX010808.MP4,281.0808,0,54.5454545454545,45.4545454545455,11,,,GX010809.MP4,281.0808,40,40,20,25,,,,,,,,,,,GX010811.MP4,281.0808,0,87.5,12.5,8,,,GX020808.MP4,281.0808,74.4186046511628,11.6279069767442,13.953488372093,43,,,GX030808.MP4,281.0808,16.2162162162162,59.4594594594595,24.3243243243243,37,,,,,,,,
GX010808.MP4,281.4812,57.1428571428571,42.8571428571429,0,7,,,GX010809.MP4,281.4812,13.3333333333333,66.6666666666667,20,15,,,,,,,,,,,GX010811.MP4,281.4812,10,80,10,10,,,GX020808.MP4,281.4812,74.2857142857143,8.57142857142857,17.1428571428571,35,,,GX030808.MP4,281.4812,21.875,62.5,15.625,32,,,,,,,,
GX010808.MP4,281.8816,40.7407407407407,44.4444444444444,14.8148148148148,27,,,GX010809.MP4,281.8816,50,43.75,6.25,16,,,,,,,,,,,GX010811.MP4,281.8816,0,90,10,10,,,GX020808.MP4,281.8816,75.6756756756757,18.9189189189189,5.40540540540541,37,,,GX030808.MP4,281.8816,24.2424242424242,57.5757575757576,18.1818181818182,33,,,,,,,,
GX010808.MP4,282.282,19.3548387096774,64.5161290322581,16.1290322580645,31,,,GX010809.MP4,282.282,77.7777777777778,22.2222222222222,0,9,,,,,,,,,,,GX010811.MP4,282.282,0,37.5,62.5,8,,,GX020808.MP4,282.282,79.0697674418605,18.6046511627907,2.32558139534884,43,,,GX030808.MP4,282.282,34.1463414634146,58.5365853658537,7.31707317073171,41,,,,,,,,
GX010808.MP4,282.6824,22.7272727272727,54.5454545454545,22.7272727272727,22,,,GX010809.MP4,282.6824,40,60,0,5,,,,,,,,,,,GX010811.MP4,282.6824,25,75,0,4,,,GX020808.MP4,282.6824,65,30,5,40,,,GX030808.MP4,282.6824,23.5294117647059,55.8823529411765,20.5882352941176,34,,,,,,,,
GX010808.MP4,283.0828,21.9512195121951,70.7317073170732,7.31707317073171,41,,,GX010809.MP4,283.0828,16.1290322580645,83.8709677419355,0,31,,,,,,,,,,,GX010811.MP4,283.0828,0,62.5,37.5,8,,,GX020808.MP4,283.0828,55.8139534883721,32.5581395348837,11.6279069767442,43,,,GX030808.MP4,283.0828,19.5652173913043,54.3478260869565,26.0869565217391,46,,,,,,,,
GX010808.MP4,283.4832,13.3333333333333,73.3333333333333,13.3333333333333,15,,,GX010809.MP4,283.4832,69.2307692307692,23.0769230769231,7.69230769230769,13,,,,,,,,,,,GX010811.MP4,283.4832,14.2857142857143,71.4285714285714,14.2857142857143,7,,,GX020808.MP4,283.4832,70,17.5,12.5,40,,,GX030808.MP4,283.4832,18.3673469387755,63.265306122449,18.3673469387755,49,,,,,,,,
GX010808.MP4,283.8836,20,52.5,27.5,40,,,GX010809.MP4,283.8836,22.7272727272727,72.7272727272727,4.54545454545455,22,,,,,,,,,,,GX010811.MP4,283.8836,0,100,0,1,,,GX020808.MP4,283.8836,62.7906976744186,23.2558139534884,13.953488372093,43,,,GX030808.MP4,283.8836,15,50,35,20,,,,,,,,
GX010808.MP4,284.284,28.2051282051282,53.8461538461539,17.948717948718,39,,,GX010809.MP4,284.284,22.5806451612903,77.4193548387097,0,31,,,,,,,,,,,GX010811.MP4,284.284,33.3333333333333,33.3333333333333,33.3333333333333,3,,,GX020808.MP4,284.284,44.4444444444444,44.4444444444444,11.1111111111111,27,,,GX030808.MP4,284.284,30.7692307692308,46.1538461538462,23.0769230769231,26,,,,,,,,
GX010808.MP4,284.6844,36,48,16,25,,,GX010809.MP4,284.6844,22.9166666666667,62.5,14.5833333333333,48,,,,,,,,,,,GX010811.MP4,284.6844,50,25,25,4,,,GX020808.MP4,284.6844,40.9090909090909,45.4545454545455,13.6363636363636,22,,,GX030808.MP4,284.6844,36.8421052631579,36.8421052631579,26.3157894736842,19,,,,,,,,
GX010808.MP4,285.0848,19.2307692307692,69.2307692307692,11.5384615384615,26,,,GX010809.MP4,285.0848,40,20,40,45,,,,,,,,,,,GX010811.MP4,285.0848,16.6666666666667,50,33.3333333333333,6,,,GX020808.MP4,285.0848,40,44,16,25,,,GX030808.MP4,285.0848,42.8571428571429,35.7142857142857,21.4285714285714,28,,,,,,,,
GX010808.MP4,285.4852,7.40740740740741,74.0740740740741,18.5185185185185,27,,,GX010809.MP4,285.4852,30.7692307692308,15.3846153846154,53.8461538461539,39,,,,,,,,,,,GX010811.MP4,285.4852,33.3333333333333,66.6666666666667,0,3,,,GX020808.MP4,285.4852,37.5,41.6666666666667,20.8333333333333,24,,,GX030808.MP4,285.4852,11.7647058823529,88.2352941176471,0,17,,,,,,,,
GX010808.MP4,285.8856,10.3448275862069,68.9655172413793,20.6896551724138,29,,,GX010809.MP4,285.8856,46.4285714285714,23.2142857142857,30.3571428571429,56,,,,,,,,,,,GX010811.MP4,285.8856,0,66.6666666666667,33.3333333333333,3,,,GX020808.MP4,285.8856,40,56,4,25,,,GX030808.MP4,285.8856,4.76190476190476,80.952380952381,14.2857142857143,21,,,,,,,,
GX010808.MP4,286.286,36,64,0,25,,,GX010809.MP4,286.286,50,41.6666666666667,8.33333333333333,24,,,,,,,,,,,GX010811.MP4,286.286,25,37.5,37.5,8,,,GX020808.MP4,286.286,27.5862068965517,62.0689655172414,10.3448275862069,29,,,GX030808.MP4,286.286,18.6046511627907,74.4186046511628,6.97674418604651,43,,,,,,,,
GX010808.MP4,286.6864,31.25,56.25,12.5,16,,,GX010809.MP4,286.6864,75.8620689655172,17.2413793103448,6.89655172413793,29,,,,,,,,,,,GX010811.MP4,286.6864,33.3333333333333,33.3333333333333,33.3333333333333,3,,,GX020808.MP4,286.6864,65.2173913043478,26.0869565217391,8.69565217391304,23,,,GX030808.MP4,286.6864,16.6666666666667,66.6666666666667,16.6666666666667,18,,,,,,,,
GX010808.MP4,287.0868,0,100,0,8,,,GX010809.MP4,287.0868,53.3333333333333,40,6.66666666666667,15,,,,,,,,,,,GX010811.MP4,287.0868,0,50,50,2,,,GX020808.MP4,287.0868,21.9512195121951,78.0487804878049,0,41,,,GX030808.MP4,287.0868,48.5714285714286,31.4285714285714,20,35,,,,,,,,
GX010808.MP4,287.4872,4.54545454545455,90.9090909090909,4.54545454545455,22,,,GX010809.MP4,287.4872,15.5555555555556,77.7777777777778,6.66666666666667,45,,,,,,,,,,,GX010811.MP4,287.4872,66.6666666666667,33.3333333333333,0,6,,,GX020808.MP4,287.4872,29.5454545454545,63.6363636363636,6.81818181818182,44,,,GX030808.MP4,287.4872,30,35,35,40,,,,,,,,
GX010808.MP4,287.8876,9.67741935483871,77.4193548387097,12.9032258064516,31,,,GX010809.MP4,287.8876,32.5581395348837,25.5813953488372,41.8604651162791,43,,,,,,,,,,,GX010811.MP4,287.8876,33.3333333333333,66.6666666666667,0,3,,,GX020808.MP4,287.8876,42.8571428571429,33.3333333333333,23.8095238095238,21,,,GX030808.MP4,287.8876,46.1538461538462,28.2051282051282,25.6410256410256,39,,,,,,,,
GX010808.MP4,288.288,11.1111111111111,11.1111111111111,77.7777777777778,18,,,GX010809.MP4,288.288,48.8888888888889,20,31.1111111111111,45,,,,,,,,,,,GX010811.MP4,288.288,0,0,100,1,,,GX020808.MP4,288.288,55,30,15,20,,,GX030808.MP4,288.288,41.025641025641,46.1538461538462,12.8205128205128,39,,,,,,,,
GX010808.MP4,288.6884,16.6666666666667,80,3.33333333333333,30,,,GX010809.MP4,288.6884,23.8095238095238,28.5714285714286,47.6190476190476,21,,,,,,,,,,,GX010811.MP4,288.6884,50,33.3333333333333,16.6666666666667,6,,,GX020808.MP4,288.6884,76.4705882352941,17.6470588235294,5.88235294117647,17,,,GX030808.MP4,288.6884,40.4255319148936,48.936170212766,10.6382978723404,47,,,,,,,,
GX010808.MP4,289.0888,16.6666666666667,75,8.33333333333333,24,,,GX010809.MP4,289.0888,50,27.7777777777778,22.2222222222222,36,,,,,,,,,,,GX010811.MP4,289.0888,0,0,0,0,,,GX020808.MP4,289.0888,68,16,16,25,,,GX030808.MP4,289.0888,26.6666666666667,46.6666666666667,26.6666666666667,45,,,,,,,,
GX010808.MP4,289.4892,13.3333333333333,73.3333333333333,13.3333333333333,30,,,GX010809.MP4,289.4892,45.8333333333333,12.5,41.6666666666667,24,,,,,,,,,,,GX010811.MP4,289.4892,66.6666666666667,33.3333333333333,0,3,,,GX020808.MP4,289.4892,57.8947368421053,26.3157894736842,15.7894736842105,38,,,GX030808.MP4,289.4892,37.1428571428571,48.5714285714286,14.2857142857143,35,,,,,,,,
GX010808.MP4,289.8896,9.52380952380952,33.3333333333333,57.1428571428571,21,,,GX010809.MP4,289.8896,42.3076923076923,11.5384615384615,46.1538461538462,26,,,,,,,,,,,GX010811.MP4,289.8896,25,25,50,4,,,GX020808.MP4,289.8896,58.0645161290323,32.258064516129,9.67741935483871,31,,,GX030808.MP4,289.8896,25,65.625,9.375,32,,,,,,,,
GX010808.MP4,290.29,9.52380952380952,64.2857142857143,26.1904761904762,42,,,GX010809.MP4,290.29,15.3846153846154,80.7692307692308,3.84615384615385,26,,,,,,,,,,,GX010811.MP4,290.29,75,25,0,4,,,GX020808.MP4,290.29,45.2380952380952,42.8571428571429,11.9047619047619,42,,,GX030808.MP4,290.29,27.0833333333333,58.3333333333333,14.5833333333333,48,,,,,,,,
GX010808.MP4,290.6904,51.6129032258065,41.9354838709677,6.45161290322581,31,,,GX010809.MP4,290.6904,30.7692307692308,12.8205128205128,56.4102564102564,39,,,,,,,,,,,GX010811.MP4,290.6904,50,50,0,6,,,GX020808.MP4,290.6904,61.9047619047619,26.1904761904762,11.9047619047619,42,,,GX030808.MP4,290.6904,35.2941176470588,58.8235294117647,5.88235294117647,34,,,,,,,,
GX010808.MP4,291.0908,29.4117647058824,50,20.5882352941176,34,,,GX010809.MP4,291.0908,15,55,30,20,,,,,,,,,,,GX010811.MP4,291.0908,33.3333333333333,66.6666666666667,0,3,,,GX020808.MP4,291.0908,56.8181818181818,34.0909090909091,9.09090909090909,44,,,GX030808.MP4,291.0908,29.7297297297297,54.0540540540541,16.2162162162162,37,,,,,,,,
GX010808.MP4,291.4912,26.9230769230769,38.4615384615385,34.6153846153846,26,,,GX010809.MP4,291.4912,14.2857142857143,33.3333333333333,52.3809523809524,21,,,,,,,,,,,GX010811.MP4,291.4912,50,0,50,2,,,GX020808.MP4,291.4912,46.9387755102041,36.734693877551,16.3265306122449,49,,,GX030808.MP4,291.4912,45.7142857142857,40,14.2857142857143,35,,,,,,,,
GX010808.MP4,291.8916,21.875,46.875,31.25,32,,,GX010809.MP4,291.8916,9.09090909090909,72.7272727272727,18.1818181818182,11,,,,,,,,,,,GX010811.MP4,291.8916,50,25,25,4,,,GX020808.MP4,291.8916,67.6470588235294,26.4705882352941,5.88235294117647,34,,,GX030808.MP4,291.8916,11.1111111111111,58.3333333333333,30.5555555555556,36,,,,,,,,
GX010808.MP4,292.292,43.4782608695652,47.8260869565217,8.69565217391304,23,,,GX010809.MP4,292.292,41.9354838709677,35.4838709677419,22.5806451612903,31,,,,,,,,,,,GX010811.MP4,292.292,100,0,0,1,,,GX020808.MP4,292.292,56.5217391304348,21.7391304347826,21.7391304347826,46,,,GX030808.MP4,292.292,26.3157894736842,57.8947368421053,15.7894736842105,38,,,,,,,,
GX010808.MP4,292.6924,28.5714285714286,42.8571428571429,28.5714285714286,21,,,GX010809.MP4,292.6924,61.1111111111111,27.7777777777778,11.1111111111111,18,,,,,,,,,,,GX010811.MP4,292.6924,0,0,100,2,,,GX020808.MP4,292.6924,43.4782608695652,39.1304347826087,17.3913043478261,46,,,GX030808.MP4,292.6924,3.57142857142857,85.7142857142857,10.7142857142857,28,,,,,,,,
GX010808.MP4,293.0928,48,28,24,25,,,GX010809.MP4,293.0928,28.8888888888889,60,11.1111111111111,45,,,,,,,,,,,GX010811.MP4,293.0928,0,0,0,0,,,GX020808.MP4,293.0928,48.3870967741936,35.4838709677419,16.1290322580645,31,,,GX030808.MP4,293.0928,22.2222222222222,66.6666666666667,11.1111111111111,36,,,,,,,,
GX010808.MP4,293.4932,66.6666666666667,22.2222222222222,11.1111111111111,18,,,GX010809.MP4,293.4932,26.4705882352941,64.7058823529412,8.82352941176471,34,,,,,,,,,,,GX010811.MP4,293.4932,100,0,0,1,,,GX020808.MP4,293.4932,66.6666666666667,29.6296296296296,3.7037037037037,27,,,GX030808.MP4,293.4932,20.5128205128205,66.6666666666667,12.8205128205128,39,,,,,,,,
GX010808.MP4,293.8936,7.40740740740741,92.5925925925926,0,27,,,GX010809.MP4,293.8936,19.4444444444444,61.1111111111111,19.4444444444444,36,,,,,,,,,,,GX010811.MP4,293.8936,0,0,0,0,,,GX020808.MP4,293.8936,55,20,25,40,,,GX030808.MP4,293.8936,21.6216216216216,62.1621621621622,16.2162162162162,37,,,,,,,,
GX010808.MP4,294.294,51.7241379310345,44.8275862068966,3.44827586206897,29,,,GX010809.MP4,294.294,33.3333333333333,54.7619047619048,11.9047619047619,42,,,,,,,,,,,GX010811.MP4,294.294,100,0,0,1,,,GX020808.MP4,294.294,52.7777777777778,36.1111111111111,11.1111111111111,36,,,GX030808.MP4,294.294,30.5555555555556,63.8888888888889,5.55555555555556,36,,,,,,,,
GX010808.MP4,294.6944,22.7272727272727,59.0909090909091,18.1818181818182,22,,,GX010809.MP4,294.6944,57.1428571428571,37.1428571428571,5.71428571428571,35,,,,,,,,,,,GX010811.MP4,294.6944,0,0,0,0,,,GX020808.MP4,294.6944,73.4693877551021,24.4897959183673,2.04081632653061,49,,,GX030808.MP4,294.6944,23.5294117647059,58.8235294117647,17.6470588235294,34,,,,,,,,
GX010808.MP4,295.0948,0,100,0,19,,,GX010809.MP4,295.0948,60,14.2857142857143,25.7142857142857,35,,,,,,,,,,,GX010811.MP4,295.0948,50,50,0,2,,,GX020808.MP4,295.0948,72.7272727272727,20.4545454545455,6.81818181818182,44,,,GX030808.MP4,295.0948,30.5555555555556,55.5555555555556,13.8888888888889,36,,,,,,,,
GX010808.MP4,295.4952,61.5384615384615,38.4615384615385,0,26,,,GX010809.MP4,295.4952,14.2857142857143,77.1428571428572,8.57142857142857,35,,,,,,,,,,,GX010811.MP4,295.4952,0,0,0,0,,,GX020808.MP4,295.4952,62.5,35,2.5,40,,,GX030808.MP4,295.4952,36,52,12,25,,,,,,,,
GX010808.MP4,295.8956,66.6666666666667,26.6666666666667,6.66666666666667,30,,,GX010809.MP4,295.8956,51.1111111111111,31.1111111111111,17.7777777777778,45,,,,,,,,,,,GX010811.MP4,295.8956,0,0,0,0,,,GX020808.MP4,295.8956,48.936170212766,46.8085106382979,4.25531914893617,47,,,GX030808.MP4,295.8956,33.3333333333333,48.7179487179487,17.948717948718,39,,,,,,,,
GX010808.MP4,296.296,26.0869565217391,47.8260869565217,26.0869565217391,23,,,GX010809.MP4,296.296,7.69230769230769,65.3846153846154,26.9230769230769,26,,,,,,,,,,,GX010811.MP4,296.296,0,0,100,3,,,GX020808.MP4,296.296,51.9230769230769,44.2307692307692,3.84615384615385,52,,,GX030808.MP4,296.296,50,40,10,40,,,,,,,,
GX010808.MP4,296.6964,8.57142857142857,85.7142857142857,5.71428571428571,35,,,GX010809.MP4,296.6964,61.3636363636364,4.54545454545455,34.0909090909091,44,,,,,,,,,,,GX010811.MP4,296.6964,0,0,0,0,,,GX020808.MP4,296.6964,62.8571428571429,31.4285714285714,5.71428571428571,35,,,GX030808.MP4,296.6964,13.1578947368421,81.5789473684211,5.26315789473684,38,,,,,,,,
GX010808.MP4,297.0968,50,27.2727272727273,22.7272727272727,22,,,GX010809.MP4,297.0968,20,70,10,10,,,,,,,,,,,GX010811.MP4,297.0968,0,100,0,1,,,GX020808.MP4,297.0968,57.5,40,2.5,40,,,GX030808.MP4,297.0968,38.0952380952381,23.8095238095238,38.0952380952381,42,,,,,,,,
GX010808.MP4,297.4972,29.4117647058824,41.1764705882353,29.4117647058824,34,,,GX010809.MP4,297.4972,52.4590163934426,27.8688524590164,19.672131147541,61,,,,,,,,,,,GX010811.MP4,297.4972,100,0,0,1,,,GX020808.MP4,297.4972,39.5348837209302,51.1627906976744,9.30232558139535,43,,,GX030808.MP4,297.4972,0,26.6666666666667,73.3333333333333,15,,,,,,,,
GX010808.MP4,297.8976,15.3846153846154,65.3846153846154,19.2307692307692,26,,,GX010809.MP4,297.8976,10.8695652173913,86.9565217391304,2.17391304347826,46,,,,,,,,,,,GX010811.MP4,297.8976,0,0,0,0,,,GX020808.MP4,297.8976,52.1739130434783,39.1304347826087,8.69565217391304,46,,,GX030808.MP4,297.8976,23.0769230769231,50,26.9230769230769,26,,,,,,,,
GX010808.MP4,298.298,61.5384615384615,26.9230769230769,11.5384615384615,26,,,GX010809.MP4,298.298,61.3636363636364,22.7272727272727,15.9090909090909,44,,,,,,,,,,,GX010811.MP4,298.298,0,0,0,0,,,GX020808.MP4,298.298,43.9024390243903,41.4634146341463,14.6341463414634,41,,,GX030808.MP4,298.298,31.5789473684211,47.3684210526316,21.0526315789474,19,,,,,,,,
GX010808.MP4,298.6984,68.1818181818182,22.7272727272727,9.09090909090909,22,,,GX010809.MP4,298.6984,37.2093023255814,32.5581395348837,30.2325581395349,43,,,,,,,,,,,GX010811.MP4,298.6984,0,0,0,0,,,GX020808.MP4,298.6984,56.5217391304348,36.9565217391304,6.52173913043478,46,,,GX030808.MP4,298.6984,51.063829787234,42.5531914893617,6.38297872340426,47,,,,,,,,
GX010808.MP4,299.0988,33.3333333333333,50,16.6666666666667,24,,,GX010809.MP4,299.0988,40.4255319148936,42.5531914893617,17.0212765957447,47,,,,,,,,,,,GX010811.MP4,299.0988,0,0,0,0,,,GX020808.MP4,299.0988,48.7804878048781,43.9024390243903,7.31707317073171,41,,,GX030808.MP4,299.0988,51.063829787234,42.5531914893617,6.38297872340426,47,,,,,,,,
GX010808.MP4,299.4992,41.3793103448276,41.3793103448276,17.2413793103448,29,,,GX010809.MP4,299.4992,37.9310344827586,34.4827586206897,27.5862068965517,29,,,,,,,,,,,GX010811.MP4,299.4992,0,0,0,0,,,GX020808.MP4,299.4992,45.1612903225806,48.3870967741936,6.45161290322581,31,,,GX030808.MP4,299.4992,47.6190476190476,42.8571428571429,9.52380952380952,42,,,,,,,,
GX010808.MP4,299.8996,20,60,20,20,,,GX010809.MP4,299.8996,36.6666666666667,50,13.3333333333333,30,,,,,,,,,,,GX010811.MP4,299.8996,0,0,0,0,,,GX020808.MP4,299.8996,43.75,53.125,3.125,32,,,GX030808.MP4,299.8996,45.8333333333333,54.1666666666667,0,48,,,,,,,,
GX010808.MP4,300.3,45.7142857142857,40,14.2857142857143,35,,,GX010809.MP4,300.3,19.1489361702128,68.0851063829787,12.7659574468085,47,,,,,,,,,,,GX010811.MP4,300.3,0,0,0,0,,,GX020808.MP4,300.3,44,44,12,25,,,GX030808.MP4,300.3,42.5531914893617,51.063829787234,6.38297872340426,47,,,,,,,,
GX010808.MP4,300.7004,47.8260869565217,43.4782608695652,8.69565217391304,23,,,GX010809.MP4,300.7004,73.015873015873,20.6349206349206,6.34920634920635,63,,,,,,,,,,,GX010811.MP4,300.7004,0,0,100,1,,,GX020808.MP4,300.7004,33.3333333333333,35.5555555555556,31.1111111111111,45,,,GX030808.MP4,300.7004,50.9803921568627,47.0588235294118,1.96078431372549,51,,,,,,,,
GX010808.MP4,301.1008,50,38.4615384615385,11.5384615384615,26,,,GX010809.MP4,301.1008,22.2222222222222,48.1481481481481,29.6296296296296,27,,,,,,,,,,,GX010811.MP4,301.1008,0,0,0,0,,,GX020808.MP4,301.1008,34.2105263157895,52.6315789473684,13.1578947368421,38,,,GX030808.MP4,301.1008,21.2121212121212,54.5454545454545,24.2424242424242,33,,,,,,,,
GX010808.MP4,301.5012,64.2857142857143,28.5714285714286,7.14285714285714,28,,,GX010809.MP4,301.5012,43.75,31.25,25,16,,,,,,,,,,,GX010811.MP4,301.5012,0,0,0,0,,,GX020808.MP4,301.5012,48.2758620689655,48.2758620689655,3.44827586206897,29,,,GX030808.MP4,301.5012,18.1818181818182,78.7878787878788,3.03030303030303,33,,,,,,,,
GX010808.MP4,301.9016,40,45,15,20,,,GX010809.MP4,301.9016,50,25,25,44,,,,,,,,,,,GX010811.MP4,301.9016,0,0,0,0,,,GX020808.MP4,301.9016,28,56,16,25,,,GX030808.MP4,301.9016,52.5,30,17.5,40,,,,,,,,
GX010808.MP4,302.302,50,40,10,10,,,GX010809.MP4,302.302,50,26.9230769230769,23.0769230769231,52,,,,,,,,,,,GX010811.MP4,302.302,0,0,0,0,,,GX020808.MP4,302.302,51.8518518518519,40.7407407407407,7.40740740740741,27,,,GX030808.MP4,302.302,31.7073170731707,53.6585365853659,14.6341463414634,41,,,,,,,,
GX010808.MP4,302.7024,33.3333333333333,33.3333333333333,33.3333333333333,9,,,GX010809.MP4,302.7024,21.6216216216216,64.8648648648649,13.5135135135135,37,,,,,,,,,,,GX010811.MP4,302.7024,0,0,100,2,,,GX020808.MP4,302.7024,33.3333333333333,55.5555555555556,11.1111111111111,18,,,GX030808.MP4,302.7024,22.5,57.5,20,40,,,,,,,,
GX010808.MP4,303.1028,54.5454545454545,36.3636363636364,9.09090909090909,11,,,GX010809.MP4,303.1028,27.2727272727273,72.7272727272727,0,11,,,,,,,,,,,GX010811.MP4,303.1028,0,100,0,1,,,GX020808.MP4,303.1028,16,80,4,25,,,GX030808.MP4,303.1028,26.6666666666667,57.7777777777778,15.5555555555556,45,,,,,,,,
GX010808.MP4,303.5032,16.6666666666667,25,58.3333333333333,12,,,GX010809.MP4,303.5032,20,80,0,5,,,,,,,,,,,GX010811.MP4,303.5032,0,0,0,0,,,GX020808.MP4,303.5032,37.9310344827586,51.7241379310345,10.3448275862069,29,,,GX030808.MP4,303.5032,16.2162162162162,72.972972972973,10.8108108108108,37,,,,,,,,
GX010808.MP4,303.9036,50,50,0,10,,,GX010809.MP4,303.9036,8.33333333333333,37.5,54.1666666666667,24,,,,,,,,,,,GX010811.MP4,303.9036,0,0,0,0,,,GX020808.MP4,303.9036,42.8571428571429,35.7142857142857,21.4285714285714,14,,,GX030808.MP4,303.9036,35.5555555555556,53.3333333333333,11.1111111111111,45,,,,,,,,
GX010808.MP4,304.304,7.14285714285714,57.1428571428571,35.7142857142857,14,,,GX010809.MP4,304.304,0,42.8571428571429,57.1428571428571,7,,,,,,,,,,,GX010811.MP4,304.304,0,0,0,0,,,GX020808.MP4,304.304,50,37.5,12.5,32,,,GX030808.MP4,304.304,45.2380952380952,47.6190476190476,7.14285714285714,42,,,,,,,,
GX010808.MP4,304.7044,31.5789473684211,57.8947368421053,10.5263157894737,19,,,GX010809.MP4,304.7044,50,20,30,20,,,,,,,,,,,GX010811.MP4,304.7044,0,0,0,0,,,GX020808.MP4,304.7044,45.8333333333333,41.6666666666667,12.5,24,,,GX030808.MP4,304.7044,42.8571428571429,50,7.14285714285714,28,,,,,,,,
GX010808.MP4,305.1048,56.25,25,18.75,16,,,GX010809.MP4,305.1048,16.6666666666667,70.8333333333333,12.5,24,,,,,,,,,,,GX010811.MP4,305.1048,0,0,0,0,,,GX020808.MP4,305.1048,23.5294117647059,47.0588235294118,29.4117647058824,17,,,GX030808.MP4,305.1048,42.8571428571429,47.6190476190476,9.52380952380952,21,,,,,,,,
GX010808.MP4,305.5052,38.4615384615385,30.7692307692308,30.7692307692308,26,,,GX010809.MP4,305.5052,40,36,24,25,,,,,,,,,,,GX010811.MP4,305.5052,0,0,0,0,,,GX020808.MP4,305.5052,44.4444444444444,13.8888888888889,41.6666666666667,36,,,GX030808.MP4,305.5052,14.2857142857143,71.4285714285714,14.2857142857143,7,,,,,,,,
GX010808.MP4,305.9056,47.0588235294118,35.2941176470588,17.6470588235294,17,,,GX010809.MP4,305.9056,20.6896551724138,75.8620689655172,3.44827586206897,29,,,,,,,,,,,GX010811.MP4,305.9056,0,0,0,0,,,GX020808.MP4,305.9056,28.5714285714286,51.4285714285714,20,35,,,GX030808.MP4,305.9056,29.6296296296296,66.6666666666667,3.7037037037037,27,,,,,,,,
GX010808.MP4,306.306,19.2307692307692,42.3076923076923,38.4615384615385,26,,,GX010809.MP4,306.306,20,62.8571428571429,17.1428571428571,35,,,,,,,,,,,GX010811.MP4,306.306,0,0,0,0,,,GX020808.MP4,306.306,26.6666666666667,60,13.3333333333333,30,,,GX030808.MP4,306.306,14.2857142857143,78.5714285714286,7.14285714285714,14,,,,,,,,
GX010808.MP4,306.7064,28.5714285714286,35.7142857142857,35.7142857142857,14,,,GX010809.MP4,306.7064,65.5172413793104,20.6896551724138,13.7931034482759,29,,,,,,,,,,,GX010811.MP4,306.7064,0,0,0,0,,,GX020808.MP4,306.7064,6.66666666666667,53.3333333333333,40,15,,,GX030808.MP4,306.7064,21.4285714285714,64.2857142857143,14.2857142857143,14,,,,,,,,
GX010808.MP4,307.1068,24.2424242424242,57.5757575757576,18.1818181818182,33,,,GX010809.MP4,307.1068,56.8181818181818,18.1818181818182,25,44,,,,,,,,,,,GX010811.MP4,307.1068,0,0,0,0,,,GX020808.MP4,307.1068,10,70,20,10,,,GX030808.MP4,307.1068,40,40,20,30,,,,,,,,
GX010808.MP4,307.5072,30.3030303030303,39.3939393939394,30.3030303030303,33,,,GX010809.MP4,307.5072,60.7142857142857,28.5714285714286,10.7142857142857,28,,,,,,,,,,,GX010811.MP4,307.5072,0,0,0,0,,,GX020808.MP4,307.5072,30.7692307692308,46.1538461538462,23.0769230769231,13,,,GX030808.MP4,307.5072,27.7777777777778,27.7777777777778,44.4444444444444,18,,,,,,,,
GX010808.MP4,307.9076,32,44,24,25,,,GX010809.MP4,307.9076,51.3513513513514,40.5405405405405,8.10810810810811,37,,,,,,,,,,,GX010811.MP4,307.9076,0,0,0,0,,,GX020808.MP4,307.9076,13.3333333333333,60,26.6666666666667,15,,,GX030808.MP4,307.9076,42.1052631578947,31.5789473684211,26.3157894736842,19,,,,,,,,
GX010808.MP4,308.308,28.5714285714286,46.4285714285714,25,28,,,GX010809.MP4,308.308,36.1111111111111,19.4444444444444,44.4444444444444,36,,,,,,,,,,,GX010811.MP4,308.308,0,0,0,0,,,GX020808.MP4,308.308,23.3333333333333,66.6666666666667,10,30,,,GX030808.MP4,308.308,50,36.6666666666667,13.3333333333333,30,,,,,,,,
GX010808.MP4,308.7084,33.3333333333333,36.1111111111111,30.5555555555556,36,,,GX010809.MP4,308.7084,55.5555555555556,20,24.4444444444444,45,,,,,,,,,,,GX010811.MP4,308.7084,0,0,0,0,,,GX020808.MP4,308.7084,58.3333333333333,33.3333333333333,8.33333333333333,12,,,GX030808.MP4,308.7084,29.4117647058824,29.4117647058824,41.1764705882353,17,,,,,,,,
GX010808.MP4,309.1088,43.4782608695652,52.1739130434783,4.34782608695652,23,,,GX010809.MP4,309.1088,45.8333333333333,39.5833333333333,14.5833333333333,48,,,,,,,,,,,GX010811.MP4,309.1088,0,100,0,1,,,GX020808.MP4,309.1088,44.4444444444444,55.5555555555556,0,27,,,GX030808.MP4,309.1088,25,58.3333333333333,16.6666666666667,12,,,,,,,,
GX010808.MP4,309.5092,50,50,0,18,,,GX010809.MP4,309.5092,56.4102564102564,23.0769230769231,20.5128205128205,39,,,,,,,,,,,GX010811.MP4,309.5092,0,100,0,1,,,GX020808.MP4,309.5092,62.5,37.5,0,8,,,GX030808.MP4,309.5092,50,31.8181818181818,18.1818181818182,22,,,,,,,,
GX010808.MP4,309.9096,18.5185185185185,55.5555555555556,25.9259259259259,27,,,GX010809.MP4,309.9096,20.5882352941176,70.5882352941177,8.82352941176471,34,,,,,,,,,,,GX010811.MP4,309.9096,0,0,0,0,,,GX020808.MP4,309.9096,38.0952380952381,52.3809523809524,9.52380952380952,42,,,GX030808.MP4,309.9096,32.1428571428571,39.2857142857143,28.5714285714286,28,,,,,,,,
GX010808.MP4,310.31,8,52,40,25,,,GX010809.MP4,310.31,33.3333333333333,20.8333333333333,45.8333333333333,48,,,,,,,,,,,GX010811.MP4,310.31,0,0,0,0,,,GX020808.MP4,310.31,25,50,25,12,,,GX030808.MP4,310.31,19.2307692307692,42.3076923076923,38.4615384615385,26,,,,,,,,
GX010808.MP4,310.7104,31.0344827586207,44.8275862068966,24.1379310344828,29,,,GX010809.MP4,310.7104,42.8571428571429,33.3333333333333,23.8095238095238,42,,,,,,,,,,,GX010811.MP4,310.7104,0,0,0,0,,,GX020808.MP4,310.7104,20,60,20,15,,,GX030808.MP4,310.7104,74.1935483870968,22.5806451612903,3.2258064516129,31,,,,,,,,
GX010808.MP4,311.1108,20.8333333333333,45.8333333333333,33.3333333333333,24,,,GX010809.MP4,311.1108,33.3333333333333,41.6666666666667,25,12,,,,,,,,,,,GX010811.MP4,311.1108,0,0,100,2,,,GX020808.MP4,311.1108,37.5,56.25,6.25,32,,,GX030808.MP4,311.1108,67.741935483871,29.0322580645161,3.2258064516129,31,,,,,,,,
GX010808.MP4,311.5112,52.3809523809524,42.8571428571429,4.76190476190476,21,,,GX010809.MP4,311.5112,28.5714285714286,19.047619047619,52.3809523809524,21,,,,,,,,,,,GX010811.MP4,311.5112,0,0,0,0,,,GX020808.MP4,311.5112,31.5789473684211,63.1578947368421,5.26315789473684,19,,,GX030808.MP4,311.5112,62.1621621621622,37.8378378378378,0,37,,,,,,,,
GX010808.MP4,311.9116,12.5,75,12.5,32,,,GX010809.MP4,311.9116,43.75,28.125,28.125,32,,,,,,,,,,,GX010811.MP4,311.9116,100,0,0,1,,,GX020808.MP4,311.9116,40,60,0,15,,,GX030808.MP4,311.9116,51.1111111111111,46.6666666666667,2.22222222222222,45,,,,,,,,
GX010808.MP4,312.312,17.2413793103448,58.6206896551724,24.1379310344828,29,,,GX010809.MP4,312.312,44,24,32,50,,,,,,,,,,,GX010811.MP4,312.312,0,0,0,0,,,GX020808.MP4,312.312,40,33.3333333333333,26.6666666666667,15,,,GX030808.MP4,312.312,54.0540540540541,40.5405405405405,5.40540540540541,37,,,,,,,,
GX010808.MP4,312.7124,15.7894736842105,52.6315789473684,31.5789473684211,19,,,GX010809.MP4,312.7124,30.4347826086957,26.0869565217391,43.4782608695652,23,,,,,,,,,,,GX010811.MP4,312.7124,0,0,0,0,,,GX020808.MP4,312.7124,40,40,20,20,,,GX030808.MP4,312.7124,60.9756097560976,36.5853658536585,2.4390243902439,41,,,,,,,,
GX010808.MP4,313.1128,50,36.3636363636364,13.6363636363636,22,,,GX010809.MP4,313.1128,20.9302325581395,65.1162790697674,13.953488372093,43,,,,,,,,,,,GX010811.MP4,313.1128,0,0,0,0,,,GX020808.MP4,313.1128,30.7692307692308,50,19.2307692307692,26,,,GX030808.MP4,313.1128,69.0476190476191,30.952380952381,0,42,,,,,,,,
GX010808.MP4,313.5132,50,40.9090909090909,9.09090909090909,22,,,GX010809.MP4,313.5132,44.4444444444444,13.3333333333333,42.2222222222222,45,,,,,,,,,,,GX010811.MP4,313.5132,0,0,0,0,,,GX020808.MP4,313.5132,38.8888888888889,38.8888888888889,22.2222222222222,18,,,GX030808.MP4,313.5132,73.3333333333333,20,6.66666666666667,45,,,,,,,,
GX010808.MP4,313.9136,45.8333333333333,37.5,16.6666666666667,24,,,GX010809.MP4,313.9136,48.5714285714286,25.7142857142857,25.7142857142857,35,,,,,,,,,,,GX010811.MP4,313.9136,0,0,0,0,,,GX020808.MP4,313.9136,9.09090909090909,77.2727272727273,13.6363636363636,22,,,GX030808.MP4,313.9136,31.25,68.75,0,32,,,,,,,,
GX010808.MP4,314.314,34.6153846153846,38.4615384615385,26.9230769230769,26,,,GX010809.MP4,314.314,45.4545454545455,27.2727272727273,27.2727272727273,33,,,,,,,,,,,GX010811.MP4,314.314,0,0,0,0,,,GX020808.MP4,314.314,33.3333333333333,52.3809523809524,14.2857142857143,21,,,GX030808.MP4,314.314,35,60,5,20,,,,,,,,
GX010808.MP4,314.7144,63.1578947368421,31.5789473684211,5.26315789473684,19,,,GX010809.MP4,314.7144,62.7450980392157,9.80392156862745,27.4509803921569,51,,,,,,,,,,,GX010811.MP4,314.7144,0,0,0,0,,,GX020808.MP4,314.7144,33.3333333333333,50,16.6666666666667,24,,,GX030808.MP4,314.7144,42.8571428571429,57.1428571428571,0,14,,,,,,,,
GX010808.MP4,315.1148,38.4615384615385,46.1538461538462,15.3846153846154,26,,,GX010809.MP4,315.1148,57.7777777777778,13.3333333333333,28.8888888888889,45,,,,,,,,,,,GX010811.MP4,315.1148,0,0,0,0,,,GX020808.MP4,315.1148,42.8571428571429,28.5714285714286,28.5714285714286,21,,,GX030808.MP4,315.1148,40.7407407407407,48.1481481481481,11.1111111111111,27,,,,,,,,
GX010808.MP4,315.5152,54.8387096774194,25.8064516129032,19.3548387096774,31,,,GX010809.MP4,315.5152,56.6666666666667,40,3.33333333333333,30,,,,,,,,,,,GX010811.MP4,315.5152,0,0,0,0,,,GX020808.MP4,315.5152,27.7777777777778,44.4444444444444,27.7777777777778,18,,,GX030808.MP4,315.5152,27.2727272727273,63.6363636363636,9.09090909090909,11,,,,,,,,
GX010808.MP4,315.9156,48.2758620689655,34.4827586206897,17.2413793103448,29,,,GX010809.MP4,315.9156,42.1052631578947,52.6315789473684,5.26315789473684,19,,,,,,,,,,,GX010811.MP4,315.9156,0,0,0,0,,,GX020808.MP4,315.9156,25.8064516129032,51.6129032258065,22.5806451612903,31,,,GX030808.MP4,315.9156,41.8604651162791,48.8372093023256,9.30232558139535,43,,,,,,,,
GX010808.MP4,316.316,25.9259259259259,48.1481481481481,25.9259259259259,27,,,GX010809.MP4,316.316,54.9019607843137,19.6078431372549,25.4901960784314,51,,,,,,,,,,,GX010811.MP4,316.316,0,0,0,0,,,GX020808.MP4,316.316,40,48.5714285714286,11.4285714285714,35,,,GX030808.MP4,316.316,35.4838709677419,51.6129032258065,12.9032258064516,31,,,,,,,,
GX010808.MP4,316.7164,25,53.5714285714286,21.4285714285714,28,,,GX010809.MP4,316.7164,68,22,10,50,,,,,,,,,,,GX010811.MP4,316.7164,0,0,100,1,,,GX020808.MP4,316.7164,38.2352941176471,47.0588235294118,14.7058823529412,34,,,GX030808.MP4,316.7164,50,50,0,6,,,,,,,,
GX010808.MP4,317.1168,34.6153846153846,53.8461538461539,11.5384615384615,26,,,GX010809.MP4,317.1168,54.8387096774194,19.3548387096774,25.8064516129032,31,,,,,,,,,,,GX010811.MP4,317.1168,50,50,0,2,,,GX020808.MP4,317.1168,28.2051282051282,43.5897435897436,28.2051282051282,39,,,GX030808.MP4,317.1168,37.5,45.8333333333333,16.6666666666667,24,,,,,,,,
GX010808.MP4,317.5172,31.8181818181818,59.0909090909091,9.09090909090909,22,,,GX010809.MP4,317.5172,54.2372881355932,18.6440677966102,27.1186440677966,59,,,,,,,,,,,GX010811.MP4,317.5172,100,0,0,1,,,GX020808.MP4,317.5172,26.1904761904762,47.6190476190476,26.1904761904762,42,,,GX030808.MP4,317.5172,35.7142857142857,53.5714285714286,10.7142857142857,28,,,,,,,,
GX010808.MP4,317.9176,27.5862068965517,44.8275862068966,27.5862068965517,29,,,GX010809.MP4,317.9176,41.025641025641,46.1538461538462,12.8205128205128,39,,,,,,,,,,,GX010811.MP4,317.9176,0,100,0,1,,,GX020808.MP4,317.9176,22.2222222222222,60,17.7777777777778,45,,,GX030808.MP4,317.9176,36,48,16,25,,,,,,,,
GX010808.MP4,318.318,34.4827586206897,44.8275862068966,20.6896551724138,29,,,GX010809.MP4,318.318,42.1052631578947,36.8421052631579,21.0526315789474,38,,,,,,,,,,,GX010811.MP4,318.318,0,0,0,0,,,GX020808.MP4,318.318,28.125,65.625,6.25,32,,,GX030808.MP4,318.318,26.0869565217391,47.8260869565217,26.0869565217391,23,,,,,,,,
GX010808.MP4,318.7184,53.8461538461539,26.9230769230769,19.2307692307692,26,,,GX010809.MP4,318.7184,53.6585365853659,21.9512195121951,24.390243902439,41,,,,,,,,,,,GX010811.MP4,318.7184,100,0,0,1,,,GX020808.MP4,318.7184,60.5263157894737,36.8421052631579,2.63157894736842,38,,,GX030808.MP4,318.7184,20,53.3333333333333,26.6666666666667,30,,,,,,,,
GX010808.MP4,319.1188,11.1111111111111,44.4444444444444,44.4444444444444,27,,,GX010809.MP4,319.1188,22.5806451612903,67.741935483871,9.67741935483871,31,,,,,,,,,,,GX010811.MP4,319.1188,0,0,0,0,,,GX020808.MP4,319.1188,32.3529411764706,47.0588235294118,20.5882352941176,34,,,GX030808.MP4,319.1188,25.8064516129032,51.6129032258065,22.5806451612903,31,,,,,,,,
GX010808.MP4,319.5192,18.1818181818182,54.5454545454545,27.2727272727273,22,,,GX010809.MP4,319.5192,23.9130434782609,21.7391304347826,54.3478260869565,46,,,,,,,,,,,GX010811.MP4,319.5192,0,0,0,0,,,GX020808.MP4,319.5192,14.2857142857143,50,35.7142857142857,42,,,GX030808.MP4,319.5192,42.8571428571429,42.8571428571429,14.2857142857143,21,,,,,,,,
GX010808.MP4,319.9196,11.1111111111111,83.3333333333333,5.55555555555556,18,,,GX010809.MP4,319.9196,12.8205128205128,82.051282051282,5.12820512820513,39,,,,,,,,,,,GX010811.MP4,319.9196,0,0,0,0,,,GX020808.MP4,319.9196,30.5555555555556,38.8888888888889,30.5555555555556,36,,,GX030808.MP4,319.9196,40,46.6666666666667,13.3333333333333,30,,,,,,,,
GX010808.MP4,320.32,29.4117647058824,64.7058823529412,5.88235294117647,17,,,GX010809.MP4,320.32,7.14285714285714,16.6666666666667,76.1904761904762,42,,,,,,,,,,,GX010811.MP4,320.32,0,0,0,0,,,GX020808.MP4,320.32,20.6896551724138,48.2758620689655,31.0344827586207,29,,,GX030808.MP4,320.32,31.8181818181818,59.0909090909091,9.09090909090909,22,,,,,,,,
GX010808.MP4,320.7204,37.037037037037,51.8518518518519,11.1111111111111,27,,,GX010809.MP4,320.7204,5.26315789473684,63.1578947368421,31.5789473684211,38,,,,,,,,,,,GX010811.MP4,320.7204,0,0,0,0,,,GX020808.MP4,320.7204,35.7142857142857,64.2857142857143,0,28,,,GX030808.MP4,320.7204,35.7142857142857,50,14.2857142857143,28,,,,,,,,
GX010808.MP4,321.1208,40.625,50,9.375,32,,,GX010809.MP4,321.1208,60.8695652173913,34.7826086956522,4.34782608695652,23,,,,,,,,,,,GX010811.MP4,321.1208,0,0,0,0,,,GX020808.MP4,321.1208,22.8571428571429,54.2857142857143,22.8571428571429,35,,,GX030808.MP4,321.1208,37.037037037037,44.4444444444444,18.5185185185185,27,,,,,,,,
GX010808.MP4,321.5212,73.6842105263158,21.0526315789474,5.26315789473684,19,,,GX010809.MP4,321.5212,54.5454545454545,40.9090909090909,4.54545454545455,22,,,,,,,,,,,GX010811.MP4,321.5212,100,0,0,1,,,GX020808.MP4,321.5212,40.7407407407407,51.8518518518519,7.40740740740741,27,,,GX030808.MP4,321.5212,33.3333333333333,42.4242424242424,24.2424242424242,33,,,,,,,,
GX010808.MP4,321.9216,29.1666666666667,25,45.8333333333333,24,,,GX010809.MP4,321.9216,41.8181818181818,25.4545454545455,32.7272727272727,55,,,,,,,,,,,GX010811.MP4,321.9216,0,0,0,0,,,GX020808.MP4,321.9216,28.5714285714286,42.8571428571429,28.5714285714286,42,,,GX030808.MP4,321.9216,23.8095238095238,61.9047619047619,14.2857142857143,21,,,,,,,,
GX010808.MP4,322.322,44.4444444444444,44.4444444444444,11.1111111111111,36,,,GX010809.MP4,322.322,23.8095238095238,47.6190476190476,28.5714285714286,21,,,,,,,,,,,GX010811.MP4,322.322,0,0,0,0,,,GX020808.MP4,322.322,29.5454545454545,50,20.4545454545455,44,,,GX030808.MP4,322.322,16.6666666666667,54.1666666666667,29.1666666666667,24,,,,,,,,
GX010808.MP4,322.7224,36.3636363636364,63.6363636363636,0,22,,,GX010809.MP4,322.7224,17.3913043478261,56.5217391304348,26.0869565217391,23,,,,,,,,,,,GX010811.MP4,322.7224,0,0,100,1,,,GX020808.MP4,322.7224,31.5789473684211,63.1578947368421,5.26315789473684,38,,,GX030808.MP4,322.7224,33.3333333333333,38.4615384615385,28.2051282051282,39,,,,,,,,
GX010808.MP4,323.1228,27.027027027027,64.8648648648649,8.10810810810811,37,,,GX010809.MP4,323.1228,22.2222222222222,77.7777777777778,0,45,,,,,,,,,,,GX010811.MP4,323.1228,100,0,0,1,,,GX020808.MP4,323.1228,22.2222222222222,52.7777777777778,25,36,,,GX030808.MP4,323.1228,32.258064516129,45.1612903225806,22.5806451612903,31,,,,,,,,
GX010808.MP4,323.5232,21.875,56.25,21.875,32,,,GX010809.MP4,323.5232,36.6666666666667,50,13.3333333333333,60,,,,,,,,,,,GX010811.MP4,323.5232,0,0,100,2,,,GX020808.MP4,323.5232,31.0344827586207,51.7241379310345,17.2413793103448,29,,,GX030808.MP4,323.5232,52.5,37.5,10,40,,,,,,,,
GX010808.MP4,323.9236,40.625,43.75,15.625,32,,,GX010809.MP4,323.9236,38.7755102040816,44.8979591836735,16.3265306122449,49,,,,,,,,,,,GX010811.MP4,323.9236,100,0,0,1,,,GX020808.MP4,323.9236,28.5714285714286,50,21.4285714285714,28,,,GX030808.MP4,323.9236,36.1111111111111,47.2222222222222,16.6666666666667,36,,,,,,,,
GX010808.MP4,324.324,31.8181818181818,47.7272727272727,20.4545454545455,44,,,GX010809.MP4,324.324,42.5531914893617,38.2978723404255,19.1489361702128,47,,,,,,,,,,,GX010811.MP4,324.324,0,0,100,1,,,GX020808.MP4,324.324,37.5,45.8333333333333,16.6666666666667,24,,,GX030808.MP4,324.324,40,44.4444444444444,15.5555555555556,45,,,,,,,,
GX010808.MP4,324.7244,19.2307692307692,57.6923076923077,23.0769230769231,26,,,GX010809.MP4,324.7244,35.4838709677419,61.2903225806452,3.2258064516129,31,,,,,,,,,,,,,,,,,,,GX020808.MP4,324.7244,39.3939393939394,42.4242424242424,18.1818181818182,33,,,GX030808.MP4,324.7244,42.5531914893617,48.936170212766,8.51063829787234,47,,,,,,,,
GX010808.MP4,325.1248,10,75,15,20,,,GX010809.MP4,325.1248,39.0243902439024,46.3414634146342,14.6341463414634,41,,,,,,,,,,,,,,,,,,,GX020808.MP4,325.1248,35.4838709677419,51.6129032258065,12.9032258064516,31,,,GX030808.MP4,325.1248,43.75,47.9166666666667,8.33333333333333,48,,,,,,,,
GX010808.MP4,325.5252,7.14285714285714,67.8571428571429,25,28,,,GX010809.MP4,325.5252,44.4444444444444,33.3333333333333,22.2222222222222,45,,,,,,,,,,,,,,,,,,,GX020808.MP4,325.5252,8.33333333333333,91.6666666666667,0,12,,,GX030808.MP4,325.5252,44.1860465116279,51.1627906976744,4.65116279069768,43,,,,,,,,
GX010808.MP4,325.9256,25.7142857142857,62.8571428571429,11.4285714285714,35,,,GX010809.MP4,325.9256,39.6551724137931,25.8620689655172,34.4827586206897,58,,,,,,,,,,,,,,,,,,,GX020808.MP4,325.9256,22.2222222222222,55.5555555555556,22.2222222222222,9,,,GX030808.MP4,325.9256,44.1176470588235,47.0588235294118,8.82352941176471,34,,,,,,,,
GX010808.MP4,326.326,19.4444444444444,69.4444444444444,11.1111111111111,36,,,GX010809.MP4,326.326,46.6666666666667,33.3333333333333,20,15,,,,,,,,,,,,,,,,,,,GX020808.MP4,326.326,33.3333333333333,33.3333333333333,33.3333333333333,30,,,GX030808.MP4,326.326,40.5405405405405,37.8378378378378,21.6216216216216,37,,,,,,,,
GX010808.MP4,326.7264,26.3157894736842,60.5263157894737,13.1578947368421,38,,,GX010809.MP4,326.7264,11.4285714285714,77.1428571428572,11.4285714285714,35,,,,,,,,,,,,,,,,,,,GX020808.MP4,326.7264,19.047619047619,42.8571428571429,38.0952380952381,21,,,GX030808.MP4,326.7264,45.945945945946,45.945945945946,8.10810810810811,37,,,,,,,,
GX010808.MP4,327.1268,21.9512195121951,53.6585365853659,24.390243902439,41,,,GX010809.MP4,327.1268,44,26,30,50,,,,,,,,,,,,,,,,,,,GX020808.MP4,327.1268,42.4242424242424,33.3333333333333,24.2424242424242,33,,,GX030808.MP4,327.1268,58.0645161290323,32.258064516129,9.67741935483871,31,,,,,,,,
GX010808.MP4,327.5272,17.6470588235294,47.0588235294118,35.2941176470588,17,,,GX010809.MP4,327.5272,13.3333333333333,43.3333333333333,43.3333333333333,30,,,,,,,,,,,,,,,,,,,GX020808.MP4,327.5272,54.5454545454545,45.4545454545455,0,11,,,GX030808.MP4,327.5272,50,41.6666666666667,8.33333333333333,36,,,,,,,,
GX010808.MP4,327.9276,6.45161290322581,64.5161290322581,29.0322580645161,31,,,GX010809.MP4,327.9276,29.0322580645161,32.258064516129,38.7096774193548,31,,,,,,,,,,,,,,,,,,,GX020808.MP4,327.9276,20,50,30,20,,,GX030808.MP4,327.9276,51.4285714285714,48.5714285714286,0,35,,,,,,,,
GX010808.MP4,328.328,37.1428571428571,45.7142857142857,17.1428571428571,35,,,GX010809.MP4,328.328,28.2051282051282,41.025641025641,30.7692307692308,39,,,,,,,,,,,,,,,,,,,GX020808.MP4,328.328,30.7692307692308,46.1538461538462,23.0769230769231,26,,,GX030808.MP4,328.328,47.5,52.5,0,40,,,,,,,,
GX010808.MP4,328.7284,40.9090909090909,45.4545454545455,13.6363636363636,22,,,GX010809.MP4,328.7284,44,22,34,50,,,,,,,,,,,,,,,,,,,GX020808.MP4,328.7284,30,55,15,20,,,GX030808.MP4,328.7284,62.1621621621622,37.8378378378378,0,37,,,,,,,,
GX010808.MP4,329.1288,38.4615384615385,50,11.5384615384615,26,,,GX010809.MP4,329.1288,18.1818181818182,36.3636363636364,45.4545454545455,22,,,,,,,,,,,,,,,,,,,GX020808.MP4,329.1288,13.6363636363636,86.3636363636364,0,22,,,GX030808.MP4,329.1288,48.7804878048781,43.9024390243903,7.31707317073171,41,,,,,,,,
GX010808.MP4,329.5292,51.8518518518519,29.6296296296296,18.5185185185185,27,,,GX010809.MP4,329.5292,65.2173913043478,13.0434782608696,21.7391304347826,23,,,,,,,,,,,,,,,,,,,GX020808.MP4,329.5292,18.1818181818182,72.7272727272727,9.09090909090909,22,,,GX030808.MP4,329.5292,35.1351351351351,62.1621621621622,2.7027027027027,37,,,,,,,,
GX010808.MP4,329.9296,27.5862068965517,48.2758620689655,24.1379310344828,29,,,GX010809.MP4,329.9296,10.7142857142857,82.1428571428571,7.14285714285714,28,,,,,,,,,,,,,,,,,,,GX020808.MP4,329.9296,57.1428571428571,38.0952380952381,4.76190476190476,21,,,GX030808.MP4,329.9296,59.0909090909091,31.8181818181818,9.09090909090909,44,,,,,,,,
GX010808.MP4,330.33,40.9090909090909,31.8181818181818,27.2727272727273,22,,,GX010809.MP4,330.33,33.3333333333333,21.2121212121212,45.4545454545455,33,,,,,,,,,,,,,,,,,,,GX020808.MP4,330.33,28.5714285714286,57.1428571428571,14.2857142857143,35,,,GX030808.MP4,330.33,42.1052631578947,47.3684210526316,10.5263157894737,38,,,,,,,,
GX010808.MP4,330.7304,45.4545454545455,27.2727272727273,27.2727272727273,22,,,GX010809.MP4,330.7304,25.8064516129032,67.741935483871,6.45161290322581,31,,,,,,,,,,,,,,,,,,,GX020808.MP4,330.7304,51.8518518518519,33.3333333333333,14.8148148148148,27,,,GX030808.MP4,330.7304,39.5348837209302,41.8604651162791,18.6046511627907,43,,,,,,,,
GX010808.MP4,331.1308,20,80,0,5,,,GX010809.MP4,331.1308,40,45,15,40,,,,,,,,,,,,,,,,,,,GX020808.MP4,331.1308,40.625,43.75,15.625,32,,,GX030808.MP4,331.1308,39.2857142857143,53.5714285714286,7.14285714285714,28,,,,,,,,
GX010808.MP4,331.5312,25,66.6666666666667,8.33333333333333,12,,,GX010809.MP4,331.5312,46.3414634146342,34.1463414634146,19.5121951219512,41,,,,,,,,,,,,,,,,,,,GX020808.MP4,331.5312,27.5862068965517,55.1724137931034,17.2413793103448,29,,,GX030808.MP4,331.5312,48.1481481481481,40.7407407407407,11.1111111111111,27,,,,,,,,
GX010808.MP4,331.9316,0,38.0952380952381,61.9047619047619,21,,,GX010809.MP4,331.9316,36.5853658536585,39.0243902439024,24.390243902439,41,,,,,,,,,,,,,,,,,,,GX020808.MP4,331.9316,30,50,20,30,,,GX030808.MP4,331.9316,34.2857142857143,37.1428571428571,28.5714285714286,35,,,,,,,,
GX010808.MP4,332.332,50,50,0,2,,,GX010809.MP4,332.332,35.4838709677419,61.2903225806452,3.2258064516129,31,,,,,,,,,,,,,,,,,,,GX020808.MP4,332.332,34.375,53.125,12.5,32,,,GX030808.MP4,332.332,43.4782608695652,47.8260869565217,8.69565217391304,23,,,,,,,,
GX010808.MP4,332.7324,50,50,0,14,,,GX010809.MP4,332.7324,36.3636363636364,57.5757575757576,6.06060606060606,33,,,,,,,,,,,,,,,,,,,GX020808.MP4,332.7324,42.1052631578947,50,7.89473684210526,38,,,GX030808.MP4,332.7324,43.3333333333333,56.6666666666667,0,30,,,,,,,,
GX010808.MP4,333.1328,11.5384615384615,69.2307692307692,19.2307692307692,26,,,GX010809.MP4,333.1328,45.945945945946,29.7297297297297,24.3243243243243,37,,,,,,,,,,,,,,,,,,,GX020808.MP4,333.1328,29.6296296296296,59.2592592592593,11.1111111111111,27,,,GX030808.MP4,333.1328,33.3333333333333,66.6666666666667,0,3,,,,,,,,
GX010808.MP4,333.5332,0,100,0,10,,,GX010809.MP4,333.5332,46.3414634146342,26.8292682926829,26.8292682926829,41,,,,,,,,,,,,,,,,,,,GX020808.MP4,333.5332,37.5,43.75,18.75,32,,,GX030808.MP4,333.5332,35.1351351351351,40.5405405405405,24.3243243243243,37,,,,,,,,
GX010808.MP4,333.9336,18.75,40.625,40.625,32,,,GX010809.MP4,333.9336,37.5,42.5,20,40,,,,,,,,,,,,,,,,,,,GX020808.MP4,333.9336,31.0344827586207,55.1724137931034,13.7931034482759,29,,,GX030808.MP4,333.9336,54.1666666666667,37.5,8.33333333333333,24,,,,,,,,
GX010808.MP4,334.334,10,55,35,20,,,GX010809.MP4,334.334,31.5789473684211,39.4736842105263,28.9473684210526,38,,,,,,,,,,,,,,,,,,,GX020808.MP4,334.334,37.5,50,12.5,40,,,GX030808.MP4,334.334,52.9411764705882,23.5294117647059,23.5294117647059,17,,,,,,,,
GX010808.MP4,334.7344,6.25,62.5,31.25,16,,,GX010809.MP4,334.7344,36.5853658536585,41.4634146341463,21.9512195121951,41,,,,,,,,,,,,,,,,,,,GX020808.MP4,334.7344,30.7692307692308,56.4102564102564,12.8205128205128,39,,,GX030808.MP4,334.7344,54.7619047619048,30.952380952381,14.2857142857143,42,,,,,,,,
GX010808.MP4,335.1348,17.3913043478261,60.8695652173913,21.7391304347826,23,,,GX010809.MP4,335.1348,52.1739130434783,23.9130434782609,23.9130434782609,46,,,,,,,,,,,,,,,,,,,GX020808.MP4,335.1348,34.375,46.875,18.75,32,,,GX030808.MP4,335.1348,26.9230769230769,73.0769230769231,0,26,,,,,,,,
GX010808.MP4,335.5352,28,52,20,25,,,GX010809.MP4,335.5352,40.8163265306122,26.530612244898,32.6530612244898,49,,,,,,,,,,,,,,,,,,,GX020808.MP4,335.5352,35.1351351351351,51.3513513513514,13.5135135135135,37,,,GX030808.MP4,335.5352,34.2857142857143,57.1428571428571,8.57142857142857,35,,,,,,,,
GX010808.MP4,335.9356,58.3333333333333,37.5,4.16666666666667,24,,,GX010809.MP4,335.9356,47.8260869565217,28.2608695652174,23.9130434782609,46,,,,,,,,,,,,,,,,,,,GX020808.MP4,335.9356,48.7179487179487,43.5897435897436,7.69230769230769,39,,,GX030808.MP4,335.9356,39.1304347826087,47.8260869565217,13.0434782608696,23,,,,,,,,
GX010808.MP4,336.336,65.5172413793104,27.5862068965517,6.89655172413793,29,,,GX010809.MP4,336.336,0,100,0,34,,,,,,,,,,,,,,,,,,,GX020808.MP4,336.336,45.945945945946,45.945945945946,8.10810810810811,37,,,GX030808.MP4,336.336,33.3333333333333,55.5555555555556,11.1111111111111,18,,,,,,,,
GX010808.MP4,336.7364,16.6666666666667,61.1111111111111,22.2222222222222,18,,,GX010809.MP4,336.7364,47.7272727272727,20.4545454545455,31.8181818181818,44,,,,,,,,,,,,,,,,,,,GX020808.MP4,336.7364,38.8888888888889,47.2222222222222,13.8888888888889,36,,,GX030808.MP4,336.7364,0,50,50,4,,,,,,,,
GX010808.MP4,337.1368,11.1111111111111,66.6666666666667,22.2222222222222,18,,,GX010809.MP4,337.1368,55,20,25,40,,,,,,,,,,,,,,,,,,,GX020808.MP4,337.1368,48.3870967741936,38.7096774193548,12.9032258064516,31,,,GX030808.MP4,337.1368,0,93.1034482758621,6.89655172413793,29,,,,,,,,
GX010808.MP4,337.5372,26.3157894736842,42.1052631578947,31.5789473684211,19,,,GX010809.MP4,337.5372,48.7804878048781,29.2682926829268,21.9512195121951,41,,,,,,,,,,,,,,,,,,,GX020808.MP4,337.5372,35.2941176470588,38.2352941176471,26.4705882352941,34,,,GX030808.MP4,337.5372,20,37.7777777777778,42.2222222222222,45,,,,,,,,
GX010808.MP4,337.9376,13.6363636363636,63.6363636363636,22.7272727272727,22,,,GX010809.MP4,337.9376,45.2380952380952,35.7142857142857,19.047619047619,42,,,,,,,,,,,,,,,,,,,GX020808.MP4,337.9376,31.0344827586207,44.8275862068966,24.1379310344828,29,,,GX030808.MP4,337.9376,51.7241379310345,37.9310344827586,10.3448275862069,29,,,,,,,,
GX010808.MP4,338.338,47.8260869565217,30.4347826086957,21.7391304347826,23,,,GX010809.MP4,338.338,39.5348837209302,37.2093023255814,23.2558139534884,43,,,,,,,,,,,,,,,,,,,GX020808.MP4,338.338,45.7142857142857,40,14.2857142857143,35,,,GX030808.MP4,338.338,14.2857142857143,78.5714285714286,7.14285714285714,14,,,,,,,,
GX010808.MP4,338.7384,57.5757575757576,30.3030303030303,12.1212121212121,33,,,GX010809.MP4,338.7384,35.7142857142857,45.2380952380952,19.047619047619,42,,,,,,,,,,,,,,,,,,,GX020808.MP4,338.7384,41.025641025641,53.8461538461539,5.12820512820513,39,,,GX030808.MP4,338.7384,7.69230769230769,88.4615384615385,3.84615384615385,26,,,,,,,,
GX010808.MP4,339.1388,65,30,5,20,,,GX010809.MP4,339.1388,38.2978723404255,25.531914893617,36.1702127659575,47,,,,,,,,,,,,,,,,,,,GX020808.MP4,339.1388,37.037037037037,48.1481481481481,14.8148148148148,27,,,GX030808.MP4,339.1388,54.1666666666667,33.3333333333333,12.5,24,,,,,,,,
GX010808.MP4,339.5392,30.7692307692308,46.1538461538462,23.0769230769231,26,,,GX010809.MP4,339.5392,29.6296296296296,14.8148148148148,55.5555555555556,27,,,,,,,,,,,,,,,,,,,GX020808.MP4,339.5392,41.3793103448276,37.9310344827586,20.6896551724138,29,,,GX030808.MP4,339.5392,41.3793103448276,37.9310344827586,20.6896551724138,29,,,,,,,,
GX010808.MP4,339.9396,20,68,12,25,,,GX010809.MP4,339.9396,9.52380952380952,80.952380952381,9.52380952380952,21,,,,,,,,,,,,,,,,,,,GX020808.MP4,339.9396,44,44,12,25,,,GX030808.MP4,339.9396,30,50,20,40,,,,,,,,
GX010808.MP4,340.34,15.7894736842105,78.9473684210526,5.26315789473684,19,,,GX010809.MP4,340.34,50,31.8181818181818,18.1818181818182,22,,,,,,,,,,,,,,,,,,,GX020808.MP4,340.34,36.8421052631579,42.1052631578947,21.0526315789474,19,,,GX030808.MP4,340.34,42.4242424242424,39.3939393939394,18.1818181818182,33,,,,,,,,
GX010808.MP4,340.7404,23.0769230769231,76.9230769230769,0,13,,,GX010809.MP4,340.7404,60,36.6666666666667,3.33333333333333,30,,,,,,,,,,,,,,,,,,,GX020808.MP4,340.7404,25,45,30,20,,,GX030808.MP4,340.7404,26.6666666666667,50,23.3333333333333,30,,,,,,,,
GX010808.MP4,341.1408,19.047619047619,76.1904761904762,4.76190476190476,21,,,GX010809.MP4,341.1408,80.952380952381,19.047619047619,0,42,,,,,,,,,,,,,,,,,,,GX020808.MP4,341.1408,16,84,0,25,,,GX030808.MP4,341.1408,28.5714285714286,57.1428571428571,14.2857142857143,28,,,,,,,,
GX010808.MP4,341.5412,25,45,30,20,,,GX010809.MP4,341.5412,16,80,4,25,,,,,,,,,,,,,,,,,,,GX020808.MP4,341.5412,30,65,5,20,,,GX030808.MP4,341.5412,52.6315789473684,36.8421052631579,10.5263157894737,19,,,,,,,,
GX010808.MP4,341.9416,21.4285714285714,32.1428571428571,46.4285714285714,28,,,GX010809.MP4,341.9416,67.741935483871,22.5806451612903,9.67741935483871,62,,,,,,,,,,,,,,,,,,,GX020808.MP4,341.9416,40.9090909090909,40.9090909090909,18.1818181818182,22,,,GX030808.MP4,341.9416,22.5806451612903,54.8387096774194,22.5806451612903,31,,,,,,,,
GX010808.MP4,342.342,0,100,0,7,,,GX010809.MP4,342.342,32.3529411764706,41.1764705882353,26.4705882352941,34,,,,,,,,,,,,,,,,,,,GX020808.MP4,342.342,33.3333333333333,41.6666666666667,25,36,,,GX030808.MP4,342.342,23.0769230769231,65.3846153846154,11.5384615384615,26,,,,,,,,
GX010808.MP4,342.7424,5,70,25,20,,,GX010809.MP4,342.7424,45.945945945946,43.2432432432432,10.8108108108108,37,,,,,,,,,,,,,,,,,,,GX020808.MP4,342.7424,60,31.4285714285714,8.57142857142857,35,,,GX030808.MP4,342.7424,37.5,53.125,9.375,32,,,,,,,,
GX010808.MP4,343.1428,5.40540540540541,78.3783783783784,16.2162162162162,37,,,GX010809.MP4,343.1428,0,100,0,42,,,,,,,,,,,,,,,,,,,GX020808.MP4,343.1428,56.25,34.375,9.375,32,,,GX030808.MP4,343.1428,37.9310344827586,41.3793103448276,20.6896551724138,29,,,,,,,,
GX010808.MP4,343.5432,0,75,25,16,,,GX010809.MP4,343.5432,50,43.75,6.25,32,,,,,,,,,,,,,,,,,,,GX020808.MP4,343.5432,28.125,59.375,12.5,32,,,GX030808.MP4,343.5432,35,40,25,20,,,,,,,,
GX010808.MP4,343.9436,21.0526315789474,63.1578947368421,15.7894736842105,19,,,GX010809.MP4,343.9436,58.974358974359,28.2051282051282,12.8205128205128,39,,,,,,,,,,,,,,,,,,,GX020808.MP4,343.9436,34.375,53.125,12.5,32,,,GX030808.MP4,343.9436,23.3333333333333,36.6666666666667,40,30,,,,,,,,
GX010808.MP4,344.344,47.6190476190476,42.8571428571429,9.52380952380952,21,,,GX010809.MP4,344.344,54.9019607843137,33.3333333333333,11.7647058823529,51,,,,,,,,,,,,,,,,,,,GX020808.MP4,344.344,26.6666666666667,53.3333333333333,20,30,,,GX030808.MP4,344.344,54.7619047619048,23.8095238095238,21.4285714285714,42,,,,,,,,
GX010808.MP4,344.7444,14.8148148148148,11.1111111111111,74.0740740740741,27,,,GX010809.MP4,344.7444,52,36,12,50,,,,,,,,,,,,,,,,,,,GX020808.MP4,344.7444,36.8421052631579,57.8947368421053,5.26315789473684,38,,,GX030808.MP4,344.7444,54.3478260869565,30.4347826086957,15.2173913043478,46,,,,,,,,
GX010808.MP4,345.1448,17.3913043478261,8.69565217391304,73.9130434782609,23,,,GX010809.MP4,345.1448,23.6363636363636,67.2727272727273,9.09090909090909,55,,,,,,,,,,,,,,,,,,,GX020808.MP4,345.1448,30.5555555555556,55.5555555555556,13.8888888888889,36,,,GX030808.MP4,345.1448,34.8837209302326,51.1627906976744,13.953488372093,43,,,,,,,,
GX010808.MP4,345.5452,15.7894736842105,52.6315789473684,31.5789473684211,19,,,GX010809.MP4,345.5452,21.3114754098361,62.2950819672131,16.3934426229508,61,,,,,,,,,,,,,,,,,,,GX020808.MP4,345.5452,28.9473684210526,55.2631578947369,15.7894736842105,38,,,GX030808.MP4,345.5452,46.3414634146342,17.0731707317073,36.5853658536585,41,,,,,,,,
GX010808.MP4,345.9456,16.6666666666667,76.6666666666667,6.66666666666667,30,,,GX010809.MP4,345.9456,6.45161290322581,83.8709677419355,9.67741935483871,31,,,,,,,,,,,,,,,,,,,GX020808.MP4,345.9456,30,55,15,40,,,GX030808.MP4,345.9456,39.5833333333333,39.5833333333333,20.8333333333333,48,,,,,,,,
GX010808.MP4,346.346,53.8461538461539,46.1538461538462,0,13,,,GX010809.MP4,346.346,41.025641025641,33.3333333333333,25.6410256410256,39,,,,,,,,,,,,,,,,,,,GX020808.MP4,346.346,65,35,0,40,,,GX030808.MP4,346.346,50,37.5,12.5,48,,,,,,,,
GX010808.MP4,346.7464,31.5789473684211,57.8947368421053,10.5263157894737,19,,,GX010809.MP4,346.7464,56.5217391304348,26.0869565217391,17.3913043478261,46,,,,,,,,,,,,,,,,,,,GX020808.MP4,346.7464,55.8823529411765,41.1764705882353,2.94117647058824,34,,,GX030808.MP4,346.7464,53.3333333333333,23.3333333333333,23.3333333333333,30,,,,,,,,
GX010808.MP4,347.1468,25.8064516129032,61.2903225806452,12.9032258064516,31,,,GX010809.MP4,347.1468,68.2926829268293,12.1951219512195,19.5121951219512,41,,,,,,,,,,,,,,,,,,,GX020808.MP4,347.1468,27.5862068965517,68.9655172413793,3.44827586206897,29,,,GX030808.MP4,347.1468,52.7777777777778,30.5555555555556,16.6666666666667,36,,,,,,,,
GX010808.MP4,347.5472,28.5714285714286,50,21.4285714285714,14,,,GX010809.MP4,347.5472,30.2325581395349,67.4418604651163,2.32558139534884,43,,,,,,,,,,,,,,,,,,,GX020808.MP4,347.5472,25.7142857142857,74.2857142857143,0,35,,,GX030808.MP4,347.5472,44,48,8,25,,,,,,,,
GX010808.MP4,347.9476,15.1515151515152,45.4545454545455,39.3939393939394,33,,,GX010809.MP4,347.9476,34.2857142857143,54.2857142857143,11.4285714285714,35,,,,,,,,,,,,,,,,,,,GX020808.MP4,347.9476,41.025641025641,53.8461538461539,5.12820512820513,39,,,GX030808.MP4,347.9476,52.9411764705882,41.1764705882353,5.88235294117647,34,,,,,,,,
GX010808.MP4,348.348,41.1764705882353,29.4117647058824,29.4117647058824,17,,,GX010809.MP4,348.348,16.6666666666667,50,33.3333333333333,36,,,,,,,,,,,,,,,,,,,GX020808.MP4,348.348,39.5833333333333,54.1666666666667,6.25,48,,,GX030808.MP4,348.348,12,84,4,25,,,,,,,,
GX010808.MP4,348.7484,18.75,62.5,18.75,16,,,GX010809.MP4,348.7484,48.5714285714286,37.1428571428571,14.2857142857143,35,,,,,,,,,,,,,,,,,,,GX020808.MP4,348.7484,42.1052631578947,57.8947368421053,0,38,,,GX030808.MP4,348.7484,41.8604651162791,39.5348837209302,18.6046511627907,43,,,,,,,,
GX010808.MP4,349.1488,17.6470588235294,58.8235294117647,23.5294117647059,17,,,GX010809.MP4,349.1488,52.5,22.5,25,40,,,,,,,,,,,,,,,,,,,GX020808.MP4,349.1488,41.9354838709677,51.6129032258065,6.45161290322581,31,,,GX030808.MP4,349.1488,56.25,31.25,12.5,32,,,,,,,,
GX010808.MP4,349.5492,24,68,8,25,,,GX010809.MP4,349.5492,62.7906976744186,20.9302325581395,16.2790697674419,43,,,,,,,,,,,,,,,,,,,GX020808.MP4,349.5492,50,42.3076923076923,7.69230769230769,26,,,GX030808.MP4,349.5492,15.1515151515152,78.7878787878788,6.06060606060606,33,,,,,,,,
GX010808.MP4,349.9496,18.1818181818182,63.6363636363636,18.1818181818182,11,,,GX010809.MP4,349.9496,65.7894736842105,26.3157894736842,7.89473684210526,38,,,,,,,,,,,,,,,,,,,GX020808.MP4,349.9496,46.1538461538462,42.3076923076923,11.5384615384615,26,,,GX030808.MP4,349.9496,34.2105263157895,36.8421052631579,28.9473684210526,38,,,,,,,,
GX010808.MP4,350.35,31.5789473684211,47.3684210526316,21.0526315789474,19,,,GX010809.MP4,350.35,67.6470588235294,29.4117647058824,2.94117647058824,34,,,,,,,,,,,,,,,,,,,GX020808.MP4,350.35,42.3076923076923,42.3076923076923,15.3846153846154,26,,,GX030808.MP4,350.35,20.6896551724138,65.5172413793104,13.7931034482759,29,,,,,,,,
GX010808.MP4,350.7504,73.5294117647059,23.5294117647059,2.94117647058824,34,,,GX010809.MP4,350.7504,46.4285714285714,25,28.5714285714286,28,,,,,,,,,,,,,,,,,,,GX020808.MP4,350.7504,40,25,35,20,,,GX030808.MP4,350.7504,33.3333333333333,60.6060606060606,6.06060606060606,33,,,,,,,,
GX010808.MP4,351.1508,16.6666666666667,50,33.3333333333333,12,,,GX010809.MP4,351.1508,7.69230769230769,84.6153846153846,7.69230769230769,26,,,,,,,,,,,,,,,,,,,GX020808.MP4,351.1508,35.7142857142857,25,39.2857142857143,28,,,GX030808.MP4,351.1508,33.3333333333333,66.6666666666667,0,30,,,,,,,,
GX010808.MP4,351.5512,15,70,15,20,,,GX010809.MP4,351.5512,63.4146341463415,21.9512195121951,14.6341463414634,41,,,,,,,,,,,,,,,,,,,GX020808.MP4,351.5512,52.3809523809524,33.3333333333333,14.2857142857143,42,,,GX030808.MP4,351.5512,45,45,10,40,,,,,,,,
GX010808.MP4,351.9516,33.3333333333333,45.8333333333333,20.8333333333333,24,,,GX010809.MP4,351.9516,6.66666666666667,80,13.3333333333333,30,,,,,,,,,,,,,,,,,,,GX020808.MP4,351.9516,43.1818181818182,45.4545454545455,11.3636363636364,44,,,GX030808.MP4,351.9516,27.7777777777778,47.2222222222222,25,36,,,,,,,,
GX010808.MP4,352.352,20,65,15,20,,,GX010809.MP4,352.352,15.625,71.875,12.5,32,,,,,,,,,,,,,,,,,,,GX020808.MP4,352.352,61.9047619047619,23.8095238095238,14.2857142857143,21,,,GX030808.MP4,352.352,34.2857142857143,45.7142857142857,20,35,,,,,,,,
GX010808.MP4,352.7524,30.7692307692308,50,19.2307692307692,26,,,GX010809.MP4,352.7524,73.0769230769231,26.9230769230769,0,52,,,,,,,,,,,,,,,,,,,GX020808.MP4,352.7524,38.2352941176471,55.8823529411765,5.88235294117647,34,,,GX030808.MP4,352.7524,51.219512195122,17.0731707317073,31.7073170731707,41,,,,,,,,
GX010808.MP4,353.1528,36.3636363636364,36.3636363636364,27.2727272727273,22,,,GX010809.MP4,353.1528,61.3636363636364,25,13.6363636363636,44,,,,,,,,,,,,,,,,,,,GX020808.MP4,353.1528,48.4848484848485,42.4242424242424,9.09090909090909,33,,,GX030808.MP4,353.1528,8.82352941176471,76.4705882352941,14.7058823529412,34,,,,,,,,
GX010808.MP4,353.5532,26.0869565217391,52.1739130434783,21.7391304347826,23,,,GX010809.MP4,353.5532,29.6296296296296,70.3703703703704,0,27,,,,,,,,,,,,,,,,,,,GX020808.MP4,353.5532,42.2222222222222,40,17.7777777777778,45,,,GX030808.MP4,353.5532,45.7142857142857,34.2857142857143,20,35,,,,,,,,
GX010808.MP4,353.9536,31.8181818181818,59.0909090909091,9.09090909090909,22,,,GX010809.MP4,353.9536,40,45,15,20,,,,,,,,,,,,,,,,,,,GX020808.MP4,353.9536,32.4324324324324,45.945945945946,21.6216216216216,37,,,GX030808.MP4,353.9536,19.047619047619,61.9047619047619,19.047619047619,21,,,,,,,,
GX010808.MP4,354.354,29.0322580645161,54.8387096774194,16.1290322580645,31,,,GX010809.MP4,354.354,42.3076923076923,57.6923076923077,0,26,,,,,,,,,,,,,,,,,,,GX020808.MP4,354.354,16.3265306122449,73.4693877551021,10.2040816326531,49,,,GX030808.MP4,354.354,52,32,16,25,,,,,,,,
GX010808.MP4,354.7544,24.3243243243243,59.4594594594595,16.2162162162162,37,,,GX010809.MP4,354.7544,61.9047619047619,33.3333333333333,4.76190476190476,21,,,,,,,,,,,,,,,,,,,GX020808.MP4,354.7544,13.5135135135135,75.6756756756757,10.8108108108108,37,,,GX030808.MP4,354.7544,50,35.2941176470588,14.7058823529412,34,,,,,,,,
GX010808.MP4,355.1548,31.0344827586207,55.1724137931034,13.7931034482759,29,,,GX010809.MP4,355.1548,66.6666666666667,29.6296296296296,3.7037037037037,27,,,,,,,,,,,,,,,,,,,GX020808.MP4,355.1548,20,80,0,25,,,GX030808.MP4,355.1548,35.4166666666667,41.6666666666667,22.9166666666667,48,,,,,,,,
GX010808.MP4,355.5552,26.6666666666667,60,13.3333333333333,30,,,GX010809.MP4,355.5552,57.4074074074074,11.1111111111111,31.4814814814815,54,,,,,,,,,,,,,,,,,,,GX020808.MP4,355.5552,15.1515151515152,78.7878787878788,6.06060606060606,33,,,GX030808.MP4,355.5552,22.7272727272727,27.2727272727273,50,22,,,,,,,,
GX010808.MP4,355.9556,30,60,10,30,,,GX010809.MP4,355.9556,40.9090909090909,36.3636363636364,22.7272727272727,22,,,,,,,,,,,,,,,,,,,GX020808.MP4,355.9556,25,68.75,6.25,32,,,GX030808.MP4,355.9556,12,84,4,25,,,,,,,,
GX010808.MP4,356.356,20.5882352941176,61.7647058823529,17.6470588235294,34,,,GX010809.MP4,356.356,40,27.5,32.5,40,,,,,,,,,,,,,,,,,,,GX020808.MP4,356.356,50,35,15,40,,,GX030808.MP4,356.356,26.1904761904762,69.0476190476191,4.76190476190476,42,,,,,,,,
GX010808.MP4,356.7564,28.5714285714286,60.7142857142857,10.7142857142857,28,,,GX010809.MP4,356.7564,32.1428571428571,32.1428571428571,35.7142857142857,28,,,,,,,,,,,,,,,,,,,GX020808.MP4,356.7564,57.1428571428571,28.5714285714286,14.2857142857143,42,,,GX030808.MP4,356.7564,30.5555555555556,30.5555555555556,38.8888888888889,36,,,,,,,,
GX010808.MP4,357.1568,15,65,20,20,,,GX010809.MP4,357.1568,57.4074074074074,22.2222222222222,20.3703703703704,54,,,,,,,,,,,,,,,,,,,GX020808.MP4,357.1568,28.9473684210526,23.6842105263158,47.3684210526316,38,,,GX030808.MP4,357.1568,37.1428571428571,48.5714285714286,14.2857142857143,35,,,,,,,,
GX010808.MP4,357.5572,20.8333333333333,54.1666666666667,25,24,,,GX010809.MP4,357.5572,48.1481481481481,33.3333333333333,18.5185185185185,54,,,,,,,,,,,,,,,,,,,GX020808.MP4,357.5572,33.3333333333333,27.2727272727273,39.3939393939394,33,,,GX030808.MP4,357.5572,20.8333333333333,66.6666666666667,12.5,24,,,,,,,,
GX010808.MP4,357.9576,12.9032258064516,48.3870967741936,38.7096774193548,31,,,GX010809.MP4,357.9576,33.3333333333333,36.3636363636364,30.3030303030303,33,,,,,,,,,,,,,,,,,,,GX020808.MP4,357.9576,20,51.4285714285714,28.5714285714286,35,,,GX030808.MP4,357.9576,18.75,56.25,25,32,,,,,,,,
GX010808.MP4,358.358,41.3793103448276,34.4827586206897,24.1379310344828,29,,,GX010809.MP4,358.358,25.7142857142857,31.4285714285714,42.8571428571429,35,,,,,,,,,,,,,,,,,,,GX020808.MP4,358.358,26.4705882352941,29.4117647058824,44.1176470588235,34,,,GX030808.MP4,358.358,36.8421052631579,57.8947368421053,5.26315789473684,19,,,,,,,,
GX010808.MP4,358.7584,42.8571428571429,42.8571428571429,14.2857142857143,28,,,GX010809.MP4,358.7584,5.88235294117647,88.2352941176471,5.88235294117647,17,,,,,,,,,,,,,,,,,,,GX020808.MP4,358.7584,34.6153846153846,26.9230769230769,38.4615384615385,26,,,GX030808.MP4,358.7584,23.5294117647059,64.7058823529412,11.7647058823529,34,,,,,,,,
GX010808.MP4,359.1588,32.258064516129,51.6129032258065,16.1290322580645,31,,,GX010809.MP4,359.1588,42.8571428571429,42.8571428571429,14.2857142857143,42,,,,,,,,,,,,,,,,,,,GX020808.MP4,359.1588,78.5714285714286,16.6666666666667,4.76190476190476,42,,,GX030808.MP4,359.1588,42.8571428571429,50,7.14285714285714,42,,,,,,,,
GX010808.MP4,359.5592,36.3636363636364,50,13.6363636363636,22,,,GX010809.MP4,359.5592,34.4827586206897,27.5862068965517,37.9310344827586,29,,,,,,,,,,,,,,,,,,,GX020808.MP4,359.5592,62.5,30,7.5,40,,,GX030808.MP4,359.5592,36.8421052631579,50,13.1578947368421,38,,,,,,,,
GX010808.MP4,359.9596,14.2857142857143,71.4285714285714,14.2857142857143,21,,,GX010809.MP4,359.9596,18.75,50,31.25,16,,,,,,,,,,,,,,,,,,,GX020808.MP4,359.9596,57.1428571428571,35.7142857142857,7.14285714285714,42,,,GX030808.MP4,359.9596,50,20,30,20,,,,,,,,
GX010808.MP4,360.36,26.0869565217391,56.5217391304348,17.3913043478261,23,,,GX010809.MP4,360.36,11.1111111111111,22.2222222222222,66.6666666666667,18,,,,,,,,,,,,,,,,,,,GX020808.MP4,360.36,33.3333333333333,42.4242424242424,24.2424242424242,33,,,GX030808.MP4,360.36,51.5151515151515,24.2424242424242,24.2424242424242,33,,,,,,,,
GX010808.MP4,360.7604,0,40,60,5,,,GX010809.MP4,360.7604,40,20,40,40,,,,,,,,,,,,,,,,,,,GX020808.MP4,360.7604,18.5185185185185,40.7407407407407,40.7407407407407,27,,,GX030808.MP4,360.7604,63.3333333333333,20,16.6666666666667,30,,,,,,,,
GX010808.MP4,361.1608,0,100,0,3,,,GX010809.MP4,361.1608,35.7142857142857,21.4285714285714,42.8571428571429,14,,,,,,,,,,,,,,,,,,,GX020808.MP4,361.1608,20.5128205128205,35.8974358974359,43.5897435897436,39,,,GX030808.MP4,361.1608,56.7567567567568,37.8378378378378,5.40540540540541,37,,,,,,,,
GX010808.MP4,361.5612,31.25,56.25,12.5,16,,,GX010809.MP4,361.5612,53.1914893617021,21.2765957446809,25.531914893617,47,,,,,,,,,,,,,,,,,,,GX020808.MP4,361.5612,16.1290322580645,45.1612903225806,38.7096774193548,31,,,GX030808.MP4,361.5612,52.1739130434783,30.4347826086957,17.3913043478261,23,,,,,,,,
GX010808.MP4,361.9616,26.3157894736842,42.1052631578947,31.5789473684211,19,,,GX010809.MP4,361.9616,30.5555555555556,44.4444444444444,25,36,,,,,,,,,,,,,,,,,,,GX020808.MP4,361.9616,27.2727272727273,33.3333333333333,39.3939393939394,33,,,GX030808.MP4,361.9616,14.2857142857143,85.7142857142857,0,21,,,,,,,,
GX010808.MP4,362.362,28.5714285714286,42.8571428571429,28.5714285714286,21,,,GX010809.MP4,362.362,30,0,70,10,,,,,,,,,,,,,,,,,,,GX020808.MP4,362.362,33.3333333333333,33.3333333333333,33.3333333333333,33,,,GX030808.MP4,362.362,13.6363636363636,86.3636363636364,0,22,,,,,,,,
GX010808.MP4,362.7624,35.7142857142857,42.8571428571429,21.4285714285714,14,,,GX010809.MP4,362.7624,41.6666666666667,50,8.33333333333333,24,,,,,,,,,,,,,,,,,,,GX020808.MP4,362.7624,44.1176470588235,41.1764705882353,14.7058823529412,34,,,GX030808.MP4,362.7624,8.33333333333333,83.3333333333333,8.33333333333333,12,,,,,,,,
GX010808.MP4,363.1628,0,70,30,20,,,GX010809.MP4,363.1628,27.2727272727273,45.4545454545455,27.2727272727273,22,,,,,,,,,,,,,,,,,,,GX020808.MP4,363.1628,35.2941176470588,38.2352941176471,26.4705882352941,34,,,GX030808.MP4,363.1628,38.0952380952381,38.0952380952381,23.8095238095238,42,,,,,,,,
GX010808.MP4,363.5632,18.75,62.5,18.75,16,,,GX010809.MP4,363.5632,35,45,20,20,,,,,,,,,,,,,,,,,,,GX020808.MP4,363.5632,31.25,46.875,21.875,32,,,GX030808.MP4,363.5632,20.5882352941176,47.0588235294118,32.3529411764706,34,,,,,,,,
GX010808.MP4,363.9636,18.1818181818182,81.8181818181818,0,11,,,GX010809.MP4,363.9636,48.5714285714286,34.2857142857143,17.1428571428571,35,,,,,,,,,,,,,,,,,,,GX020808.MP4,363.9636,46.1538461538462,38.4615384615385,15.3846153846154,26,,,GX030808.MP4,363.9636,22.2222222222222,77.7777777777778,0,9,,,,,,,,
GX010808.MP4,364.364,23.5294117647059,64.7058823529412,11.7647058823529,17,,,GX010809.MP4,364.364,25.9259259259259,55.5555555555556,18.5185185185185,27,,,,,,,,,,,,,,,,,,,GX020808.MP4,364.364,31.7073170731707,46.3414634146342,21.9512195121951,41,,,GX030808.MP4,364.364,24.2424242424242,51.5151515151515,24.2424242424242,33,,,,,,,,
GX010808.MP4,364.7644,42.8571428571429,57.1428571428571,0,14,,,GX010809.MP4,364.7644,42.8571428571429,23.8095238095238,33.3333333333333,21,,,,,,,,,,,,,,,,,,,GX020808.MP4,364.7644,39.4736842105263,34.2105263157895,26.3157894736842,38,,,GX030808.MP4,364.7644,18.9189189189189,70.2702702702703,10.8108108108108,37,,,,,,,,
GX010808.MP4,365.1648,24.1379310344828,68.9655172413793,6.89655172413793,29,,,GX010809.MP4,365.1648,39.4736842105263,28.9473684210526,31.5789473684211,38,,,,,,,,,,,,,,,,,,,GX020808.MP4,365.1648,40,46.6666666666667,13.3333333333333,30,,,GX030808.MP4,365.1648,28.5714285714286,51.4285714285714,20,35,,,,,,,,
GX010808.MP4,365.5652,23.8095238095238,61.9047619047619,14.2857142857143,21,,,GX010809.MP4,365.5652,56.6666666666667,23.3333333333333,20,30,,,,,,,,,,,,,,,,,,,GX020808.MP4,365.5652,36,64,0,25,,,GX030808.MP4,365.5652,12.5,58.3333333333333,29.1666666666667,24,,,,,,,,
GX010808.MP4,365.9656,20,52,28,25,,,GX010809.MP4,365.9656,48,28,24,25,,,,,,,,,,,,,,,,,,,GX020808.MP4,365.9656,23.8095238095238,52.3809523809524,23.8095238095238,21,,,GX030808.MP4,365.9656,12.5,50,37.5,16,,,,,,,,
GX010808.MP4,366.366,50,43.3333333333333,6.66666666666667,30,,,GX010809.MP4,366.366,70.7317073170732,12.1951219512195,17.0731707317073,41,,,,,,,,,,,,,,,,,,,GX020808.MP4,366.366,19.2307692307692,50,30.7692307692308,26,,,GX030808.MP4,366.366,12.1212121212121,75.7575757575758,12.1212121212121,33,,,,,,,,
GX010808.MP4,366.7664,47.0588235294118,47.0588235294118,5.88235294117647,34,,,GX010809.MP4,366.7664,71.7391304347826,13.0434782608696,15.2173913043478,46,,,,,,,,,,,,,,,,,,,GX020808.MP4,366.7664,22.7272727272727,36.3636363636364,40.9090909090909,22,,,GX030808.MP4,366.7664,14.2857142857143,68.5714285714286,17.1428571428571,35,,,,,,,,
GX010808.MP4,367.1668,26.9230769230769,53.8461538461539,19.2307692307692,26,,,GX010809.MP4,367.1668,38.4615384615385,30.7692307692308,30.7692307692308,39,,,,,,,,,,,,,,,,,,,GX020808.MP4,367.1668,50,30,20,10,,,GX030808.MP4,367.1668,39.4736842105263,47.3684210526316,13.1578947368421,38,,,,,,,,
GX010808.MP4,367.5672,22.7272727272727,45.4545454545455,31.8181818181818,22,,,GX010809.MP4,367.5672,42.5531914893617,29.7872340425532,27.6595744680851,47,,,,,,,,,,,,,,,,,,,GX020808.MP4,367.5672,60,33.3333333333333,6.66666666666667,15,,,GX030808.MP4,367.5672,26.6666666666667,56.6666666666667,16.6666666666667,30,,,,,,,,
GX010808.MP4,367.9676,29.1666666666667,41.6666666666667,29.1666666666667,24,,,GX010809.MP4,367.9676,50.9433962264151,28.3018867924528,20.7547169811321,53,,,,,,,,,,,,,,,,,,,GX020808.MP4,367.9676,30,50,20,20,,,GX030808.MP4,367.9676,46.1538461538462,53.8461538461539,0,13,,,,,,,,
GX010808.MP4,368.368,35,40,25,20,,,GX010809.MP4,368.368,63.265306122449,20.4081632653061,16.3265306122449,49,,,,,,,,,,,,,,,,,,,GX020808.MP4,368.368,38.0952380952381,52.3809523809524,9.52380952380952,21,,,GX030808.MP4,368.368,58.3333333333333,33.3333333333333,8.33333333333333,12,,,,,,,,
GX010808.MP4,368.7684,38.0952380952381,38.0952380952381,23.8095238095238,21,,,GX010809.MP4,368.7684,69.7674418604651,16.2790697674419,13.953488372093,43,,,,,,,,,,,,,,,,,,,GX020808.MP4,368.7684,45.8333333333333,41.6666666666667,12.5,24,,,GX030808.MP4,368.7684,50,41.6666666666667,8.33333333333333,12,,,,,,,,
GX010808.MP4,369.1688,12,64,24,25,,,GX010809.MP4,369.1688,73.9130434782609,19.5652173913043,6.52173913043478,46,,,,,,,,,,,,,,,,,,,GX020808.MP4,369.1688,56.6666666666667,36.6666666666667,6.66666666666667,30,,,GX030808.MP4,369.1688,20,70,10,10,,,,,,,,
GX010808.MP4,369.5692,15.7894736842105,42.1052631578947,42.1052631578947,19,,,GX010809.MP4,369.5692,73.4693877551021,20.4081632653061,6.12244897959184,49,,,,,,,,,,,,,,,,,,,GX020808.MP4,369.5692,50,46.1538461538462,3.84615384615385,26,,,GX030808.MP4,369.5692,21.4285714285714,64.2857142857143,14.2857142857143,14,,,,,,,,
GX010808.MP4,369.9696,0,100,0,17,,,GX010809.MP4,369.9696,51.1627906976744,23.2558139534884,25.5813953488372,43,,,,,,,,,,,,,,,,,,,GX020808.MP4,369.9696,25,70.8333333333333,4.16666666666667,24,,,GX030808.MP4,369.9696,36.3636363636364,36.3636363636364,27.2727272727273,11,,,,,,,,
GX010808.MP4,370.37,0,100,0,14,,,GX010809.MP4,370.37,50,25,25,36,,,,,,,,,,,,,,,,,,,GX020808.MP4,370.37,35,50,15,20,,,GX030808.MP4,370.37,45.4545454545455,45.4545454545455,9.09090909090909,11,,,,,,,,
GX010808.MP4,370.7704,19.047619047619,61.9047619047619,19.047619047619,21,,,GX010809.MP4,370.7704,52.5,30,17.5,40,,,,,,,,,,,,,,,,,,,GX020808.MP4,370.7704,36.8421052631579,52.6315789473684,10.5263157894737,19,,,GX030808.MP4,370.7704,60,26.6666666666667,13.3333333333333,15,,,,,,,,
GX010808.MP4,371.1708,29.1666666666667,62.5,8.33333333333333,24,,,GX010809.MP4,371.1708,47.6190476190476,30.952380952381,21.4285714285714,42,,,,,,,,,,,,,,,,,,,GX020808.MP4,371.1708,35.2941176470588,52.9411764705882,11.7647058823529,17,,,GX030808.MP4,371.1708,30.5555555555556,50,19.4444444444444,36,,,,,,,,
GX010808.MP4,371.5712,17.2413793103448,58.6206896551724,24.1379310344828,29,,,GX010809.MP4,371.5712,56.4102564102564,23.0769230769231,20.5128205128205,39,,,,,,,,,,,,,,,,,,,GX020808.MP4,371.5712,33.3333333333333,52.3809523809524,14.2857142857143,21,,,GX030808.MP4,371.5712,34.375,50,15.625,32,,,,,,,,
GX010808.MP4,371.9716,6.66666666666667,73.3333333333333,20,15,,,GX010809.MP4,371.9716,46.3414634146342,34.1463414634146,19.5121951219512,41,,,,,,,,,,,,,,,,,,,GX020808.MP4,371.9716,40.5405405405405,43.2432432432432,16.2162162162162,37,,,GX030808.MP4,371.9716,23.8095238095238,76.1904761904762,0,21,,,,,,,,
GX010808.MP4,372.372,41.6666666666667,52.7777777777778,5.55555555555556,36,,,GX010809.MP4,372.372,52.7777777777778,36.1111111111111,11.1111111111111,36,,,,,,,,,,,,,,,,,,,GX020808.MP4,372.372,43.75,40.625,15.625,32,,,GX030808.MP4,372.372,36.3636363636364,9.09090909090909,54.5454545454545,11,,,,,,,,
GX010808.MP4,372.7724,18.5185185185185,77.7777777777778,3.7037037037037,27,,,GX010809.MP4,372.7724,35.7142857142857,28.5714285714286,35.7142857142857,42,,,,,,,,,,,,,,,,,,,GX020808.MP4,372.7724,26.0869565217391,63.0434782608696,10.8695652173913,46,,,GX030808.MP4,372.7724,63.1578947368421,26.3157894736842,10.5263157894737,19,,,,,,,,
GX010808.MP4,373.1728,11.1111111111111,66.6666666666667,22.2222222222222,27,,,GX010809.MP4,373.1728,40.625,28.125,31.25,32,,,,,,,,,,,,,,,,,,,GX020808.MP4,373.1728,25,59.375,15.625,32,,,GX030808.MP4,373.1728,38.7755102040816,59.1836734693878,2.04081632653061,49,,,,,,,,
GX010808.MP4,373.5732,40.625,31.25,28.125,32,,,GX010809.MP4,373.5732,41.6666666666667,38.8888888888889,19.4444444444444,36,,,,,,,,,,,,,,,,,,,GX020808.MP4,373.5732,27.2727272727273,54.5454545454545,18.1818181818182,33,,,GX030808.MP4,373.5732,49.0196078431373,47.0588235294118,3.92156862745098,51,,,,,,,,
GX010808.MP4,373.9736,48.2758620689655,51.7241379310345,0,29,,,GX010809.MP4,373.9736,38.4615384615385,28.2051282051282,33.3333333333333,39,,,,,,,,,,,,,,,,,,,GX020808.MP4,373.9736,50,45.2380952380952,4.76190476190476,42,,,GX030808.MP4,373.9736,7.40740740740741,81.4814814814815,11.1111111111111,27,,,,,,,,
GX010808.MP4,374.374,22.2222222222222,66.6666666666667,11.1111111111111,27,,,GX010809.MP4,374.374,20,45.7142857142857,34.2857142857143,35,,,,,,,,,,,,,,,,,,,GX020808.MP4,374.374,20.5882352941176,58.8235294117647,20.5882352941176,34,,,GX030808.MP4,374.374,9.52380952380952,85.7142857142857,4.76190476190476,21,,,,,,,,
GX010808.MP4,374.7744,4,88,8,25,,,GX010809.MP4,374.7744,38.8888888888889,27.7777777777778,33.3333333333333,36,,,,,,,,,,,,,,,,,,,GX020808.MP4,374.7744,23.5294117647059,58.8235294117647,17.6470588235294,34,,,GX030808.MP4,374.7744,28.5714285714286,57.1428571428571,14.2857142857143,35,,,,,,,,
GX010808.MP4,375.1748,9.375,75,15.625,32,,,GX010809.MP4,375.1748,29.4117647058824,26.4705882352941,44.1176470588235,34,,,,,,,,,,,,,,,,,,,GX020808.MP4,375.1748,31.25,53.125,15.625,32,,,GX030808.MP4,375.1748,31.25,59.375,9.375,32,,,,,,,,
GX010808.MP4,375.5752,29.1666666666667,37.5,33.3333333333333,24,,,GX010809.MP4,375.5752,31.8181818181818,20.4545454545455,47.7272727272727,44,,,,,,,,,,,,,,,,,,,GX020808.MP4,375.5752,23.6842105263158,60.5263157894737,15.7894736842105,38,,,GX030808.MP4,375.5752,29.7872340425532,61.7021276595745,8.51063829787234,47,,,,,,,,
GX010808.MP4,375.9756,21.0526315789474,63.1578947368421,15.7894736842105,19,,,GX010809.MP4,375.9756,56.25,31.25,12.5,32,,,,,,,,,,,,,,,,,,,GX020808.MP4,375.9756,21.6216216216216,62.1621621621622,16.2162162162162,37,,,GX030808.MP4,375.9756,26.3157894736842,63.1578947368421,10.5263157894737,38,,,,,,,,
GX010808.MP4,376.376,37.037037037037,29.6296296296296,33.3333333333333,27,,,GX010809.MP4,376.376,20,76,4,25,,,,,,,,,,,,,,,,,,,GX020808.MP4,376.376,28.2051282051282,56.4102564102564,15.3846153846154,39,,,GX030808.MP4,376.376,17.6470588235294,73.5294117647059,8.82352941176471,34,,,,,,,,
GX010808.MP4,376.7764,16.1290322580645,38.7096774193548,45.1612903225806,31,,,GX010809.MP4,376.7764,46,26,28,50,,,,,,,,,,,,,,,,,,,GX020808.MP4,376.7764,27.5,50,22.5,40,,,GX030808.MP4,376.7764,26.6666666666667,73.3333333333333,0,15,,,,,,,,
GX010808.MP4,377.1768,11.5384615384615,53.8461538461539,34.6153846153846,26,,,GX010809.MP4,377.1768,46,20,34,50,,,,,,,,,,,,,,,,,,,GX020808.MP4,377.1768,28.9473684210526,52.6315789473684,18.4210526315789,38,,,GX030808.MP4,377.1768,57.1428571428571,42.8571428571429,0,7,,,,,,,,
GX010808.MP4,377.5772,19.2307692307692,46.1538461538462,34.6153846153846,26,,,GX010809.MP4,377.5772,19.4444444444444,72.2222222222222,8.33333333333333,36,,,,,,,,,,,,,,,,,,,GX020808.MP4,377.5772,34.0909090909091,52.2727272727273,13.6363636363636,44,,,GX030808.MP4,377.5772,52.6315789473684,42.1052631578947,5.26315789473684,19,,,,,,,,
GX010808.MP4,377.9776,18.75,46.875,34.375,32,,,GX010809.MP4,377.9776,21.4285714285714,67.8571428571429,10.7142857142857,28,,,,,,,,,,,,,,,,,,,GX020808.MP4,377.9776,37.7777777777778,44.4444444444444,17.7777777777778,45,,,GX030808.MP4,377.9776,43.75,50,6.25,16,,,,,,,,
GX010808.MP4,378.378,40.4761904761905,38.0952380952381,21.4285714285714,42,,,GX010809.MP4,378.378,45.4545454545455,50,4.54545454545455,22,,,,,,,,,,,,,,,,,,,GX020808.MP4,378.378,36.1111111111111,50,13.8888888888889,36,,,GX030808.MP4,378.378,0,100,0,3,,,,,,,,
GX010808.MP4,378.7784,13.1578947368421,47.3684210526316,39.4736842105263,38,,,GX010809.MP4,378.7784,56.0975609756098,17.0731707317073,26.8292682926829,41,,,,,,,,,,,,,,,,,,,GX020808.MP4,378.7784,34.2105263157895,50,15.7894736842105,38,,,GX030808.MP4,378.7784,21.4285714285714,60.7142857142857,17.8571428571429,28,,,,,,,,
GX010808.MP4,379.1788,26.0869565217391,56.5217391304348,17.3913043478261,23,,,GX010809.MP4,379.1788,53.0612244897959,12.2448979591837,34.6938775510204,49,,,,,,,,,,,,,,,,,,,GX020808.MP4,379.1788,34.1463414634146,46.3414634146342,19.5121951219512,41,,,GX030808.MP4,379.1788,8.33333333333333,16.6666666666667,75,12,,,,,,,,
GX010808.MP4,379.5792,18.1818181818182,36.3636363636364,45.4545454545455,22,,,GX010809.MP4,379.5792,52.5,20,27.5,40,,,,,,,,,,,,,,,,,,,GX020808.MP4,379.5792,26.8292682926829,68.2926829268293,4.87804878048781,41,,,GX030808.MP4,379.5792,0,100,0,3,,,,,,,,
GX010808.MP4,379.9796,27.2727272727273,51.5151515151515,21.2121212121212,33,,,GX010809.MP4,379.9796,64.7058823529412,17.6470588235294,17.6470588235294,34,,,,,,,,,,,,,,,,,,,GX020808.MP4,379.9796,29.2682926829268,63.4146341463415,7.31707317073171,41,,,GX030808.MP4,379.9796,10.3448275862069,17.2413793103448,72.4137931034483,29,,,,,,,,
GX010808.MP4,380.38,25,55,20,20,,,GX010809.MP4,380.38,48.5714285714286,22.8571428571429,28.5714285714286,35,,,,,,,,,,,,,,,,,,,GX020808.MP4,380.38,30.3030303030303,57.5757575757576,12.1212121212121,33,,,GX030808.MP4,380.38,21.9512195121951,39.0243902439024,39.0243902439024,41,,,,,,,,
GX010808.MP4,380.7804,62.8571428571429,25.7142857142857,11.4285714285714,35,,,GX010809.MP4,380.7804,54.8387096774194,16.1290322580645,29.0322580645161,31,,,,,,,,,,,,,,,,,,,GX020808.MP4,380.7804,24.3243243243243,59.4594594594595,16.2162162162162,37,,,GX030808.MP4,380.7804,17.0731707317073,58.5365853658537,24.390243902439,41,,,,,,,,
GX010808.MP4,381.1808,41.1764705882353,38.2352941176471,20.5882352941176,34,,,GX010809.MP4,381.1808,36.3636363636364,27.2727272727273,36.3636363636364,22,,,,,,,,,,,,,,,,,,,GX020808.MP4,381.1808,31.1111111111111,53.3333333333333,15.5555555555556,45,,,GX030808.MP4,381.1808,23.0769230769231,38.4615384615385,38.4615384615385,26,,,,,,,,
GX010808.MP4,381.5812,16,60,24,25,,,GX010809.MP4,381.5812,17.948717948718,33.3333333333333,48.7179487179487,39,,,,,,,,,,,,,,,,,,,GX020808.MP4,381.5812,27.5862068965517,51.7241379310345,20.6896551724138,29,,,GX030808.MP4,381.5812,28.9473684210526,50,21.0526315789474,38,,,,,,,,
GX010808.MP4,381.9816,11.5384615384615,57.6923076923077,30.7692307692308,26,,,GX010809.MP4,381.9816,51.4285714285714,22.8571428571429,25.7142857142857,35,,,,,,,,,,,,,,,,,,,GX020808.MP4,381.9816,32.3529411764706,38.2352941176471,29.4117647058824,34,,,GX030808.MP4,381.9816,16.6666666666667,61.1111111111111,22.2222222222222,36,,,,,,,,
GX010808.MP4,382.382,0,73.6842105263158,26.3157894736842,19,,,GX010809.MP4,382.382,55.2631578947369,23.6842105263158,21.0526315789474,38,,,,,,,,,,,,,,,,,,,GX020808.MP4,382.382,18.4210526315789,63.1578947368421,18.4210526315789,38,,,GX030808.MP4,382.382,15,45,40,20,,,,,,,,
GX010808.MP4,382.7824,47.6190476190476,47.6190476190476,4.76190476190476,21,,,GX010809.MP4,382.7824,36.8421052631579,34.2105263157895,28.9473684210526,38,,,,,,,,,,,,,,,,,,,GX020808.MP4,382.7824,13.7931034482759,82.7586206896552,3.44827586206897,29,,,GX030808.MP4,382.7824,29.4117647058824,52.9411764705882,17.6470588235294,34,,,,,,,,
GX010808.MP4,383.1828,47.6190476190476,42.8571428571429,9.52380952380952,21,,,GX010809.MP4,383.1828,60.6060606060606,21.2121212121212,18.1818181818182,33,,,,,,,,,,,,,,,,,,,GX020808.MP4,383.1828,23.5294117647059,41.1764705882353,35.2941176470588,17,,,GX030808.MP4,383.1828,29.7297297297297,48.6486486486487,21.6216216216216,37,,,,,,,,
GX010808.MP4,383.5832,36,36,28,25,,,GX010809.MP4,383.5832,47.5,25,27.5,40,,,,,,,,,,,,,,,,,,,GX020808.MP4,383.5832,46.6666666666667,26.6666666666667,26.6666666666667,30,,,GX030808.MP4,383.5832,33.3333333333333,47.0588235294118,19.6078431372549,51,,,,,,,,
GX010808.MP4,383.9836,20.8333333333333,54.1666666666667,25,24,,,GX010809.MP4,383.9836,43.2432432432432,51.3513513513514,5.40540540540541,37,,,,,,,,,,,,,,,,,,,GX020808.MP4,383.9836,54.5454545454545,36.3636363636364,9.09090909090909,33,,,GX030808.MP4,383.9836,47.3684210526316,36.8421052631579,15.7894736842105,19,,,,,,,,
GX010808.MP4,384.384,20.6896551724138,58.6206896551724,20.6896551724138,29,,,GX010809.MP4,384.384,34.4827586206897,48.2758620689655,17.2413793103448,29,,,,,,,,,,,,,,,,,,,GX020808.MP4,384.384,37.8378378378378,27.027027027027,35.1351351351351,37,,,GX030808.MP4,384.384,9.52380952380952,80.952380952381,9.52380952380952,21,,,,,,,,
GX010808.MP4,384.7844,50,30,20,20,,,GX010809.MP4,384.7844,42.8571428571429,45.7142857142857,11.4285714285714,35,,,,,,,,,,,,,,,,,,,GX020808.MP4,384.7844,50,44.4444444444444,5.55555555555556,36,,,GX030808.MP4,384.7844,25,62.5,12.5,8,,,,,,,,
GX010808.MP4,385.1848,41.025641025641,38.4615384615385,20.5128205128205,39,,,GX010809.MP4,385.1848,52.6315789473684,31.5789473684211,15.7894736842105,38,,,,,,,,,,,,,,,,,,,GX020808.MP4,385.1848,41.1764705882353,35.2941176470588,23.5294117647059,34,,,GX030808.MP4,385.1848,30,70,0,10,,,,,,,,
GX010808.MP4,385.5852,26.6666666666667,46.6666666666667,26.6666666666667,30,,,GX010809.MP4,385.5852,43.1818181818182,40.9090909090909,15.9090909090909,44,,,,,,,,,,,,,,,,,,,GX020808.MP4,385.5852,33.3333333333333,55.5555555555556,11.1111111111111,27,,,GX030808.MP4,385.5852,25.531914893617,48.936170212766,25.531914893617,47,,,,,,,,
GX010808.MP4,385.9856,43.75,31.25,25,16,,,GX010809.MP4,385.9856,16.1290322580645,67.741935483871,16.1290322580645,31,,,,,,,,,,,,,,,,,,,GX020808.MP4,385.9856,28,64,8,25,,,GX030808.MP4,385.9856,28.5714285714286,48.9795918367347,22.4489795918367,49,,,,,,,,
GX010808.MP4,386.386,21.4285714285714,42.8571428571429,35.7142857142857,28,,,GX010809.MP4,386.386,43.2432432432432,43.2432432432432,13.5135135135135,37,,,,,,,,,,,,,,,,,,,GX020808.MP4,386.386,21.0526315789474,76.3157894736842,2.63157894736842,38,,,GX030808.MP4,386.386,17.0731707317073,56.0975609756098,26.8292682926829,41,,,,,,,,
GX010808.MP4,386.7864,38.4615384615385,42.3076923076923,19.2307692307692,26,,,GX010809.MP4,386.7864,40,34,26,50,,,,,,,,,,,,,,,,,,,GX020808.MP4,386.7864,20.5882352941176,73.5294117647059,5.88235294117647,34,,,GX030808.MP4,386.7864,31.5789473684211,36.8421052631579,31.5789473684211,38,,,,,,,,
GX010808.MP4,387.1868,22.7272727272727,50,27.2727272727273,22,,,GX010809.MP4,387.1868,51.063829787234,31.9148936170213,17.0212765957447,47,,,,,,,,,,,,,,,,,,,GX020808.MP4,387.1868,18.75,78.125,3.125,32,,,,,,,,,,,,,,,,
GX010808.MP4,387.5872,28,52,20,25,,,GX010809.MP4,387.5872,59.0909090909091,18.1818181818182,22.7272727272727,44,,,,,,,,,,,,,,,,,,,GX020808.MP4,387.5872,19.047619047619,66.6666666666667,14.2857142857143,42,,,,,,,,,,,,,,,,
GX010808.MP4,387.9876,25.9259259259259,40.7407407407407,33.3333333333333,27,,,GX010809.MP4,387.9876,61.7021276595745,23.4042553191489,14.8936170212766,47,,,,,,,,,,,,,,,,,,,GX020808.MP4,387.9876,20,57.5,22.5,40,,,,,,,,,,,,,,,,
GX010808.MP4,388.388,38.0952380952381,47.6190476190476,14.2857142857143,21,,,GX010809.MP4,388.388,58.3333333333333,29.1666666666667,12.5,48,,,,,,,,,,,,,,,,,,,GX020808.MP4,388.388,32.4324324324324,48.6486486486487,18.9189189189189,37,,,,,,,,,,,,,,,,
GX010808.MP4,388.7884,37.5,37.5,25,16,,,GX010809.MP4,388.7884,68,22,10,50,,,,,,,,,,,,,,,,,,,GX020808.MP4,388.7884,38.2352941176471,32.3529411764706,29.4117647058824,34,,,,,,,,,,,,,,,,
GX010808.MP4,389.1888,44,40,16,25,,,GX010809.MP4,389.1888,54.5454545454545,31.8181818181818,13.6363636363636,44,,,,,,,,,,,,,,,,,,,GX020808.MP4,389.1888,6.66666666666667,76.6666666666667,16.6666666666667,30,,,,,,,,,,,,,,,,
GX010808.MP4,389.5892,45,35,20,20,,,GX010809.MP4,389.5892,36.2068965517241,48.2758620689655,15.5172413793103,58,,,,,,,,,,,,,,,,,,,GX020808.MP4,389.5892,25.6410256410256,71.7948717948718,2.56410256410256,39,,,,,,,,,,,,,,,,
GX010808.MP4,389.9896,44.4444444444444,37.037037037037,18.5185185185185,27,,,GX010809.MP4,389.9896,45.0980392156863,45.0980392156863,9.80392156862745,51,,,,,,,,,,,,,,,,,,,GX020808.MP4,389.9896,30,35,35,20,,,,,,,,,,,,,,,,
GX010808.MP4,390.39,16,52,32,25,,,GX010809.MP4,390.39,45.2830188679245,30.188679245283,24.5283018867925,53,,,,,,,,,,,,,,,,,,,GX020808.MP4,390.39,0,90,10,20,,,,,,,,,,,,,,,,
GX010808.MP4,390.7904,19.2307692307692,42.3076923076923,38.4615384615385,26,,,GX010809.MP4,390.7904,40.3846153846154,28.8461538461538,30.7692307692308,52,,,,,,,,,,,,,,,,,,,GX020808.MP4,390.7904,29.1666666666667,50,20.8333333333333,24,,,,,,,,,,,,,,,,
GX010808.MP4,391.1908,29.4117647058824,58.8235294117647,11.7647058823529,17,,,GX010809.MP4,391.1908,27.6595744680851,40.4255319148936,31.9148936170213,47,,,,,,,,,,,,,,,,,,,GX020808.MP4,391.1908,41.9354838709677,51.6129032258065,6.45161290322581,31,,,,,,,,,,,,,,,,
GX010808.MP4,391.5912,28.5714285714286,67.8571428571429,3.57142857142857,28,,,GX010809.MP4,391.5912,40,36.3636363636364,23.6363636363636,55,,,,,,,,,,,,,,,,,,,GX020808.MP4,391.5912,25,53.5714285714286,21.4285714285714,28,,,,,,,,,,,,,,,,
GX010808.MP4,391.9916,25,45,30,20,,,GX010809.MP4,391.9916,33.9622641509434,24.5283018867925,41.5094339622642,53,,,,,,,,,,,,,,,,,,,GX020808.MP4,391.9916,36.6666666666667,56.6666666666667,6.66666666666667,30,,,,,,,,,,,,,,,,
GX010808.MP4,392.392,30.7692307692308,34.6153846153846,34.6153846153846,26,,,GX010809.MP4,392.392,61.7021276595745,25.531914893617,12.7659574468085,47,,,,,,,,,,,,,,,,,,,GX020808.MP4,392.392,32.5581395348837,44.1860465116279,23.2558139534884,43,,,,,,,,,,,,,,,,
GX010808.MP4,392.7924,25,50,25,24,,,GX010809.MP4,392.7924,55.8823529411765,35.2941176470588,8.82352941176471,34,,,,,,,,,,,,,,,,,,,GX020808.MP4,392.7924,30.3030303030303,42.4242424242424,27.2727272727273,33,,,,,,,,,,,,,,,,
GX010808.MP4,393.1928,46.6666666666667,43.3333333333333,10,30,,,GX010809.MP4,393.1928,46.6666666666667,46.6666666666667,6.66666666666667,30,,,,,,,,,,,,,,,,,,,GX020808.MP4,393.1928,47.8260869565217,39.1304347826087,13.0434782608696,23,,,,,,,,,,,,,,,,
GX010808.MP4,393.5932,30,53.3333333333333,16.6666666666667,30,,,GX010809.MP4,393.5932,16.0714285714286,71.4285714285714,12.5,56,,,,,,,,,,,,,,,,,,,GX020808.MP4,393.5932,40.9090909090909,27.2727272727273,31.8181818181818,22,,,,,,,,,,,,,,,,
GX010808.MP4,393.9936,29.6296296296296,70.3703703703704,0,27,,,GX010809.MP4,393.9936,43.859649122807,28.0701754385965,28.0701754385965,57,,,,,,,,,,,,,,,,,,,GX020808.MP4,393.9936,62.7906976744186,20.9302325581395,16.2790697674419,43,,,,,,,,,,,,,,,,
GX010808.MP4,394.394,28,48,24,25,,,GX010809.MP4,394.394,28.125,28.125,43.75,32,,,,,,,,,,,,,,,,,,,GX020808.MP4,394.394,53.5714285714286,35.7142857142857,10.7142857142857,28,,,,,,,,,,,,,,,,
GX010808.MP4,394.7944,41.6666666666667,45.8333333333333,12.5,24,,,GX010809.MP4,394.7944,50,40.9090909090909,9.09090909090909,44,,,,,,,,,,,,,,,,,,,GX020808.MP4,394.7944,42.3076923076923,53.8461538461539,3.84615384615385,26,,,,,,,,,,,,,,,,
GX010808.MP4,395.1948,33.3333333333333,61.1111111111111,5.55555555555556,18,,,GX010809.MP4,395.1948,67.5675675675676,24.3243243243243,8.10810810810811,37,,,,,,,,,,,,,,,,,,,GX020808.MP4,395.1948,22.2222222222222,55.5555555555556,22.2222222222222,27,,,,,,,,,,,,,,,,
GX010808.MP4,395.5952,42.1052631578947,52.6315789473684,5.26315789473684,19,,,GX010809.MP4,395.5952,44.4444444444444,40.7407407407407,14.8148148148148,27,,,,,,,,,,,,,,,,,,,GX020808.MP4,395.5952,18.1818181818182,63.6363636363636,18.1818181818182,22,,,,,,,,,,,,,,,,
GX010808.MP4,395.9956,42.8571428571429,42.8571428571429,14.2857142857143,21,,,GX010809.MP4,395.9956,53.3333333333333,44.4444444444444,2.22222222222222,45,,,,,,,,,,,,,,,,,,,GX020808.MP4,395.9956,25,50,25,28,,,,,,,,,,,,,,,,
GX010808.MP4,396.396,28.5714285714286,71.4285714285714,0,14,,,GX010809.MP4,396.396,48.4848484848485,45.4545454545455,6.06060606060606,33,,,,,,,,,,,,,,,,,,,GX020808.MP4,396.396,4.34782608695652,65.2173913043478,30.4347826086957,23,,,,,,,,,,,,,,,,
GX010808.MP4,396.7964,26.3157894736842,42.1052631578947,31.5789473684211,19,,,GX010809.MP4,396.7964,52.9411764705882,29.4117647058824,17.6470588235294,34,,,,,,,,,,,,,,,,,,,GX020808.MP4,396.7964,0,66.6666666666667,33.3333333333333,24,,,,,,,,,,,,,,,,
GX010808.MP4,397.1968,25,25,50,12,,,GX010809.MP4,397.1968,30.3030303030303,54.5454545454545,15.1515151515152,33,,,,,,,,,,,,,,,,,,,GX020808.MP4,397.1968,8.82352941176471,64.7058823529412,26.4705882352941,34,,,,,,,,,,,,,,,,
GX010808.MP4,397.5972,42.1052631578947,52.6315789473684,5.26315789473684,19,,,GX010809.MP4,397.5972,15.3846153846154,84.6153846153846,0,26,,,,,,,,,,,,,,,,,,,GX020808.MP4,397.5972,14.2857142857143,57.1428571428571,28.5714285714286,28,,,,,,,,,,,,,,,,
GX010808.MP4,397.9976,27.5862068965517,55.1724137931034,17.2413793103448,29,,,GX010809.MP4,397.9976,23.2142857142857,55.3571428571429,21.4285714285714,56,,,,,,,,,,,,,,,,,,,GX020808.MP4,397.9976,26.4705882352941,58.8235294117647,14.7058823529412,34,,,,,,,,,,,,,,,,
GX010808.MP4,398.398,27.5862068965517,41.3793103448276,31.0344827586207,29,,,GX010809.MP4,398.398,48.7804878048781,31.7073170731707,19.5121951219512,41,,,,,,,,,,,,,,,,,,,GX020808.MP4,398.398,25.7142857142857,45.7142857142857,28.5714285714286,35,,,,,,,,,,,,,,,,
GX010808.MP4,398.7984,24,44,32,25,,,GX010809.MP4,398.7984,39.2857142857143,25,35.7142857142857,56,,,,,,,,,,,,,,,,,,,GX020808.MP4,398.7984,45.4545454545455,36.3636363636364,18.1818181818182,22,,,,,,,,,,,,,,,,
GX010808.MP4,399.1988,40,56,4,25,,,GX010809.MP4,399.1988,50.9803921568627,29.4117647058824,19.6078431372549,51,,,,,,,,,,,,,,,,,,,GX020808.MP4,399.1988,33.3333333333333,44.4444444444444,22.2222222222222,9,,,,,,,,,,,,,,,,
GX010808.MP4,399.5992,30,46.6666666666667,23.3333333333333,30,,,GX010809.MP4,399.5992,46.5116279069767,39.5348837209302,13.953488372093,43,,,,,,,,,,,,,,,,,,,GX020808.MP4,399.5992,47.6190476190476,28.5714285714286,23.8095238095238,21,,,,,,,,,,,,,,,,
GX010808.MP4,399.9996,30,60,10,30,,,GX010809.MP4,399.9996,12.8205128205128,69.2307692307692,17.948717948718,39,,,,,,,,,,,,,,,,,,,GX020808.MP4,399.9996,33.3333333333333,52.3809523809524,14.2857142857143,21,,,,,,,,,,,,,,,,
GX010808.MP4,400.4,37.9310344827586,44.8275862068966,17.2413793103448,29,,,GX010809.MP4,400.4,40,40,20,30,,,,,,,,,,,,,,,,,,,GX020808.MP4,400.4,52.1739130434783,34.7826086956522,13.0434782608696,23,,,,,,,,,,,,,,,,
GX010808.MP4,400.8004,34.375,46.875,18.75,32,,,GX010809.MP4,400.8004,31.25,50,18.75,32,,,,,,,,,,,,,,,,,,,GX020808.MP4,400.8004,31.25,31.25,37.5,16,,,,,,,,,,,,,,,,
GX010808.MP4,401.2008,51.6129032258065,41.9354838709677,6.45161290322581,31,,,GX010809.MP4,401.2008,37.5,35,27.5,40,,,,,,,,,,,,,,,,,,,GX020808.MP4,401.2008,19.047619047619,52.3809523809524,28.5714285714286,21,,,,,,,,,,,,,,,,
GX010808.MP4,401.6012,53.3333333333333,36.6666666666667,10,30,,,GX010809.MP4,401.6012,59.5238095238095,30.952380952381,9.52380952380952,42,,,,,,,,,,,,,,,,,,,GX020808.MP4,401.6012,42.8571428571429,42.8571428571429,14.2857142857143,21,,,,,,,,,,,,,,,,
GX010808.MP4,402.0016,33.3333333333333,50,16.6666666666667,24,,,GX010809.MP4,402.0016,40,45,15,40,,,,,,,,,,,,,,,,,,,GX020808.MP4,402.0016,42.1052631578947,36.8421052631579,21.0526315789474,19,,,,,,,,,,,,,,,,
GX010808.MP4,402.402,43.4782608695652,34.7826086956522,21.7391304347826,23,,,GX010809.MP4,402.402,44.7368421052632,36.8421052631579,18.4210526315789,38,,,,,,,,,,,,,,,,,,,GX020808.MP4,402.402,18.75,56.25,25,16,,,,,,,,,,,,,,,,
GX010808.MP4,402.8024,16.6666666666667,53.3333333333333,30,30,,,GX010809.MP4,402.8024,27.2727272727273,72.7272727272727,0,22,,,,,,,,,,,,,,,,,,,GX020808.MP4,402.8024,33.3333333333333,29.1666666666667,37.5,24,,,,,,,,,,,,,,,,
GX010808.MP4,403.2028,14.8148148148148,66.6666666666667,18.5185185185185,27,,,GX010809.MP4,403.2028,49.1228070175439,24.5614035087719,26.3157894736842,57,,,,,,,,,,,,,,,,,,,GX020808.MP4,403.2028,52.6315789473684,21.0526315789474,26.3157894736842,19,,,,,,,,,,,,,,,,
GX010808.MP4,403.6032,33.3333333333333,44.4444444444444,22.2222222222222,27,,,GX010809.MP4,403.6032,49.0566037735849,18.8679245283019,32.0754716981132,53,,,,,,,,,,,,,,,,,,,GX020808.MP4,403.6032,52.9411764705882,23.5294117647059,23.5294117647059,17,,,,,,,,,,,,,,,,
GX010808.MP4,404.0036,80,20,0,10,,,GX010809.MP4,404.0036,41.6666666666667,41.6666666666667,16.6666666666667,36,,,,,,,,,,,,,,,,,,,GX020808.MP4,404.0036,50,30,20,10,,,,,,,,,,,,,,,,
GX010808.MP4,404.404,36.3636363636364,9.09090909090909,54.5454545454545,11,,,GX010809.MP4,404.404,11.4285714285714,74.2857142857143,14.2857142857143,35,,,,,,,,,,,,,,,,,,,GX020808.MP4,404.404,50,22.2222222222222,27.7777777777778,18,,,,,,,,,,,,,,,,
GX010808.MP4,404.8044,27.2727272727273,18.1818181818182,54.5454545454545,11,,,GX010809.MP4,404.8044,54.5454545454545,36.3636363636364,9.09090909090909,11,,,,,,,,,,,,,,,,,,,GX020808.MP4,404.8044,25.9259259259259,51.8518518518519,22.2222222222222,27,,,,,,,,,,,,,,,,
GX010808.MP4,405.2048,35.2941176470588,17.6470588235294,47.0588235294118,17,,,GX010809.MP4,405.2048,51.7857142857143,33.9285714285714,14.2857142857143,56,,,,,,,,,,,,,,,,,,,GX020808.MP4,405.2048,5.55555555555556,88.8888888888889,5.55555555555556,18,,,,,,,,,,,,,,,,
GX010808.MP4,405.6052,40,20,40,20,,,GX010809.MP4,405.6052,58.1395348837209,18.6046511627907,23.2558139534884,43,,,,,,,,,,,,,,,,,,,GX020808.MP4,405.6052,33.3333333333333,11.1111111111111,55.5555555555556,9,,,,,,,,,,,,,,,,
GX010808.MP4,406.0056,50,31.25,18.75,16,,,GX010809.MP4,406.0056,44.4444444444444,24.4444444444444,31.1111111111111,45,,,,,,,,,,,,,,,,,,,GX020808.MP4,406.0056,19.2307692307692,34.6153846153846,46.1538461538462,26,,,,,,,,,,,,,,,,
GX010808.MP4,406.406,40,53.3333333333333,6.66666666666667,15,,,GX010809.MP4,406.406,39.4736842105263,26.3157894736842,34.2105263157895,38,,,,,,,,,,,,,,,,,,,GX020808.MP4,406.406,19.047619047619,57.1428571428571,23.8095238095238,21,,,,,,,,,,,,,,,,
GX010808.MP4,406.8064,55.5555555555556,33.3333333333333,11.1111111111111,27,,,GX010809.MP4,406.8064,47.5,42.5,10,40,,,,,,,,,,,,,,,,,,,GX020808.MP4,406.8064,52,24,24,25,,,,,,,,,,,,,,,,
GX010808.MP4,407.2068,51.7241379310345,41.3793103448276,6.89655172413793,29,,,GX010809.MP4,407.2068,56.5217391304348,30.4347826086957,13.0434782608696,46,,,,,,,,,,,,,,,,,,,GX020808.MP4,407.2068,43.75,25,31.25,16,,,,,,,,,,,,,,,,
GX010808.MP4,407.6072,29.4117647058824,58.8235294117647,11.7647058823529,17,,,GX010809.MP4,407.6072,42.8571428571429,47.6190476190476,9.52380952380952,42,,,,,,,,,,,,,,,,,,,GX020808.MP4,407.6072,29.1666666666667,62.5,8.33333333333333,24,,,,,,,,,,,,,,,,
GX010808.MP4,408.0076,12,56,32,25,,,GX010809.MP4,408.0076,46.3414634146342,48.7804878048781,4.87804878048781,41,,,,,,,,,,,,,,,,,,,GX020808.MP4,408.0076,33.3333333333333,66.6666666666667,0,6,,,,,,,,,,,,,,,,
GX010808.MP4,408.408,26.6666666666667,46.6666666666667,26.6666666666667,15,,,GX010809.MP4,408.408,47.2222222222222,47.2222222222222,5.55555555555556,36,,,,,,,,,,,,,,,,,,,GX020808.MP4,408.408,11.1111111111111,88.8888888888889,0,9,,,,,,,,,,,,,,,,
GX010808.MP4,408.8084,28,44,28,25,,,GX010809.MP4,408.8084,47.3684210526316,42.1052631578947,10.5263157894737,38,,,,,,,,,,,,,,,,,,,GX020808.MP4,408.8084,33.3333333333333,33.3333333333333,33.3333333333333,18,,,,,,,,,,,,,,,,
GX010808.MP4,409.2088,29.4117647058824,29.4117647058824,41.1764705882353,17,,,GX010809.MP4,409.2088,48.5714285714286,37.1428571428571,14.2857142857143,35,,,,,,,,,,,,,,,,,,,GX020808.MP4,409.2088,45.4545454545455,50,4.54545454545455,22,,,,,,,,,,,,,,,,
GX010808.MP4,409.6092,20,55,25,20,,,GX010809.MP4,409.6092,27.7777777777778,61.1111111111111,11.1111111111111,36,,,,,,,,,,,,,,,,,,,GX020808.MP4,409.6092,37.5,53.125,9.375,32,,,,,,,,,,,,,,,,
GX010808.MP4,410.0096,22.7272727272727,36.3636363636364,40.9090909090909,22,,,GX010809.MP4,410.0096,33.3333333333333,44.4444444444444,22.2222222222222,18,,,,,,,,,,,,,,,,,,,GX020808.MP4,410.0096,44.4444444444444,33.3333333333333,22.2222222222222,18,,,,,,,,,,,,,,,,
GX010808.MP4,410.41,18.75,75,6.25,16,,,GX010809.MP4,410.41,59.375,31.25,9.375,32,,,,,,,,,,,,,,,,,,,GX020808.MP4,410.41,33.3333333333333,41.6666666666667,25,24,,,,,,,,,,,,,,,,
GX010808.MP4,410.8104,70.9677419354839,19.3548387096774,9.67741935483871,31,,,GX010809.MP4,410.8104,55.5555555555556,38.8888888888889,5.55555555555556,18,,,,,,,,,,,,,,,,,,,GX020808.MP4,410.8104,46.1538461538462,23.0769230769231,30.7692307692308,26,,,,,,,,,,,,,,,,
GX010808.MP4,411.2108,54.1666666666667,45.8333333333333,0,24,,,GX010809.MP4,411.2108,5.55555555555556,91.6666666666667,2.77777777777778,36,,,,,,,,,,,,,,,,,,,GX020808.MP4,411.2108,33.3333333333333,40.7407407407407,25.9259259259259,27,,,,,,,,,,,,,,,,
GX010808.MP4,411.6112,16.6666666666667,58.3333333333333,25,24,,,GX010809.MP4,411.6112,6.66666666666667,86.6666666666667,6.66666666666667,30,,,,,,,,,,,,,,,,,,,GX020808.MP4,411.6112,29.6296296296296,25.9259259259259,44.4444444444444,27,,,,,,,,,,,,,,,,
GX010808.MP4,412.0116,10.5263157894737,78.9473684210526,10.5263157894737,19,,,GX010809.MP4,412.0116,51.7241379310345,37.9310344827586,10.3448275862069,29,,,,,,,,,,,,,,,,,,,GX020808.MP4,412.0116,27.2727272727273,22.7272727272727,50,22,,,,,,,,,,,,,,,,
GX010808.MP4,412.412,47.0588235294118,41.1764705882353,11.7647058823529,17,,,GX010809.MP4,412.412,53.125,40.625,6.25,32,,,,,,,,,,,,,,,,,,,GX020808.MP4,412.412,35,35,30,20,,,,,,,,,,,,,,,,
GX010808.MP4,412.8124,19.2307692307692,61.5384615384615,19.2307692307692,26,,,GX010809.MP4,412.8124,50,33.3333333333333,16.6666666666667,30,,,,,,,,,,,,,,,,,,,GX020808.MP4,412.8124,33.3333333333333,46.1538461538462,20.5128205128205,39,,,,,,,,,,,,,,,,
GX010808.MP4,413.2128,41.6666666666667,41.6666666666667,16.6666666666667,36,,,GX010809.MP4,413.2128,64.2857142857143,25,10.7142857142857,28,,,,,,,,,,,,,,,,,,,GX020808.MP4,413.2128,53.8461538461539,35.8974358974359,10.2564102564103,39,,,,,,,,,,,,,,,,
GX010808.MP4,413.6132,30.7692307692308,42.3076923076923,26.9230769230769,26,,,GX010809.MP4,413.6132,51.3513513513514,27.027027027027,21.6216216216216,37,,,,,,,,,,,,,,,,,,,GX020808.MP4,413.6132,56.25,31.25,12.5,32,,,,,,,,,,,,,,,,
GX010808.MP4,414.0136,39.1304347826087,43.4782608695652,17.3913043478261,23,,,GX010809.MP4,414.0136,54.2857142857143,25.7142857142857,20,35,,,,,,,,,,,,,,,,,,,GX020808.MP4,414.0136,7.89473684210526,73.6842105263158,18.4210526315789,38,,,,,,,,,,,,,,,,
GX010808.MP4,414.414,42.8571428571429,38.0952380952381,19.047619047619,21,,,GX010809.MP4,414.414,42.5,22.5,35,40,,,,,,,,,,,,,,,,,,,GX020808.MP4,414.414,35,50,15,20,,,,,,,,,,,,,,,,
GX010808.MP4,414.8144,37.5,41.6666666666667,20.8333333333333,24,,,GX010809.MP4,414.8144,35.1351351351351,35.1351351351351,29.7297297297297,37,,,,,,,,,,,,,,,,,,,GX020808.MP4,414.8144,35,35,30,20,,,,,,,,,,,,,,,,
GX010808.MP4,415.2148,19.047619047619,47.6190476190476,33.3333333333333,21,,,GX010809.MP4,415.2148,44.4444444444444,25,30.5555555555556,36,,,,,,,,,,,,,,,,,,,GX020808.MP4,415.2148,30.7692307692308,38.4615384615385,30.7692307692308,26,,,,,,,,,,,,,,,,
GX010808.MP4,415.6152,16.6666666666667,77.7777777777778,5.55555555555556,18,,,GX010809.MP4,415.6152,52.5,15,32.5,40,,,,,,,,,,,,,,,,,,,GX020808.MP4,415.6152,42.1052631578947,47.3684210526316,10.5263157894737,19,,,,,,,,,,,,,,,,
GX010808.MP4,416.0156,35.7142857142857,50,14.2857142857143,14,,,GX010809.MP4,416.0156,45.2380952380952,28.5714285714286,26.1904761904762,42,,,,,,,,,,,,,,,,,,,GX020808.MP4,416.0156,22.7272727272727,63.6363636363636,13.6363636363636,22,,,,,,,,,,,,,,,,
GX010808.MP4,416.416,31.25,37.5,31.25,16,,,GX010809.MP4,416.416,42.4242424242424,42.4242424242424,15.1515151515152,33,,,,,,,,,,,,,,,,,,,GX020808.MP4,416.416,33.3333333333333,25,41.6666666666667,12,,,,,,,,,,,,,,,,
GX010808.MP4,416.8164,30.4347826086957,43.4782608695652,26.0869565217391,23,,,GX010809.MP4,416.8164,43.75,50,6.25,32,,,,,,,,,,,,,,,,,,,GX020808.MP4,416.8164,25,58.3333333333333,16.6666666666667,12,,,,,,,,,,,,,,,,
GX010808.MP4,417.2168,23.0769230769231,53.8461538461539,23.0769230769231,26,,,GX010809.MP4,417.2168,50,37.5,12.5,48,,,,,,,,,,,,,,,,,,,GX020808.MP4,417.2168,21.0526315789474,42.1052631578947,36.8421052631579,19,,,,,,,,,,,,,,,,
GX010808.MP4,417.6172,41.9354838709677,32.258064516129,25.8064516129032,31,,,GX010809.MP4,417.6172,40.625,40.625,18.75,32,,,,,,,,,,,,,,,,,,,GX020808.MP4,417.6172,77.7777777777778,22.2222222222222,0,27,,,,,,,,,,,,,,,,
GX010808.MP4,418.0176,25,25,50,24,,,GX010809.MP4,418.0176,60.4651162790698,16.2790697674419,23.2558139534884,43,,,,,,,,,,,,,,,,,,,GX020808.MP4,418.0176,56.6666666666667,40,3.33333333333333,30,,,,,,,,,,,,,,,,
GX010808.MP4,418.418,26.3157894736842,36.8421052631579,36.8421052631579,19,,,GX010809.MP4,418.418,25.7142857142857,65.7142857142857,8.57142857142857,35,,,,,,,,,,,,,,,,,,,GX020808.MP4,418.418,45.8333333333333,41.6666666666667,12.5,24,,,,,,,,,,,,,,,,
GX010808.MP4,418.8184,25,50,25,20,,,GX010809.MP4,418.8184,20.4081632653061,65.3061224489796,14.2857142857143,49,,,,,,,,,,,,,,,,,,,GX020808.MP4,418.8184,41.6666666666667,33.3333333333333,25,24,,,,,,,,,,,,,,,,
GX010808.MP4,419.2188,27.7777777777778,33.3333333333333,38.8888888888889,18,,,GX010809.MP4,419.2188,20,60,20,45,,,,,,,,,,,,,,,,,,,GX020808.MP4,419.2188,41.025641025641,51.2820512820513,7.69230769230769,39,,,,,,,,,,,,,,,,
GX010808.MP4,419.6192,41.3793103448276,41.3793103448276,17.2413793103448,29,,,GX010809.MP4,419.6192,38.0952380952381,57.1428571428571,4.76190476190476,42,,,,,,,,,,,,,,,,,,,GX020808.MP4,419.6192,34.7826086956522,39.1304347826087,26.0869565217391,23,,,,,,,,,,,,,,,,
GX010808.MP4,420.0196,20.8333333333333,33.3333333333333,45.8333333333333,24,,,GX010809.MP4,420.0196,40,30,30,30,,,,,,,,,,,,,,,,,,,GX020808.MP4,420.0196,50,21.4285714285714,28.5714285714286,42,,,,,,,,,,,,,,,,
GX010808.MP4,420.42,35.2941176470588,47.0588235294118,17.6470588235294,17,,,GX010809.MP4,420.42,48.8372093023256,25.5813953488372,25.5813953488372,43,,,,,,,,,,,,,,,,,,,GX020808.MP4,420.42,29.4117647058824,35.2941176470588,35.2941176470588,17,,,,,,,,,,,,,,,,
GX010808.MP4,420.8204,15,60,25,20,,,GX010809.MP4,420.8204,51.5151515151515,30.3030303030303,18.1818181818182,33,,,,,,,,,,,,,,,,,,,GX020808.MP4,420.8204,42.1052631578947,31.5789473684211,26.3157894736842,19,,,,,,,,,,,,,,,,
GX010808.MP4,421.2208,33.3333333333333,42.8571428571429,23.8095238095238,21,,,GX010809.MP4,421.2208,33.3333333333333,35.7142857142857,30.952380952381,42,,,,,,,,,,,,,,,,,,,GX020808.MP4,421.2208,32,56,12,25,,,,,,,,,,,,,,,,
GX010808.MP4,421.6212,36,36,28,25,,,GX010809.MP4,421.6212,27.5,30,42.5,40,,,,,,,,,,,,,,,,,,,GX020808.MP4,421.6212,34.4827586206897,51.7241379310345,13.7931034482759,29,,,,,,,,,,,,,,,,
GX010808.MP4,422.0216,34.6153846153846,42.3076923076923,23.0769230769231,26,,,GX010809.MP4,422.0216,37.1428571428571,28.5714285714286,34.2857142857143,35,,,,,,,,,,,,,,,,,,,GX020808.MP4,422.0216,55.5555555555556,22.2222222222222,22.2222222222222,18,,,,,,,,,,,,,,,,
GX010808.MP4,422.422,17.6470588235294,58.8235294117647,23.5294117647059,17,,,GX010809.MP4,422.422,68.8888888888889,24.4444444444444,6.66666666666667,45,,,,,,,,,,,,,,,,,,,GX020808.MP4,422.422,57.1428571428571,23.8095238095238,19.047619047619,21,,,,,,,,,,,,,,,,
GX010808.MP4,422.8224,54.5454545454545,31.8181818181818,13.6363636363636,22,,,GX010809.MP4,422.8224,60.4166666666667,25,14.5833333333333,48,,,,,,,,,,,,,,,,,,,GX020808.MP4,422.8224,43.4782608695652,39.1304347826087,17.3913043478261,23,,,,,,,,,,,,,,,,
GX010808.MP4,423.2228,47.3684210526316,47.3684210526316,5.26315789473684,19,,,GX010809.MP4,423.2228,60.8695652173913,19.5652173913043,19.5652173913043,46,,,,,,,,,,,,,,,,,,,GX020808.MP4,423.2228,45.4545454545455,31.8181818181818,22.7272727272727,22,,,,,,,,,,,,,,,,
GX010808.MP4,423.6232,22.7272727272727,45.4545454545455,31.8181818181818,22,,,GX010809.MP4,423.6232,60,20,20,40,,,,,,,,,,,,,,,,,,,GX020808.MP4,423.6232,52.3809523809524,38.0952380952381,9.52380952380952,21,,,,,,,,,,,,,,,,
GX010808.MP4,424.0236,23.8095238095238,42.8571428571429,33.3333333333333,21,,,GX010809.MP4,424.0236,46.875,31.25,21.875,32,,,,,,,,,,,,,,,,,,,GX020808.MP4,424.0236,50,35.7142857142857,14.2857142857143,14,,,,,,,,,,,,,,,,
GX010808.MP4,424.424,26.6666666666667,43.3333333333333,30,30,,,GX010809.MP4,424.424,43.3333333333333,43.3333333333333,13.3333333333333,30,,,,,,,,,,,,,,,,,,,GX020808.MP4,424.424,46.4285714285714,35.7142857142857,17.8571428571429,28,,,,,,,,,,,,,,,,
GX010808.MP4,424.8244,41.3793103448276,44.8275862068966,13.7931034482759,29,,,GX010809.MP4,424.8244,37.9310344827586,48.2758620689655,13.7931034482759,29,,,,,,,,,,,,,,,,,,,GX020808.MP4,424.8244,39.3939393939394,42.4242424242424,18.1818181818182,33,,,,,,,,,,,,,,,,
GX010808.MP4,425.2248,31.5789473684211,42.1052631578947,26.3157894736842,38,,,GX010809.MP4,425.2248,37.037037037037,37.037037037037,25.9259259259259,27,,,,,,,,,,,,,,,,,,,GX020808.MP4,425.2248,28.9473684210526,52.6315789473684,18.4210526315789,38,,,,,,,,,,,,,,,,
GX010808.MP4,425.6252,16,56,28,25,,,GX010809.MP4,425.6252,54.5454545454545,25,20.4545454545455,44,,,,,,,,,,,,,,,,,,,GX020808.MP4,425.6252,31.0344827586207,44.8275862068966,24.1379310344828,29,,,,,,,,,,,,,,,,
GX010808.MP4,426.0256,26.6666666666667,60,13.3333333333333,15,,,GX010809.MP4,426.0256,41.6666666666667,33.3333333333333,25,24,,,,,,,,,,,,,,,,,,,GX020808.MP4,426.0256,35.7142857142857,32.1428571428571,32.1428571428571,28,,,,,,,,,,,,,,,,
GX010808.MP4,426.426,19.2307692307692,38.4615384615385,42.3076923076923,26,,,GX010809.MP4,426.426,20,73.3333333333333,6.66666666666667,15,,,,,,,,,,,,,,,,,,,GX020808.MP4,426.426,40.625,34.375,25,32,,,,,,,,,,,,,,,,
GX010808.MP4,426.8264,30.4347826086957,52.1739130434783,17.3913043478261,23,,,GX010809.MP4,426.8264,61.5384615384615,23.0769230769231,15.3846153846154,39,,,,,,,,,,,,,,,,,,,GX020808.MP4,426.8264,50,36.3636363636364,13.6363636363636,22,,,,,,,,,,,,,,,,
GX010808.MP4,427.2268,33.3333333333333,52.3809523809524,14.2857142857143,21,,,GX010809.MP4,427.2268,55.2631578947369,21.0526315789474,23.6842105263158,38,,,,,,,,,,,,,,,,,,,GX020808.MP4,427.2268,40.9090909090909,45.4545454545455,13.6363636363636,22,,,,,,,,,,,,,,,,
GX010808.MP4,427.6272,18.75,50,31.25,32,,,GX010809.MP4,427.6272,0,16,84,25,,,,,,,,,,,,,,,,,,,GX020808.MP4,427.6272,30.4347826086957,60.8695652173913,8.69565217391304,23,,,,,,,,,,,,,,,,
GX010808.MP4,428.0276,34.6153846153846,26.9230769230769,38.4615384615385,26,,,GX010809.MP4,428.0276,35.8974358974359,41.025641025641,23.0769230769231,39,,,,,,,,,,,,,,,,,,,GX020808.MP4,428.0276,54.5454545454545,31.8181818181818,13.6363636363636,22,,,,,,,,,,,,,,,,
GX010808.MP4,428.428,19.2307692307692,61.5384615384615,19.2307692307692,26,,,GX010809.MP4,428.428,34.8837209302326,62.7906976744186,2.32558139534884,43,,,,,,,,,,,,,,,,,,,GX020808.MP4,428.428,50,38.8888888888889,11.1111111111111,18,,,,,,,,,,,,,,,,
GX010808.MP4,428.8284,4.76190476190476,66.6666666666667,28.5714285714286,21,,,GX010809.MP4,428.8284,10.8108108108108,67.5675675675676,21.6216216216216,37,,,,,,,,,,,,,,,,,,,GX020808.MP4,428.8284,29.4117647058824,64.7058823529412,5.88235294117647,17,,,,,,,,,,,,,,,,
GX010808.MP4,429.2288,25,56.25,18.75,16,,,GX010809.MP4,429.2288,65.3846153846154,30.7692307692308,3.84615384615385,26,,,,,,,,,,,,,,,,,,,GX020808.MP4,429.2288,21.0526315789474,68.421052631579,10.5263157894737,19,,,,,,,,,,,,,,,,
GX010808.MP4,429.6292,42.1052631578947,42.1052631578947,15.7894736842105,19,,,GX010809.MP4,429.6292,20,60,20,5,,,,,,,,,,,,,,,,,,,GX020808.MP4,429.6292,23.0769230769231,76.9230769230769,0,13,,,,,,,,,,,,,,,,
GX010808.MP4,430.0296,23.0769230769231,53.8461538461539,23.0769230769231,26,,,GX010809.MP4,430.0296,26.0869565217391,60.8695652173913,13.0434782608696,23,,,,,,,,,,,,,,,,,,,GX020808.MP4,430.0296,33.3333333333333,57.1428571428571,9.52380952380952,21,,,,,,,,,,,,,,,,
GX010808.MP4,430.43,27.7777777777778,44.4444444444444,27.7777777777778,18,,,GX010809.MP4,430.43,21.6216216216216,70.2702702702703,8.10810810810811,37,,,,,,,,,,,,,,,,,,,GX020808.MP4,430.43,17.6470588235294,52.9411764705882,29.4117647058824,17,,,,,,,,,,,,,,,,
GX010808.MP4,430.8304,15,40,45,20,,,GX010809.MP4,430.8304,43.75,37.5,18.75,32,,,,,,,,,,,,,,,,,,,GX020808.MP4,430.8304,22.2222222222222,50,27.7777777777778,18,,,,,,,,,,,,,,,,
GX010808.MP4,431.2308,24.1379310344828,51.7241379310345,24.1379310344828,29,,,GX010809.MP4,431.2308,40,48.5714285714286,11.4285714285714,35,,,,,,,,,,,,,,,,,,,GX020808.MP4,431.2308,0,100,0,15,,,,,,,,,,,,,,,,
GX010808.MP4,431.6312,24.1379310344828,10.3448275862069,65.5172413793104,29,,,GX010809.MP4,431.6312,48.5714285714286,40,11.4285714285714,35,,,,,,,,,,,,,,,,,,,GX020808.MP4,431.6312,67.4418604651163,11.6279069767442,20.9302325581395,43,,,,,,,,,,,,,,,,
GX010808.MP4,432.0316,33.3333333333333,45.8333333333333,20.8333333333333,24,,,GX010809.MP4,432.0316,46,32,22,50,,,,,,,,,,,,,,,,,,,GX020808.MP4,432.0316,53.8461538461539,7.69230769230769,38.4615384615385,13,,,,,,,,,,,,,,,,
GX010808.MP4,432.432,15,35,50,20,,,GX010809.MP4,432.432,53.8461538461539,23.0769230769231,23.0769230769231,26,,,,,,,,,,,,,,,,,,,GX020808.MP4,432.432,14.8148148148148,70.3703703703704,14.8148148148148,27,,,,,,,,,,,,,,,,
GX010808.MP4,432.8324,33.3333333333333,41.6666666666667,25,24,,,GX010809.MP4,432.8324,45.4545454545455,33.3333333333333,21.2121212121212,33,,,,,,,,,,,,,,,,,,,GX020808.MP4,432.8324,18.1818181818182,63.6363636363636,18.1818181818182,11,,,,,,,,,,,,,,,,
GX010808.MP4,433.2328,15.3846153846154,61.5384615384615,23.0769230769231,26,,,GX010809.MP4,433.2328,36.3636363636364,42.4242424242424,21.2121212121212,33,,,,,,,,,,,,,,,,,,,GX020808.MP4,433.2328,31.4285714285714,22.8571428571429,45.7142857142857,35,,,,,,,,,,,,,,,,
GX010808.MP4,433.6332,25.8064516129032,29.0322580645161,45.1612903225806,31,,,GX010809.MP4,433.6332,25,50,25,32,,,,,,,,,,,,,,,,,,,GX020808.MP4,433.6332,35,60,5,20,,,,,,,,,,,,,,,,
GX010808.MP4,434.0336,60,32,8,25,,,GX010809.MP4,434.0336,30.3030303030303,48.4848484848485,21.2121212121212,33,,,,,,,,,,,,,,,,,,,GX020808.MP4,434.0336,41.1764705882353,17.6470588235294,41.1764705882353,17,,,,,,,,,,,,,,,,
GX010808.MP4,434.434,45.4545454545455,40.9090909090909,13.6363636363636,22,,,GX010809.MP4,434.434,28.125,50,21.875,32,,,,,,,,,,,,,,,,,,,GX020808.MP4,434.434,29.7297297297297,51.3513513513514,18.9189189189189,37,,,,,,,,,,,,,,,,
GX010808.MP4,434.8344,43.3333333333333,36.6666666666667,20,30,,,GX010809.MP4,434.8344,21.6216216216216,56.7567567567568,21.6216216216216,37,,,,,,,,,,,,,,,,,,,GX020808.MP4,434.8344,46.1538461538462,23.0769230769231,30.7692307692308,13,,,,,,,,,,,,,,,,
GX010808.MP4,435.2348,55.5555555555556,44.4444444444444,0,27,,,GX010809.MP4,435.2348,40,47.5,12.5,40,,,,,,,,,,,,,,,,,,,GX020808.MP4,435.2348,60,20,20,15,,,,,,,,,,,,,,,,
GX010808.MP4,435.6352,38.0952380952381,47.6190476190476,14.2857142857143,21,,,GX010809.MP4,435.6352,39.3939393939394,51.5151515151515,9.09090909090909,33,,,,,,,,,,,,,,,,,,,GX020808.MP4,435.6352,62.5,12.5,25,8,,,,,,,,,,,,,,,,
GX010808.MP4,436.0356,40.625,50,9.375,32,,,GX010809.MP4,436.0356,45.4545454545455,48.4848484848485,6.06060606060606,33,,,,,,,,,,,,,,,,,,,GX020808.MP4,436.0356,37.5,53.125,9.375,32,,,,,,,,,,,,,,,,
GX010808.MP4,436.436,40,55,5,20,,,GX010809.MP4,436.436,30.7692307692308,56.4102564102564,12.8205128205128,39,,,,,,,,,,,,,,,,,,,GX020808.MP4,436.436,51.3513513513514,37.8378378378378,10.8108108108108,37,,,,,,,,,,,,,,,,
GX010808.MP4,436.8364,50,25,25,16,,,GX010809.MP4,436.8364,20.6896551724138,72.4137931034483,6.89655172413793,29,,,,,,,,,,,,,,,,,,,GX020808.MP4,436.8364,61.9047619047619,16.6666666666667,21.4285714285714,42,,,,,,,,,,,,,,,,
GX010808.MP4,437.2368,14.2857142857143,78.5714285714286,7.14285714285714,14,,,GX010809.MP4,437.2368,47.2222222222222,38.8888888888889,13.8888888888889,36,,,,,,,,,,,,,,,,,,,GX020808.MP4,437.2368,34.6153846153846,23.0769230769231,42.3076923076923,26,,,,,,,,,,,,,,,,
GX010808.MP4,437.6372,35.7142857142857,57.1428571428571,7.14285714285714,28,,,GX010809.MP4,437.6372,57.1428571428571,28.5714285714286,14.2857142857143,28,,,,,,,,,,,,,,,,,,,GX020808.MP4,437.6372,36.3636363636364,21.2121212121212,42.4242424242424,33,,,,,,,,,,,,,,,,
GX010808.MP4,438.0376,25,68.75,6.25,16,,,GX010809.MP4,438.0376,47.6190476190476,42.8571428571429,9.52380952380952,42,,,,,,,,,,,,,,,,,,,GX020808.MP4,438.0376,33.3333333333333,25.9259259259259,40.7407407407407,27,,,,,,,,,,,,,,,,
GX010808.MP4,438.438,20,60,20,15,,,GX010809.MP4,438.438,35.4166666666667,37.5,27.0833333333333,48,,,,,,,,,,,,,,,,,,,GX020808.MP4,438.438,36.3636363636364,24.2424242424242,39.3939393939394,33,,,,,,,,,,,,,,,,
GX010808.MP4,438.8384,12.5,33.3333333333333,54.1666666666667,24,,,GX010809.MP4,438.8384,55.8139534883721,20.9302325581395,23.2558139534884,43,,,,,,,,,,,,,,,,,,,GX020808.MP4,438.8384,51.8518518518519,18.5185185185185,29.6296296296296,27,,,,,,,,,,,,,,,,
GX010808.MP4,439.2388,64.5161290322581,25.8064516129032,9.67741935483871,31,,,GX010809.MP4,439.2388,38.4615384615385,41.025641025641,20.5128205128205,39,,,,,,,,,,,,,,,,,,,GX020808.MP4,439.2388,36.1111111111111,30.5555555555556,33.3333333333333,36,,,,,,,,,,,,,,,,
GX010808.MP4,439.6392,23.8095238095238,47.6190476190476,28.5714285714286,21,,,GX010809.MP4,439.6392,34.6153846153846,34.6153846153846,30.7692307692308,52,,,,,,,,,,,,,,,,,,,GX020808.MP4,439.6392,34.6153846153846,30.7692307692308,34.6153846153846,26,,,,,,,,,,,,,,,,
GX010808.MP4,440.0396,26.6666666666667,50,23.3333333333333,30,,,GX010809.MP4,440.0396,39.4736842105263,31.5789473684211,28.9473684210526,38,,,,,,,,,,,,,,,,,,,GX020808.MP4,440.0396,73.3333333333333,13.3333333333333,13.3333333333333,15,,,,,,,,,,,,,,,,
GX010808.MP4,440.44,33.3333333333333,61.1111111111111,5.55555555555556,36,,,GX010809.MP4,440.44,46.6666666666667,17.7777777777778,35.5555555555556,45,,,,,,,,,,,,,,,,,,,GX020808.MP4,440.44,50,32.1428571428571,17.8571428571429,28,,,,,,,,,,,,,,,,
GX010808.MP4,440.8404,37.8378378378378,59.4594594594595,2.7027027027027,37,,,GX010809.MP4,440.8404,46.1538461538462,33.3333333333333,20.5128205128205,39,,,,,,,,,,,,,,,,,,,GX020808.MP4,440.8404,25,0,75,4,,,,,,,,,,,,,,,,
GX010808.MP4,441.2408,24.2424242424242,63.6363636363636,12.1212121212121,33,,,GX010809.MP4,441.2408,28.125,53.125,18.75,32,,,,,,,,,,,,,,,,,,,GX020808.MP4,441.2408,0,40,60,5,,,,,,,,,,,,,,,,
GX010808.MP4,441.6412,35,40,25,20,,,GX010809.MP4,441.6412,25,58.3333333333333,16.6666666666667,24,,,,,,,,,,,,,,,,,,,GX020808.MP4,441.6412,50,33.3333333333333,16.6666666666667,6,,,,,,,,,,,,,,,,
GX010808.MP4,442.0416,5.26315789473684,73.6842105263158,21.0526315789474,19,,,GX010809.MP4,442.0416,9.52380952380952,57.1428571428571,33.3333333333333,21,,,,,,,,,,,,,,,,,,,GX020808.MP4,442.0416,10,25,65,20,,,,,,,,,,,,,,,,
GX010808.MP4,442.442,0,69.5652173913043,30.4347826086957,23,,,GX010809.MP4,442.442,34.1463414634146,21.9512195121951,43.9024390243903,41,,,,,,,,,,,,,,,,,,,GX020808.MP4,442.442,0,40,60,15,,,,,,,,,,,,,,,,
GX010808.MP4,442.8424,11.1111111111111,59.2592592592593,29.6296296296296,27,,,GX010809.MP4,442.8424,37.5,37.5,25,40,,,,,,,,,,,,,,,,,,,GX020808.MP4,442.8424,18.5185185185185,14.8148148148148,66.6666666666667,27,,,,,,,,,,,,,,,,
GX010808.MP4,443.2428,8.33333333333333,63.8888888888889,27.7777777777778,36,,,GX010809.MP4,443.2428,66.6666666666667,0,33.3333333333333,9,,,,,,,,,,,,,,,,,,,GX020808.MP4,443.2428,0,75.8620689655172,24.1379310344828,29,,,,,,,,,,,,,,,,
GX010808.MP4,443.6432,12.9032258064516,70.9677419354839,16.1290322580645,31,,,GX010809.MP4,443.6432,56.25,18.75,25,16,,,,,,,,,,,,,,,,,,,GX020808.MP4,443.6432,11.1111111111111,33.3333333333333,55.5555555555556,9,,,,,,,,,,,,,,,,
GX010808.MP4,444.0436,10.7142857142857,75,14.2857142857143,28,,,GX010809.MP4,444.0436,31.8181818181818,68.1818181818182,0,22,,,,,,,,,,,,,,,,,,,GX020808.MP4,444.0436,42.8571428571429,14.2857142857143,42.8571428571429,28,,,,,,,,,,,,,,,,
GX010808.MP4,444.444,3.57142857142857,75,21.4285714285714,28,,,GX010809.MP4,444.444,39.2857142857143,57.1428571428571,3.57142857142857,28,,,,,,,,,,,,,,,,,,,GX020808.MP4,444.444,41.1764705882353,47.0588235294118,11.7647058823529,17,,,,,,,,,,,,,,,,
GX010808.MP4,444.8444,21.7391304347826,65.2173913043478,13.0434782608696,23,,,GX010809.MP4,444.8444,34.4827586206897,41.3793103448276,24.1379310344828,29,,,,,,,,,,,,,,,,,,,GX020808.MP4,444.8444,30,40,30,10,,,,,,,,,,,,,,,,
GX010808.MP4,445.2448,16.6666666666667,66.6666666666667,16.6666666666667,12,,,GX010809.MP4,445.2448,40,40,20,30,,,,,,,,,,,,,,,,,,,GX020808.MP4,445.2448,16,60,24,25,,,,,,,,,,,,,,,,
GX010808.MP4,445.6452,18.1818181818182,72.7272727272727,9.09090909090909,11,,,GX010809.MP4,445.6452,29.6296296296296,25.9259259259259,44.4444444444444,27,,,,,,,,,,,,,,,,,,,GX020808.MP4,445.6452,43.4782608695652,30.4347826086957,26.0869565217391,23,,,,,,,,,,,,,,,,
GX010808.MP4,446.0456,25,62.5,12.5,24,,,GX010809.MP4,446.0456,36.8421052631579,21.0526315789474,42.1052631578947,19,,,,,,,,,,,,,,,,,,,GX020808.MP4,446.0456,64.5161290322581,22.5806451612903,12.9032258064516,31,,,,,,,,,,,,,,,,
GX010808.MP4,446.446,4.76190476190476,71.4285714285714,23.8095238095238,21,,,GX010809.MP4,446.446,37.037037037037,29.6296296296296,33.3333333333333,27,,,,,,,,,,,,,,,,,,,GX020808.MP4,446.446,66.6666666666667,22.2222222222222,11.1111111111111,36,,,,,,,,,,,,,,,,
GX010808.MP4,446.8464,11.7647058823529,67.6470588235294,20.5882352941176,34,,,GX010809.MP4,446.8464,32,32,36,25,,,,,,,,,,,,,,,,,,,GX020808.MP4,446.8464,73.0769230769231,15.3846153846154,11.5384615384615,26,,,,,,,,,,,,,,,,
GX010808.MP4,447.2468,7.14285714285714,71.4285714285714,21.4285714285714,28,,,GX010809.MP4,447.2468,26.4705882352941,14.7058823529412,58.8235294117647,34,,,,,,,,,,,,,,,,,,,GX020808.MP4,447.2468,64.5161290322581,12.9032258064516,22.5806451612903,31,,,,,,,,,,,,,,,,
GX010808.MP4,447.6472,10,56.6666666666667,33.3333333333333,30,,,GX010809.MP4,447.6472,47.0588235294118,35.2941176470588,17.6470588235294,34,,,,,,,,,,,,,,,,,,,GX020808.MP4,447.6472,40.7407407407407,33.3333333333333,25.9259259259259,27,,,,,,,,,,,,,,,,
GX010808.MP4,448.0476,3.03030303030303,66.6666666666667,30.3030303030303,33,,,GX010809.MP4,448.0476,37.8378378378378,45.945945945946,16.2162162162162,37,,,,,,,,,,,,,,,,,,,GX020808.MP4,448.0476,33.3333333333333,55.5555555555556,11.1111111111111,9,,,,,,,,,,,,,,,,
GX010808.MP4,448.448,18.1818181818182,45.4545454545455,36.3636363636364,33,,,GX010809.MP4,448.448,47.2222222222222,50,2.77777777777778,36,,,,,,,,,,,,,,,,,,,GX020808.MP4,448.448,15.7894736842105,21.0526315789474,63.1578947368421,19,,,,,,,,,,,,,,,,
GX010808.MP4,448.8484,13.6363636363636,59.0909090909091,27.2727272727273,22,,,GX010809.MP4,448.8484,28.5714285714286,42.8571428571429,28.5714285714286,21,,,,,,,,,,,,,,,,,,,GX020808.MP4,448.8484,39.1304347826087,13.0434782608696,47.8260869565217,23,,,,,,,,,,,,,,,,
GX010808.MP4,449.2488,29.0322580645161,45.1612903225806,25.8064516129032,31,,,GX010809.MP4,449.2488,52.1739130434783,34.7826086956522,13.0434782608696,23,,,,,,,,,,,,,,,,,,,GX020808.MP4,449.2488,25.8064516129032,19.3548387096774,54.8387096774194,31,,,,,,,,,,,,,,,,
GX010808.MP4,449.6492,26.0869565217391,47.8260869565217,26.0869565217391,23,,,GX010809.MP4,449.6492,37.5,41.6666666666667,20.8333333333333,24,,,,,,,,,,,,,,,,,,,GX020808.MP4,449.6492,24,24,52,25,,,,,,,,,,,,,,,,
GX010808.MP4,450.0496,11.7647058823529,58.8235294117647,29.4117647058824,34,,,GX010809.MP4,450.0496,48,24,28,25,,,,,,,,,,,,,,,,,,,GX020808.MP4,450.0496,33.3333333333333,20.8333333333333,45.8333333333333,24,,,,,,,,,,,,,,,,
GX010808.MP4,450.45,17.3913043478261,34.7826086956522,47.8260869565217,23,,,GX010809.MP4,450.45,29.1666666666667,37.5,33.3333333333333,24,,,,,,,,,,,,,,,,,,,GX020808.MP4,450.45,30,25,45,20,,,,,,,,,,,,,,,,
GX010808.MP4,450.8504,14.2857142857143,46.4285714285714,39.2857142857143,28,,,GX010809.MP4,450.8504,29.6296296296296,59.2592592592593,11.1111111111111,27,,,,,,,,,,,,,,,,,,,GX020808.MP4,450.8504,28.5714285714286,32.1428571428571,39.2857142857143,28,,,,,,,,,,,,,,,,
GX010808.MP4,451.2508,14.7058823529412,50,35.2941176470588,34,,,GX010809.MP4,451.2508,29.2682926829268,56.0975609756098,14.6341463414634,41,,,,,,,,,,,,,,,,,,,GX020808.MP4,451.2508,33.3333333333333,0,66.6666666666667,12,,,,,,,,,,,,,,,,
GX010808.MP4,451.6512,12.1212121212121,63.6363636363636,24.2424242424242,33,,,GX010809.MP4,451.6512,40,30,30,40,,,,,,,,,,,,,,,,,,,GX020808.MP4,451.6512,52.9411764705882,23.5294117647059,23.5294117647059,17,,,,,,,,,,,,,,,,
GX010808.MP4,452.0516,14.2857142857143,71.4285714285714,14.2857142857143,21,,,GX010809.MP4,452.0516,54.2857142857143,28.5714285714286,17.1428571428571,35,,,,,,,,,,,,,,,,,,,GX020808.MP4,452.0516,16.6666666666667,11.1111111111111,72.2222222222222,18,,,,,,,,,,,,,,,,
GX010808.MP4,452.452,10.7142857142857,71.4285714285714,17.8571428571429,28,,,GX010809.MP4,452.452,33.3333333333333,29.1666666666667,37.5,24,,,,,,,,,,,,,,,,,,,GX020808.MP4,452.452,61.5384615384615,15.3846153846154,23.0769230769231,13,,,,,,,,,,,,,,,,
GX010808.MP4,452.8524,14.2857142857143,71.4285714285714,14.2857142857143,28,,,GX010809.MP4,452.8524,23.3333333333333,43.3333333333333,33.3333333333333,30,,,,,,,,,,,,,,,,,,,GX020808.MP4,452.8524,28.5714285714286,38.0952380952381,33.3333333333333,21,,,,,,,,,,,,,,,,
GX010808.MP4,453.2528,21.4285714285714,60.7142857142857,17.8571428571429,28,,,GX010809.MP4,453.2528,41.9354838709677,35.4838709677419,22.5806451612903,31,,,,,,,,,,,,,,,,,,,GX020808.MP4,453.2528,15.3846153846154,46.1538461538462,38.4615384615385,13,,,,,,,,,,,,,,,,
GX010808.MP4,453.6532,3.125,43.75,53.125,32,,,GX010809.MP4,453.6532,11.1111111111111,66.6666666666667,22.2222222222222,18,,,,,,,,,,,,,,,,,,,GX020808.MP4,453.6532,27.5862068965517,51.7241379310345,20.6896551724138,29,,,,,,,,,,,,,,,,
GX010808.MP4,454.0536,17.8571428571429,53.5714285714286,28.5714285714286,28,,,GX010809.MP4,454.0536,10,87.5,2.5,40,,,,,,,,,,,,,,,,,,,GX020808.MP4,454.0536,15,55,30,20,,,,,,,,,,,,,,,,
GX010808.MP4,454.454,11.7647058823529,64.7058823529412,23.5294117647059,34,,,GX010809.MP4,454.454,28,60,12,25,,,,,,,,,,,,,,,,,,,GX020808.MP4,454.454,75,12.5,12.5,8,,,,,,,,,,,,,,,,
GX010808.MP4,454.8544,17.1428571428571,54.2857142857143,28.5714285714286,35,,,GX010809.MP4,454.8544,45.4545454545455,36.3636363636364,18.1818181818182,44,,,,,,,,,,,,,,,,,,,GX020808.MP4,454.8544,53.3333333333333,26.6666666666667,20,15,,,,,,,,,,,,,,,,
GX010808.MP4,455.2548,6.66666666666667,53.3333333333333,40,30,,,GX010809.MP4,455.2548,43.2432432432432,40.5405405405405,16.2162162162162,37,,,,,,,,,,,,,,,,,,,GX020808.MP4,455.2548,15.7894736842105,63.1578947368421,21.0526315789474,19,,,,,,,,,,,,,,,,
GX010808.MP4,455.6552,10.3448275862069,48.2758620689655,41.3793103448276,29,,,GX010809.MP4,455.6552,40,31.4285714285714,28.5714285714286,35,,,,,,,,,,,,,,,,,,,GX020808.MP4,455.6552,28,24,48,25,,,,,,,,,,,,,,,,
GX010808.MP4,456.0556,15.3846153846154,46.1538461538462,38.4615384615385,26,,,GX010809.MP4,456.0556,48.5714285714286,31.4285714285714,20,35,,,,,,,,,,,,,,,,,,,GX020808.MP4,456.0556,56.6666666666667,13.3333333333333,30,30,,,,,,,,,,,,,,,,
GX010808.MP4,456.456,13.0434782608696,47.8260869565217,39.1304347826087,23,,,GX010809.MP4,456.456,35.7142857142857,40.4761904761905,23.8095238095238,42,,,,,,,,,,,,,,,,,,,GX020808.MP4,456.456,56.25,25,18.75,32,,,,,,,,,,,,,,,,
GX010808.MP4,456.8564,25,33.3333333333333,41.6666666666667,24,,,GX010809.MP4,456.8564,48.8372093023256,27.906976744186,23.2558139534884,43,,,,,,,,,,,,,,,,,,,GX020808.MP4,456.8564,60,26.6666666666667,13.3333333333333,30,,,,,,,,,,,,,,,,
GX010808.MP4,457.2568,15.3846153846154,38.4615384615385,46.1538461538462,26,,,GX010809.MP4,457.2568,39.0243902439024,36.5853658536585,24.390243902439,41,,,,,,,,,,,,,,,,,,,GX020808.MP4,457.2568,7.14285714285714,92.8571428571429,0,28,,,,,,,,,,,,,,,,
GX010808.MP4,457.6572,18.5185185185185,44.4444444444444,37.037037037037,27,,,GX010809.MP4,457.6572,35.4838709677419,19.3548387096774,45.1612903225806,31,,,,,,,,,,,,,,,,,,,GX020808.MP4,457.6572,4.54545454545455,90.9090909090909,4.54545454545455,22,,,,,,,,,,,,,,,,
GX010808.MP4,458.0576,9.52380952380952,57.1428571428571,33.3333333333333,21,,,GX010809.MP4,458.0576,28,44,28,25,,,,,,,,,,,,,,,,,,,GX020808.MP4,458.0576,12.5,75,12.5,24,,,,,,,,,,,,,,,,
GX010808.MP4,458.458,9.09090909090909,72.7272727272727,18.1818181818182,22,,,GX010809.MP4,458.458,43.4782608695652,43.4782608695652,13.0434782608696,23,,,,,,,,,,,,,,,,,,,GX020808.MP4,458.458,20,60,20,25,,,,,,,,,,,,,,,,
GX010808.MP4,458.8584,7.69230769230769,69.2307692307692,23.0769230769231,26,,,GX010809.MP4,458.8584,28.125,56.25,15.625,32,,,,,,,,,,,,,,,,,,,GX020808.MP4,458.8584,54.5454545454545,27.2727272727273,18.1818181818182,11,,,,,,,,,,,,,,,,
GX010808.MP4,459.2588,7.40740740740741,66.6666666666667,25.9259259259259,27,,,GX010809.MP4,459.2588,29.0322580645161,45.1612903225806,25.8064516129032,31,,,,,,,,,,,,,,,,,,,GX020808.MP4,459.2588,31.25,25,43.75,16,,,,,,,,,,,,,,,,
GX010808.MP4,459.6592,13.0434782608696,39.1304347826087,47.8260869565217,23,,,GX010809.MP4,459.6592,17.8571428571429,46.4285714285714,35.7142857142857,28,,,,,,,,,,,,,,,,,,,GX020808.MP4,459.6592,14.2857142857143,50,35.7142857142857,14,,,,,,,,,,,,,,,,
GX010808.MP4,460.0596,8,72,20,25,,,GX010809.MP4,460.0596,20,50,30,30,,,,,,,,,,,,,,,,,,,GX020808.MP4,460.0596,23.0769230769231,38.4615384615385,38.4615384615385,13,,,,,,,,,,,,,,,,
GX010808.MP4,460.46,10.5263157894737,57.8947368421053,31.5789473684211,19,,,GX010809.MP4,460.46,19.3548387096774,51.6129032258065,29.0322580645161,31,,,,,,,,,,,,,,,,,,,GX020808.MP4,460.46,53.3333333333333,26.6666666666667,20,15,,,,,,,,,,,,,,,,
GX010808.MP4,460.8604,8.33333333333333,75,16.6666666666667,24,,,GX010809.MP4,460.8604,26.0869565217391,47.8260869565217,26.0869565217391,23,,,,,,,,,,,,,,,,,,,GX020808.MP4,460.8604,16.6666666666667,41.6666666666667,41.6666666666667,12,,,,,,,,,,,,,,,,
GX010808.MP4,461.2608,10.7142857142857,60.7142857142857,28.5714285714286,28,,,GX010809.MP4,461.2608,33.3333333333333,51.8518518518519,14.8148148148148,27,,,,,,,,,,,,,,,,,,,GX020808.MP4,461.2608,23.5294117647059,35.2941176470588,41.1764705882353,17,,,,,,,,,,,,,,,,
GX010808.MP4,461.6612,16.1290322580645,61.2903225806452,22.5806451612903,31,,,GX010809.MP4,461.6612,34.6153846153846,30.7692307692308,34.6153846153846,26,,,,,,,,,,,,,,,,,,,GX020808.MP4,461.6612,43.4782608695652,39.1304347826087,17.3913043478261,23,,,,,,,,,,,,,,,,
GX010808.MP4,462.0616,11.1111111111111,48.1481481481481,40.7407407407407,27,,,GX010809.MP4,462.0616,38.7096774193548,32.258064516129,29.0322580645161,31,,,,,,,,,,,,,,,,,,,GX020808.MP4,462.0616,50,28.5714285714286,21.4285714285714,14,,,,,,,,,,,,,,,,
GX010808.MP4,462.462,20.6896551724138,55.1724137931034,24.1379310344828,29,,,GX010809.MP4,462.462,40,37.1428571428571,22.8571428571429,35,,,,,,,,,,,,,,,,,,,GX020808.MP4,462.462,50,25,25,16,,,,,,,,,,,,,,,,
GX010808.MP4,462.8624,27.5862068965517,58.6206896551724,13.7931034482759,29,,,GX010809.MP4,462.8624,27.7777777777778,41.6666666666667,30.5555555555556,36,,,,,,,,,,,,,,,,,,,GX020808.MP4,462.8624,54.5454545454545,22.7272727272727,22.7272727272727,22,,,,,,,,,,,,,,,,
GX010808.MP4,463.2628,22.2222222222222,55.5555555555556,22.2222222222222,27,,,GX010809.MP4,463.2628,3.125,90.625,6.25,32,,,,,,,,,,,,,,,,,,,GX020808.MP4,463.2628,53.3333333333333,33.3333333333333,13.3333333333333,15,,,,,,,,,,,,,,,,
GX010808.MP4,463.6632,0,55,45,20,,,GX010809.MP4,463.6632,7.89473684210526,84.2105263157895,7.89473684210526,38,,,,,,,,,,,,,,,,,,,GX020808.MP4,463.6632,44.4444444444444,22.2222222222222,33.3333333333333,18,,,,,,,,,,,,,,,,
GX010808.MP4,464.0636,10,63.3333333333333,26.6666666666667,30,,,GX010809.MP4,464.0636,25,45,30,20,,,,,,,,,,,,,,,,,,,GX020808.MP4,464.0636,35.2941176470588,11.7647058823529,52.9411764705882,17,,,,,,,,,,,,,,,,
GX010808.MP4,464.464,7.69230769230769,57.6923076923077,34.6153846153846,26,,,GX010809.MP4,464.464,25,36.1111111111111,38.8888888888889,36,,,,,,,,,,,,,,,,,,,GX020808.MP4,464.464,30,20,50,20,,,,,,,,,,,,,,,,
GX010808.MP4,464.8644,7.69230769230769,76.9230769230769,15.3846153846154,26,,,GX010809.MP4,464.8644,13.6363636363636,72.7272727272727,13.6363636363636,22,,,,,,,,,,,,,,,,,,,GX020808.MP4,464.8644,61.5384615384615,30.7692307692308,7.69230769230769,13,,,,,,,,,,,,,,,,
GX010808.MP4,465.2648,25,62.5,12.5,16,,,GX010809.MP4,465.2648,5.55555555555556,61.1111111111111,33.3333333333333,18,,,,,,,,,,,,,,,,,,,GX020808.MP4,465.2648,36.8421052631579,31.5789473684211,31.5789473684211,19,,,,,,,,,,,,,,,,
GX010808.MP4,465.6652,0,84.6153846153846,15.3846153846154,13,,,GX010809.MP4,465.6652,14.2857142857143,57.1428571428571,28.5714285714286,14,,,,,,,,,,,,,,,,,,,GX020808.MP4,465.6652,32,36,32,25,,,,,,,,,,,,,,,,
GX010808.MP4,466.0656,18.5185185185185,40.7407407407407,40.7407407407407,27,,,GX010809.MP4,466.0656,18.5185185185185,59.2592592592593,22.2222222222222,27,,,,,,,,,,,,,,,,,,,GX020808.MP4,466.0656,44.4444444444444,22.2222222222222,33.3333333333333,9,,,,,,,,,,,,,,,,
GX010808.MP4,466.466,4,68,28,25,,,GX010809.MP4,466.466,18.6046511627907,53.4883720930233,27.906976744186,43,,,,,,,,,,,,,,,,,,,GX020808.MP4,466.466,37.5,18.75,43.75,16,,,,,,,,,,,,,,,,
GX010808.MP4,466.8664,6.45161290322581,70.9677419354839,22.5806451612903,31,,,GX010809.MP4,466.8664,27.5862068965517,51.7241379310345,20.6896551724138,29,,,,,,,,,,,,,,,,,,,GX020808.MP4,466.8664,40,40,20,15,,,,,,,,,,,,,,,,
GX010808.MP4,467.2668,8,68,24,25,,,GX010809.MP4,467.2668,46.4285714285714,28.5714285714286,25,28,,,,,,,,,,,,,,,,,,,GX020808.MP4,467.2668,18.75,75,6.25,16,,,,,,,,,,,,,,,,
GX010808.MP4,467.6672,8.33333333333333,54.1666666666667,37.5,24,,,GX010809.MP4,467.6672,52,40,8,25,,,,,,,,,,,,,,,,,,,GX020808.MP4,467.6672,21.4285714285714,64.2857142857143,14.2857142857143,14,,,,,,,,,,,,,,,,
GX010808.MP4,468.0676,23.0769230769231,38.4615384615385,38.4615384615385,26,,,GX010809.MP4,468.0676,27.7777777777778,58.3333333333333,13.8888888888889,36,,,,,,,,,,,,,,,,,,,GX020808.MP4,468.0676,51.7241379310345,44.8275862068966,3.44827586206897,29,,,,,,,,,,,,,,,,
GX010808.MP4,468.468,10.7142857142857,57.1428571428571,32.1428571428571,28,,,GX010809.MP4,468.468,34.375,50,15.625,32,,,,,,,,,,,,,,,,,,,GX020808.MP4,468.468,50,31.25,18.75,16,,,,,,,,,,,,,,,,
GX010808.MP4,468.8684,3.33333333333333,53.3333333333333,43.3333333333333,30,,,GX010809.MP4,468.8684,43.4782608695652,41.304347826087,15.2173913043478,46,,,,,,,,,,,,,,,,,,,GX020808.MP4,468.8684,50,31.25,18.75,16,,,,,,,,,,,,,,,,
GX010808.MP4,469.2688,4.16666666666667,83.3333333333333,12.5,24,,,GX010809.MP4,469.2688,38.4615384615385,43.5897435897436,17.948717948718,39,,,,,,,,,,,,,,,,,,,GX020808.MP4,469.2688,31.5789473684211,31.5789473684211,36.8421052631579,19,,,,,,,,,,,,,,,,
GX010808.MP4,469.6692,3.2258064516129,48.3870967741936,48.3870967741936,31,,,GX010809.MP4,469.6692,45,42.5,12.5,40,,,,,,,,,,,,,,,,,,,GX020808.MP4,469.6692,62.5,25,12.5,24,,,,,,,,,,,,,,,,
GX010808.MP4,470.0696,23.0769230769231,46.1538461538462,30.7692307692308,26,,,GX010809.MP4,470.0696,50,44.1176470588235,5.88235294117647,34,,,,,,,,,,,,,,,,,,,GX020808.MP4,470.0696,37.037037037037,29.6296296296296,33.3333333333333,27,,,,,,,,,,,,,,,,
GX010808.MP4,470.47,23.0769230769231,42.3076923076923,34.6153846153846,26,,,GX010809.MP4,470.47,51.4285714285714,42.8571428571429,5.71428571428571,35,,,,,,,,,,,,,,,,,,,GX020808.MP4,470.47,36,32,32,25,,,,,,,,,,,,,,,,
GX010808.MP4,470.8704,13.0434782608696,56.5217391304348,30.4347826086957,23,,,GX010809.MP4,470.8704,55.8823529411765,41.1764705882353,2.94117647058824,34,,,,,,,,,,,,,,,,,,,GX020808.MP4,470.8704,41.6666666666667,33.3333333333333,25,24,,,,,,,,,,,,,,,,
GX010808.MP4,471.2708,6.06060606060606,66.6666666666667,27.2727272727273,33,,,GX010809.MP4,471.2708,58.0645161290323,38.7096774193548,3.2258064516129,31,,,,,,,,,,,,,,,,,,,GX020808.MP4,471.2708,50,25,25,20,,,,,,,,,,,,,,,,
GX010808.MP4,471.6712,16.1290322580645,58.0645161290323,25.8064516129032,31,,,GX010809.MP4,471.6712,64.5161290322581,25.8064516129032,9.67741935483871,31,,,,,,,,,,,,,,,,,,,GX020808.MP4,471.6712,52.1739130434783,26.0869565217391,21.7391304347826,23,,,,,,,,,,,,,,,,
GX010808.MP4,472.0716,13.7931034482759,62.0689655172414,24.1379310344828,29,,,GX010809.MP4,472.0716,50,40.625,9.375,32,,,,,,,,,,,,,,,,,,,GX020808.MP4,472.0716,48.2758620689655,37.9310344827586,13.7931034482759,29,,,,,,,,,,,,,,,,
GX010808.MP4,472.472,16.6666666666667,46.6666666666667,36.6666666666667,30,,,GX010809.MP4,472.472,50,46.1538461538462,3.84615384615385,26,,,,,,,,,,,,,,,,,,,GX020808.MP4,472.472,65.3846153846154,26.9230769230769,7.69230769230769,26,,,,,,,,,,,,,,,,
GX010808.MP4,472.8724,10.5263157894737,57.8947368421053,31.5789473684211,19,,,GX010809.MP4,472.8724,62.8571428571429,34.2857142857143,2.85714285714286,35,,,,,,,,,,,,,,,,,,,GX020808.MP4,472.8724,60,23.3333333333333,16.6666666666667,30,,,,,,,,,,,,,,,,
GX010808.MP4,473.2728,5.55555555555556,83.3333333333333,11.1111111111111,18,,,GX010809.MP4,473.2728,40,42.8571428571429,17.1428571428571,35,,,,,,,,,,,,,,,,,,,GX020808.MP4,473.2728,50,33.3333333333333,16.6666666666667,18,,,,,,,,,,,,,,,,
GX010808.MP4,473.6732,16.6666666666667,55.5555555555556,27.7777777777778,18,,,GX010809.MP4,473.6732,21.2121212121212,66.6666666666667,12.1212121212121,33,,,,,,,,,,,,,,,,,,,GX020808.MP4,473.6732,59.0909090909091,31.8181818181818,9.09090909090909,22,,,,,,,,,,,,,,,,
GX010808.MP4,474.0736,9.09090909090909,59.0909090909091,31.8181818181818,22,,,GX010809.MP4,474.0736,34.1463414634146,48.7804878048781,17.0731707317073,41,,,,,,,,,,,,,,,,,,,GX020808.MP4,474.0736,22.2222222222222,72.2222222222222,5.55555555555556,18,,,,,,,,,,,,,,,,
GX010808.MP4,474.474,0,0,0,0,,,GX010809.MP4,474.474,36.9565217391304,41.304347826087,21.7391304347826,46,,,,,,,,,,,,,,,,,,,GX020808.MP4,474.474,42.8571428571429,46.4285714285714,10.7142857142857,28,,,,,,,,,,,,,,,,
GX010808.MP4,474.8744,0,0,0,0,,,GX010809.MP4,474.8744,3.57142857142857,96.4285714285714,0,28,,,,,,,,,,,,,,,,,,,GX020808.MP4,474.8744,22.5806451612903,58.0645161290323,19.3548387096774,31,,,,,,,,,,,,,,,,
GX010808.MP4,475.2748,0,16.6666666666667,83.3333333333333,6,,,GX010809.MP4,475.2748,22.8571428571429,65.7142857142857,11.4285714285714,35,,,,,,,,,,,,,,,,,,,GX020808.MP4,475.2748,5.55555555555556,88.8888888888889,5.55555555555556,18,,,,,,,,,,,,,,,,
GX010808.MP4,475.6752,26.6666666666667,40,33.3333333333333,15,,,GX010809.MP4,475.6752,52.1739130434783,30.4347826086957,17.3913043478261,23,,,,,,,,,,,,,,,,,,,GX020808.MP4,475.6752,10.5263157894737,84.2105263157895,5.26315789473684,19,,,,,,,,,,,,,,,,
GX010808.MP4,476.0756,9.09090909090909,86.3636363636364,4.54545454545455,22,,,GX010809.MP4,476.0756,34.4827586206897,31.0344827586207,34.4827586206897,29,,,,,,,,,,,,,,,,,,,GX020808.MP4,476.0756,0,62.5,37.5,16,,,,,,,,,,,,,,,,
GX010808.MP4,476.476,0,100,0,6,,,GX010809.MP4,476.476,17.2413793103448,62.0689655172414,20.6896551724138,29,,,,,,,,,,,,,,,,,,,GX020808.MP4,476.476,26.3157894736842,57.8947368421053,15.7894736842105,19,,,,,,,,,,,,,,,,
GX010808.MP4,476.8764,7.14285714285714,57.1428571428571,35.7142857142857,14,,,GX010809.MP4,476.8764,46.875,37.5,15.625,32,,,,,,,,,,,,,,,,,,,GX020808.MP4,476.8764,38.0952380952381,52.3809523809524,9.52380952380952,21,,,,,,,,,,,,,,,,
GX010808.MP4,477.2768,28.5714285714286,42.8571428571429,28.5714285714286,28,,,GX010809.MP4,477.2768,30,50,20,10,,,,,,,,,,,,,,,,,,,GX020808.MP4,477.2768,57.1428571428571,38.0952380952381,4.76190476190476,21,,,,,,,,,,,,,,,,
GX010808.MP4,477.6772,9.52380952380952,23.8095238095238,66.6666666666667,21,,,GX010809.MP4,477.6772,46.1538461538462,38.4615384615385,15.3846153846154,26,,,,,,,,,,,,,,,,,,,GX020808.MP4,477.6772,55,45,0,20,,,,,,,,,,,,,,,,
GX010808.MP4,478.0776,13.7931034482759,55.1724137931034,31.0344827586207,29,,,GX010809.MP4,478.0776,40.5405405405405,24.3243243243243,35.1351351351351,37,,,,,,,,,,,,,,,,,,,GX020808.MP4,478.0776,59.375,25,15.625,32,,,,,,,,,,,,,,,,
GX010808.MP4,478.478,28.5714285714286,46.4285714285714,25,28,,,GX010809.MP4,478.478,30,40,30,30,,,,,,,,,,,,,,,,,,,GX020808.MP4,478.478,37.5,50,12.5,8,,,,,,,,,,,,,,,,
GX010808.MP4,478.8784,8,44,48,25,,,GX010809.MP4,478.8784,22.2222222222222,33.3333333333333,44.4444444444444,18,,,,,,,,,,,,,,,,,,,GX020808.MP4,478.8784,19.047619047619,52.3809523809524,28.5714285714286,21,,,,,,,,,,,,,,,,
GX010808.MP4,479.2788,13.0434782608696,43.4782608695652,43.4782608695652,23,,,GX010809.MP4,479.2788,3.7037037037037,77.7777777777778,18.5185185185185,27,,,,,,,,,,,,,,,,,,,GX020808.MP4,479.2788,42.8571428571429,21.4285714285714,35.7142857142857,14,,,,,,,,,,,,,,,,
GX010808.MP4,479.6792,18.5185185185185,44.4444444444444,37.037037037037,27,,,GX010809.MP4,479.6792,9.09090909090909,72.7272727272727,18.1818181818182,11,,,,,,,,,,,,,,,,,,,GX020808.MP4,479.6792,8.69565217391304,86.9565217391304,4.34782608695652,23,,,,,,,,,,,,,,,,
GX010808.MP4,480.0796,38.7096774193548,54.8387096774194,6.45161290322581,31,,,GX010809.MP4,480.0796,43.2432432432432,18.9189189189189,37.8378378378378,37,,,,,,,,,,,,,,,,,,,GX020808.MP4,480.0796,22.2222222222222,77.7777777777778,0,18,,,,,,,,,,,,,,,,
GX010808.MP4,480.48,53.5714285714286,42.8571428571429,3.57142857142857,28,,,GX010809.MP4,480.48,48.6486486486487,18.9189189189189,32.4324324324324,37,,,,,,,,,,,,,,,,,,,GX020808.MP4,480.48,62.5,29.1666666666667,8.33333333333333,24,,,,,,,,,,,,,,,,
GX010808.MP4,480.8804,29.0322580645161,67.741935483871,3.2258064516129,31,,,GX010809.MP4,480.8804,37.2093023255814,18.6046511627907,44.1860465116279,43,,,,,,,,,,,,,,,,,,,GX020808.MP4,480.8804,47.0588235294118,23.5294117647059,29.4117647058824,17,,,,,,,,,,,,,,,,
GX010808.MP4,481.2808,9.09090909090909,50,40.9090909090909,22,,,GX010809.MP4,481.2808,37.5,17.5,45,40,,,,,,,,,,,,,,,,,,,GX020808.MP4,481.2808,10.5263157894737,89.4736842105263,0,19,,,,,,,,,,,,,,,,
GX010808.MP4,481.6812,20,40,40,30,,,GX010809.MP4,481.6812,40.625,25,34.375,32,,,,,,,,,,,,,,,,,,,GX020808.MP4,481.6812,55,30,15,20,,,,,,,,,,,,,,,,
GX010808.MP4,482.0816,5,45,50,20,,,GX010809.MP4,482.0816,26.3157894736842,55.2631578947369,18.4210526315789,38,,,,,,,,,,,,,,,,,,,GX020808.MP4,482.0816,60,28,12,25,,,,,,,,,,,,,,,,
GX010808.MP4,482.482,23.0769230769231,34.6153846153846,42.3076923076923,26,,,GX010809.MP4,482.482,45.7142857142857,40,14.2857142857143,35,,,,,,,,,,,,,,,,,,,GX020808.MP4,482.482,58.3333333333333,29.1666666666667,12.5,24,,,,,,,,,,,,,,,,
GX010808.MP4,482.8824,29.4117647058824,47.0588235294118,23.5294117647059,17,,,GX010809.MP4,482.8824,36.1111111111111,50,13.8888888888889,36,,,,,,,,,,,,,,,,,,,GX020808.MP4,482.8824,64.2857142857143,25,10.7142857142857,28,,,,,,,,,,,,,,,,
GX010808.MP4,483.2828,24.1379310344828,48.2758620689655,27.5862068965517,29,,,GX010809.MP4,483.2828,38.0952380952381,38.0952380952381,23.8095238095238,21,,,,,,,,,,,,,,,,,,,GX020808.MP4,483.2828,58.6206896551724,34.4827586206897,6.89655172413793,29,,,,,,,,,,,,,,,,
GX010808.MP4,483.6832,8.33333333333333,62.5,29.1666666666667,24,,,GX010809.MP4,483.6832,40,30,30,20,,,,,,,,,,,,,,,,,,,GX020808.MP4,483.6832,44.4444444444444,38.8888888888889,16.6666666666667,18,,,,,,,,,,,,,,,,
GX010808.MP4,484.0836,51.2820512820513,33.3333333333333,15.3846153846154,39,,,GX010809.MP4,484.0836,31.0344827586207,44.8275862068966,24.1379310344828,29,,,,,,,,,,,,,,,,,,,GX020808.MP4,484.0836,47.8260869565217,30.4347826086957,21.7391304347826,23,,,,,,,,,,,,,,,,
GX010808.MP4,484.484,34.2857142857143,60,5.71428571428571,35,,,GX010809.MP4,484.484,33.3333333333333,44.4444444444444,22.2222222222222,18,,,,,,,,,,,,,,,,,,,GX020808.MP4,484.484,41.1764705882353,41.1764705882353,17.6470588235294,17,,,,,,,,,,,,,,,,
GX010808.MP4,484.8844,29.1666666666667,50,20.8333333333333,24,,,GX010809.MP4,484.8844,27.5,15,57.5,40,,,,,,,,,,,,,,,,,,,GX020808.MP4,484.8844,37.5,18.75,43.75,16,,,,,,,,,,,,,,,,
GX010808.MP4,485.2848,26.0869565217391,52.1739130434783,21.7391304347826,23,,,GX010809.MP4,485.2848,12.5,12.5,75,8,,,,,,,,,,,,,,,,,,,GX020808.MP4,485.2848,51.6129032258065,35.4838709677419,12.9032258064516,31,,,,,,,,,,,,,,,,
GX010808.MP4,485.6852,22.5806451612903,41.9354838709677,35.4838709677419,31,,,GX010809.MP4,485.6852,18.5185185185185,70.3703703703704,11.1111111111111,27,,,,,,,,,,,,,,,,,,,GX020808.MP4,485.6852,31.0344827586207,51.7241379310345,17.2413793103448,29,,,,,,,,,,,,,,,,
GX010808.MP4,486.0856,20,50,30,30,,,GX010809.MP4,486.0856,50,30.5555555555556,19.4444444444444,36,,,,,,,,,,,,,,,,,,,GX020808.MP4,486.0856,46.4285714285714,17.8571428571429,35.7142857142857,28,,,,,,,,,,,,,,,,
GX010808.MP4,486.486,19.047619047619,52.3809523809524,28.5714285714286,21,,,GX010809.MP4,486.486,34.4827586206897,20.6896551724138,44.8275862068966,29,,,,,,,,,,,,,,,,,,,GX020808.MP4,486.486,54.1666666666667,8.33333333333333,37.5,24,,,,,,,,,,,,,,,,
GX010808.MP4,486.8864,25,62.5,12.5,24,,,GX010809.MP4,486.8864,35.2941176470588,26.4705882352941,38.2352941176471,34,,,,,,,,,,,,,,,,,,,GX020808.MP4,486.8864,48,32,20,25,,,,,,,,,,,,,,,,
GX010808.MP4,487.2868,54.5454545454545,33.3333333333333,12.1212121212121,33,,,GX010809.MP4,487.2868,61.2903225806452,25.8064516129032,12.9032258064516,31,,,,,,,,,,,,,,,,,,,GX020808.MP4,487.2868,25,50,25,20,,,,,,,,,,,,,,,,
GX010808.MP4,487.6872,31.8181818181818,50,18.1818181818182,22,,,GX010809.MP4,487.6872,45.4545454545455,24.2424242424242,30.3030303030303,33,,,,,,,,,,,,,,,,,,,GX020808.MP4,487.6872,15.3846153846154,69.2307692307692,15.3846153846154,13,,,,,,,,,,,,,,,,
GX010808.MP4,488.0876,45.1612903225806,51.6129032258065,3.2258064516129,31,,,GX010809.MP4,488.0876,40.625,28.125,31.25,32,,,,,,,,,,,,,,,,,,,GX020808.MP4,488.0876,42.3076923076923,53.8461538461539,3.84615384615385,26,,,,,,,,,,,,,,,,
GX010808.MP4,488.488,20,64,16,25,,,GX010809.MP4,488.488,5.88235294117647,82.3529411764706,11.7647058823529,17,,,,,,,,,,,,,,,,,,,GX020808.MP4,488.488,41.6666666666667,54.1666666666667,4.16666666666667,24,,,,,,,,,,,,,,,,
GX010808.MP4,488.8884,33.3333333333333,42.8571428571429,23.8095238095238,21,,,GX010809.MP4,488.8884,22.2222222222222,55.5555555555556,22.2222222222222,36,,,,,,,,,,,,,,,,,,,GX020808.MP4,488.8884,23.5294117647059,76.4705882352941,0,17,,,,,,,,,,,,,,,,
GX010808.MP4,489.2888,8.33333333333333,58.3333333333333,33.3333333333333,24,,,GX010809.MP4,489.2888,20,64,16,25,,,,,,,,,,,,,,,,,,,GX020808.MP4,489.2888,22.7272727272727,59.0909090909091,18.1818181818182,22,,,,,,,,,,,,,,,,
GX010808.MP4,489.6892,34.7826086956522,47.8260869565217,17.3913043478261,23,,,GX010809.MP4,489.6892,35,55,10,20,,,,,,,,,,,,,,,,,,,GX020808.MP4,489.6892,25,38.8888888888889,36.1111111111111,36,,,,,,,,,,,,,,,,
GX010808.MP4,490.0896,31.5789473684211,52.6315789473684,15.7894736842105,19,,,GX010809.MP4,490.0896,70.5882352941177,23.5294117647059,5.88235294117647,34,,,,,,,,,,,,,,,,,,,GX020808.MP4,490.0896,43.75,34.375,21.875,32,,,,,,,,,,,,,,,,
GX010808.MP4,490.49,17.2413793103448,58.6206896551724,24.1379310344828,29,,,GX010809.MP4,490.49,61.9047619047619,33.3333333333333,4.76190476190476,21,,,,,,,,,,,,,,,,,,,GX020808.MP4,490.49,65.625,18.75,15.625,32,,,,,,,,,,,,,,,,
GX010808.MP4,490.8904,20.6896551724138,55.1724137931034,24.1379310344828,29,,,GX010809.MP4,490.8904,55.5555555555556,22.2222222222222,22.2222222222222,18,,,,,,,,,,,,,,,,,,,GX020808.MP4,490.8904,64.7058823529412,35.2941176470588,0,34,,,,,,,,,,,,,,,,
GX010808.MP4,491.2908,15.625,46.875,37.5,32,,,GX010809.MP4,491.2908,48.4848484848485,27.2727272727273,24.2424242424242,33,,,,,,,,,,,,,,,,,,,GX020808.MP4,491.2908,57.1428571428571,39.2857142857143,3.57142857142857,28,,,,,,,,,,,,,,,,
GX010808.MP4,491.6912,48.3870967741936,38.7096774193548,12.9032258064516,31,,,GX010809.MP4,491.6912,41.9354838709677,22.5806451612903,35.4838709677419,31,,,,,,,,,,,,,,,,,,,GX020808.MP4,491.6912,55.1724137931034,41.3793103448276,3.44827586206897,29,,,,,,,,,,,,,,,,
GX010808.MP4,492.0916,24.3243243243243,59.4594594594595,16.2162162162162,37,,,GX010809.MP4,492.0916,35,40,25,20,,,,,,,,,,,,,,,,,,,GX020808.MP4,492.0916,51.4285714285714,42.8571428571429,5.71428571428571,35,,,,,,,,,,,,,,,,
GX010808.MP4,492.492,25.7142857142857,45.7142857142857,28.5714285714286,35,,,GX010809.MP4,492.492,57.1428571428571,21.4285714285714,21.4285714285714,14,,,,,,,,,,,,,,,,,,,GX020808.MP4,492.492,44.8275862068966,37.9310344827586,17.2413793103448,29,,,,,,,,,,,,,,,,
GX010808.MP4,492.8924,29.0322580645161,54.8387096774194,16.1290322580645,31,,,GX010809.MP4,492.8924,60,30,10,20,,,,,,,,,,,,,,,,,,,GX020808.MP4,492.8924,42.5,37.5,20,40,,,,,,,,,,,,,,,,
GX010808.MP4,493.2928,31.25,62.5,6.25,32,,,GX010809.MP4,493.2928,29.4117647058824,50,20.5882352941176,34,,,,,,,,,,,,,,,,,,,GX020808.MP4,493.2928,52,28,20,25,,,,,,,,,,,,,,,,
GX010808.MP4,493.6932,34.2857142857143,45.7142857142857,20,35,,,GX010809.MP4,493.6932,41.3793103448276,41.3793103448276,17.2413793103448,29,,,,,,,,,,,,,,,,,,,GX020808.MP4,493.6932,34.6153846153846,46.1538461538462,19.2307692307692,26,,,,,,,,,,,,,,,,
GX010808.MP4,494.0936,26.0869565217391,52.1739130434783,21.7391304347826,23,,,GX010809.MP4,494.0936,22.8571428571429,42.8571428571429,34.2857142857143,35,,,,,,,,,,,,,,,,,,,GX020808.MP4,494.0936,41.1764705882353,41.1764705882353,17.6470588235294,17,,,,,,,,,,,,,,,,
GX010808.MP4,494.494,20,53.3333333333333,26.6666666666667,30,,,GX010809.MP4,494.494,24.390243902439,51.219512195122,24.390243902439,41,,,,,,,,,,,,,,,,,,,GX020808.MP4,494.494,25,50,25,24,,,,,,,,,,,,,,,,
GX010808.MP4,494.8944,70.9677419354839,29.0322580645161,0,31,,,GX010809.MP4,494.8944,35.1351351351351,35.1351351351351,29.7297297297297,37,,,,,,,,,,,,,,,,,,,GX020808.MP4,494.8944,34.6153846153846,42.3076923076923,23.0769230769231,26,,,,,,,,,,,,,,,,
GX010808.MP4,495.2948,12.5,54.1666666666667,33.3333333333333,24,,,GX010809.MP4,495.2948,35.4838709677419,35.4838709677419,29.0322580645161,31,,,,,,,,,,,,,,,,,,,GX020808.MP4,495.2948,0,60,40,10,,,,,,,,,,,,,,,,
GX010808.MP4,495.6952,19.4444444444444,63.8888888888889,16.6666666666667,36,,,GX010809.MP4,495.6952,29.6296296296296,25.9259259259259,44.4444444444444,27,,,,,,,,,,,,,,,,,,,GX020808.MP4,495.6952,33.3333333333333,66.6666666666667,0,27,,,,,,,,,,,,,,,,
GX010808.MP4,496.0956,18.5185185185185,51.8518518518519,29.6296296296296,27,,,GX010809.MP4,496.0956,33.3333333333333,37.5,29.1666666666667,24,,,,,,,,,,,,,,,,,,,GX020808.MP4,496.0956,24,64,12,25,,,,,,,,,,,,,,,,
GX010808.MP4,496.496,13.1578947368421,68.421052631579,18.4210526315789,38,,,GX010809.MP4,496.496,12.5,29.1666666666667,58.3333333333333,24,,,,,,,,,,,,,,,,,,,GX020808.MP4,496.496,9.52380952380952,76.1904761904762,14.2857142857143,21,,,,,,,,,,,,,,,,
GX010808.MP4,496.8964,15.3846153846154,66.6666666666667,17.948717948718,39,,,GX010809.MP4,496.8964,36.6666666666667,46.6666666666667,16.6666666666667,30,,,,,,,,,,,,,,,,,,,GX020808.MP4,496.8964,12,80,8,25,,,,,,,,,,,,,,,,
GX010808.MP4,497.2968,36,60,4,25,,,GX010809.MP4,497.2968,31.1111111111111,57.7777777777778,11.1111111111111,45,,,,,,,,,,,,,,,,,,,GX020808.MP4,497.2968,68.75,18.75,12.5,16,,,,,,,,,,,,,,,,
GX010808.MP4,497.6972,22.2222222222222,55.5555555555556,22.2222222222222,27,,,GX010809.MP4,497.6972,32.3529411764706,52.9411764705882,14.7058823529412,34,,,,,,,,,,,,,,,,,,,GX020808.MP4,497.6972,56.25,31.25,12.5,16,,,,,,,,,,,,,,,,
GX010808.MP4,498.0976,25.9259259259259,55.5555555555556,18.5185185185185,27,,,GX010809.MP4,498.0976,38.7096774193548,48.3870967741936,12.9032258064516,31,,,,,,,,,,,,,,,,,,,GX020808.MP4,498.0976,47.3684210526316,36.8421052631579,15.7894736842105,19,,,,,,,,,,,,,,,,
GX010808.MP4,498.498,23.3333333333333,56.6666666666667,20,30,,,GX010809.MP4,498.498,46.875,46.875,6.25,32,,,,,,,,,,,,,,,,,,,GX020808.MP4,498.498,57.1428571428571,21.4285714285714,21.4285714285714,14,,,,,,,,,,,,,,,,
GX010808.MP4,498.8984,36.6666666666667,33.3333333333333,30,30,,,GX010809.MP4,498.8984,26.8292682926829,60.9756097560976,12.1951219512195,41,,,,,,,,,,,,,,,,,,,GX020808.MP4,498.8984,46.1538461538462,15.3846153846154,38.4615384615385,13,,,,,,,,,,,,,,,,
GX010808.MP4,499.2988,29.6296296296296,51.8518518518519,18.5185185185185,27,,,GX010809.MP4,499.2988,41.1764705882353,55.8823529411765,2.94117647058824,34,,,,,,,,,,,,,,,,,,,GX020808.MP4,499.2988,35.2941176470588,47.0588235294118,17.6470588235294,17,,,,,,,,,,,,,,,,
GX010808.MP4,499.6992,31.25,53.125,15.625,32,,,GX010809.MP4,499.6992,14.8148148148148,85.1851851851852,0,27,,,,,,,,,,,,,,,,,,,GX020808.MP4,499.6992,56.5217391304348,21.7391304347826,21.7391304347826,23,,,,,,,,,,,,,,,,
GX010808.MP4,500.0996,22.5806451612903,48.3870967741936,29.0322580645161,31,,,GX010809.MP4,500.0996,9.67741935483871,90.3225806451613,0,31,,,,,,,,,,,,,,,,,,,GX020808.MP4,500.0996,52,28,20,25,,,,,,,,,,,,,,,,
GX010808.MP4,500.5,21.4285714285714,50,28.5714285714286,28,,,GX010809.MP4,500.5,70.5882352941177,0,29.4117647058824,17,,,,,,,,,,,,,,,,,,,GX020808.MP4,500.5,50,27.2727272727273,22.7272727272727,22,,,,,,,,,,,,,,,,
GX010808.MP4,500.9004,31.5789473684211,52.6315789473684,15.7894736842105,19,,,GX010809.MP4,500.9004,6.25,50,43.75,16,,,,,,,,,,,,,,,,,,,GX020808.MP4,500.9004,42.8571428571429,23.8095238095238,33.3333333333333,21,,,,,,,,,,,,,,,,
GX010808.MP4,501.3008,27.2727272727273,60.6060606060606,12.1212121212121,33,,,GX010809.MP4,501.3008,28.5714285714286,42.8571428571429,28.5714285714286,21,,,,,,,,,,,,,,,,,,,GX020808.MP4,501.3008,37.037037037037,48.1481481481481,14.8148148148148,27,,,,,,,,,,,,,,,,
GX010808.MP4,501.7012,29.6296296296296,66.6666666666667,3.7037037037037,27,,,GX010809.MP4,501.7012,16.6666666666667,66.6666666666667,16.6666666666667,6,,,,,,,,,,,,,,,,,,,GX020808.MP4,501.7012,29.1666666666667,58.3333333333333,12.5,24,,,,,,,,,,,,,,,,
GX010808.MP4,502.1016,21.4285714285714,42.8571428571429,35.7142857142857,28,,,GX010809.MP4,502.1016,21.0526315789474,44.7368421052632,34.2105263157895,38,,,,,,,,,,,,,,,,,,,GX020808.MP4,502.1016,26.3157894736842,31.5789473684211,42.1052631578947,19,,,,,,,,,,,,,,,,
GX010808.MP4,502.502,11.5384615384615,69.2307692307692,19.2307692307692,26,,,GX010809.MP4,502.502,25.4901960784314,39.2156862745098,35.2941176470588,51,,,,,,,,,,,,,,,,,,,GX020808.MP4,502.502,34.6153846153846,61.5384615384615,3.84615384615385,26,,,,,,,,,,,,,,,,
GX010808.MP4,502.9024,22.2222222222222,33.3333333333333,44.4444444444444,18,,,GX010809.MP4,502.9024,58.3333333333333,37.5,4.16666666666667,24,,,,,,,,,,,,,,,,,,,GX020808.MP4,502.9024,42.4242424242424,48.4848484848485,9.09090909090909,33,,,,,,,,,,,,,,,,
GX010808.MP4,503.3028,46.6666666666667,46.6666666666667,6.66666666666667,15,,,GX010809.MP4,503.3028,30,50,20,20,,,,,,,,,,,,,,,,,,,GX020808.MP4,503.3028,57.1428571428571,38.0952380952381,4.76190476190476,21,,,,,,,,,,,,,,,,
GX010808.MP4,503.7032,31.0344827586207,58.6206896551724,10.3448275862069,29,,,GX010809.MP4,503.7032,54.5454545454545,27.2727272727273,18.1818181818182,33,,,,,,,,,,,,,,,,,,,GX020808.MP4,503.7032,27.2727272727273,63.6363636363636,9.09090909090909,11,,,,,,,,,,,,,,,,
GX010808.MP4,504.1036,30.4347826086957,34.7826086956522,34.7826086956522,23,,,GX010809.MP4,504.1036,43.5897435897436,23.0769230769231,33.3333333333333,39,,,,,,,,,,,,,,,,,,,GX020808.MP4,504.1036,6.06060606060606,90.9090909090909,3.03030303030303,33,,,,,,,,,,,,,,,,
GX010808.MP4,504.504,33.3333333333333,38.8888888888889,27.7777777777778,36,,,GX010809.MP4,504.504,15.625,31.25,53.125,32,,,,,,,,,,,,,,,,,,,GX020808.MP4,504.504,9.09090909090909,81.8181818181818,9.09090909090909,11,,,,,,,,,,,,,,,,
GX010808.MP4,504.9044,28.5714285714286,54.2857142857143,17.1428571428571,35,,,GX010809.MP4,504.9044,31.4285714285714,40,28.5714285714286,35,,,,,,,,,,,,,,,,,,,GX020808.MP4,504.9044,28.5714285714286,14.2857142857143,57.1428571428571,14,,,,,,,,,,,,,,,,
GX010808.MP4,505.3048,36.6666666666667,56.6666666666667,6.66666666666667,30,,,GX010809.MP4,505.3048,40.4761904761905,28.5714285714286,30.952380952381,42,,,,,,,,,,,,,,,,,,,GX020808.MP4,505.3048,22.2222222222222,72.2222222222222,5.55555555555556,18,,,,,,,,,,,,,,,,
GX010808.MP4,505.7052,18.5185185185185,59.2592592592593,22.2222222222222,27,,,GX010809.MP4,505.7052,33.9622641509434,33.9622641509434,32.0754716981132,53,,,,,,,,,,,,,,,,,,,GX020808.MP4,505.7052,24,48,28,25,,,,,,,,,,,,,,,,
GX010808.MP4,506.1056,32.258064516129,54.8387096774194,12.9032258064516,31,,,GX010809.MP4,506.1056,40.5405405405405,29.7297297297297,29.7297297297297,37,,,,,,,,,,,,,,,,,,,GX020808.MP4,506.1056,7.14285714285714,64.2857142857143,28.5714285714286,14,,,,,,,,,,,,,,,,
GX010808.MP4,506.506,44.1176470588235,44.1176470588235,11.7647058823529,34,,,GX010809.MP4,506.506,35.8974358974359,33.3333333333333,30.7692307692308,39,,,,,,,,,,,,,,,,,,,GX020808.MP4,506.506,3.44827586206897,37.9310344827586,58.6206896551724,29,,,,,,,,,,,,,,,,
GX010808.MP4,506.9064,38.4615384615385,46.1538461538462,15.3846153846154,26,,,GX010809.MP4,506.9064,28.5714285714286,30.952380952381,40.4761904761905,42,,,,,,,,,,,,,,,,,,,GX020808.MP4,506.9064,41.1764705882353,58.8235294117647,0,34,,,,,,,,,,,,,,,,
GX010808.MP4,507.3068,41.3793103448276,41.3793103448276,17.2413793103448,29,,,GX010809.MP4,507.3068,40.4255319148936,29.7872340425532,29.7872340425532,47,,,,,,,,,,,,,,,,,,,GX020808.MP4,507.3068,54.8387096774194,25.8064516129032,19.3548387096774,31,,,,,,,,,,,,,,,,
GX010808.MP4,507.7072,56.25,34.375,9.375,32,,,GX010809.MP4,507.7072,29.4117647058824,35.2941176470588,35.2941176470588,34,,,,,,,,,,,,,,,,,,,GX020808.MP4,507.7072,45.945945945946,16.2162162162162,37.8378378378378,37,,,,,,,,,,,,,,,,
GX010808.MP4,508.1076,54.8387096774194,38.7096774193548,6.45161290322581,31,,,GX010809.MP4,508.1076,40.5405405405405,27.027027027027,32.4324324324324,37,,,,,,,,,,,,,,,,,,,GX020808.MP4,508.1076,13.3333333333333,83.3333333333333,3.33333333333333,30,,,,,,,,,,,,,,,,
GX010808.MP4,508.508,31.5789473684211,68.421052631579,0,19,,,GX010809.MP4,508.508,43.75,12.5,43.75,32,,,,,,,,,,,,,,,,,,,GX020808.MP4,508.508,67.5675675675676,21.6216216216216,10.8108108108108,37,,,,,,,,,,,,,,,,
GX010808.MP4,508.9084,28.125,68.75,3.125,32,,,GX010809.MP4,508.9084,30.5555555555556,22.2222222222222,47.2222222222222,36,,,,,,,,,,,,,,,,,,,GX020808.MP4,508.9084,71.4285714285714,17.8571428571429,10.7142857142857,28,,,,,,,,,,,,,,,,
GX010808.MP4,509.3088,25,33.3333333333333,41.6666666666667,24,,,GX010809.MP4,509.3088,23.8095238095238,57.1428571428571,19.047619047619,21,,,,,,,,,,,,,,,,,,,GX020808.MP4,509.3088,44,32,24,25,,,,,,,,,,,,,,,,
GX010808.MP4,509.7092,14.2857142857143,51.4285714285714,34.2857142857143,35,,,GX010809.MP4,509.7092,38.7096774193548,41.9354838709677,19.3548387096774,31,,,,,,,,,,,,,,,,,,,GX020808.MP4,509.7092,38.2352941176471,29.4117647058824,32.3529411764706,34,,,,,,,,,,,,,,,,
GX010808.MP4,510.1096,50,25,25,24,,,GX010809.MP4,510.1096,32.3529411764706,55.8823529411765,11.7647058823529,34,,,,,,,,,,,,,,,,,,,GX020808.MP4,510.1096,41.3793103448276,17.2413793103448,41.3793103448276,29,,,,,,,,,,,,,,,,
GX010808.MP4,510.51,37.5,29.1666666666667,33.3333333333333,24,,,GX010809.MP4,510.51,31.4285714285714,60,8.57142857142857,35,,,,,,,,,,,,,,,,,,,GX020808.MP4,510.51,44.4444444444444,29.6296296296296,25.9259259259259,27,,,,,,,,,,,,,,,,
GX010808.MP4,510.9104,28,32,40,25,,,GX010809.MP4,510.9104,20.4081632653061,65.3061224489796,14.2857142857143,49,,,,,,,,,,,,,,,,,,,GX020808.MP4,510.9104,50,30,20,20,,,,,,,,,,,,,,,,
GX010808.MP4,511.3108,36,48,16,25,,,GX010809.MP4,511.3108,25,57.6923076923077,17.3076923076923,52,,,,,,,,,,,,,,,,,,,GX020808.MP4,511.3108,41.6666666666667,45.8333333333333,12.5,24,,,,,,,,,,,,,,,,
GX010808.MP4,511.7112,23.0769230769231,26.9230769230769,50,26,,,GX010809.MP4,511.7112,17.2413793103448,68.9655172413793,13.7931034482759,29,,,,,,,,,,,,,,,,,,,GX020808.MP4,511.7112,37.8378378378378,37.8378378378378,24.3243243243243,37,,,,,,,,,,,,,,,,
GX010808.MP4,512.1116,42.3076923076923,42.3076923076923,15.3846153846154,26,,,GX010809.MP4,512.1116,23.2558139534884,58.1395348837209,18.6046511627907,43,,,,,,,,,,,,,,,,,,,GX020808.MP4,512.1116,42.5,37.5,20,40,,,,,,,,,,,,,,,,
GX010808.MP4,512.512,42.3076923076923,38.4615384615385,19.2307692307692,26,,,GX010809.MP4,512.512,26.8292682926829,53.6585365853659,19.5121951219512,41,,,,,,,,,,,,,,,,,,,GX020808.MP4,512.512,44.4444444444444,27.7777777777778,27.7777777777778,36,,,,,,,,,,,,,,,,
GX010808.MP4,512.9124,23.0769230769231,38.4615384615385,38.4615384615385,13,,,GX010809.MP4,512.9124,32.4324324324324,59.4594594594595,8.10810810810811,37,,,,,,,,,,,,,,,,,,,GX020808.MP4,512.9124,38.4615384615385,56.4102564102564,5.12820512820513,39,,,,,,,,,,,,,,,,
GX010808.MP4,513.3128,14.2857142857143,35.7142857142857,50,14,,,GX010809.MP4,513.3128,28.5714285714286,47.6190476190476,23.8095238095238,42,,,,,,,,,,,,,,,,,,,GX020808.MP4,513.3128,52.9411764705882,29.4117647058824,17.6470588235294,34,,,,,,,,,,,,,,,,
GX010808.MP4,513.7132,12.5,43.75,43.75,16,,,GX010809.MP4,513.7132,40,31.1111111111111,28.8888888888889,45,,,,,,,,,,,,,,,,,,,GX020808.MP4,513.7132,57.8947368421053,31.5789473684211,10.5263157894737,19,,,,,,,,,,,,,,,,
GX010808.MP4,514.1136,35.7142857142857,50,14.2857142857143,14,,,GX010809.MP4,514.1136,31.5789473684211,63.1578947368421,5.26315789473684,38,,,,,,,,,,,,,,,,,,,GX020808.MP4,514.1136,43.5897435897436,20.5128205128205,35.8974358974359,39,,,,,,,,,,,,,,,,
GX010808.MP4,514.514,61.5384615384615,30.7692307692308,7.69230769230769,26,,,GX010809.MP4,514.514,28.2051282051282,48.7179487179487,23.0769230769231,39,,,,,,,,,,,,,,,,,,,GX020808.MP4,514.514,30.4347826086957,30.4347826086957,39.1304347826087,23,,,,,,,,,,,,,,,,
GX010808.MP4,514.9144,48.1481481481481,29.6296296296296,22.2222222222222,27,,,GX010809.MP4,514.9144,30.5555555555556,58.3333333333333,11.1111111111111,36,,,,,,,,,,,,,,,,,,,GX020808.MP4,514.9144,50,28.5714285714286,21.4285714285714,28,,,,,,,,,,,,,,,,
GX010808.MP4,515.3148,46.1538461538462,34.6153846153846,19.2307692307692,26,,,GX010809.MP4,515.3148,25.9259259259259,55.5555555555556,18.5185185185185,27,,,,,,,,,,,,,,,,,,,GX020808.MP4,515.3148,35.7142857142857,39.2857142857143,25,28,,,,,,,,,,,,,,,,
GX010808.MP4,515.7152,53.3333333333333,40,6.66666666666667,15,,,GX010809.MP4,515.7152,27.2727272727273,54.5454545454545,18.1818181818182,22,,,,,,,,,,,,,,,,,,,GX020808.MP4,515.7152,48.3870967741936,29.0322580645161,22.5806451612903,31,,,,,,,,,,,,,,,,
GX010808.MP4,516.1156,33.3333333333333,55.5555555555556,11.1111111111111,27,,,GX010809.MP4,516.1156,20,30,50,10,,,,,,,,,,,,,,,,,,,GX020808.MP4,516.1156,42.8571428571429,39.2857142857143,17.8571428571429,28,,,,,,,,,,,,,,,,
GX010808.MP4,516.516,47.6190476190476,19.047619047619,33.3333333333333,21,,,GX010809.MP4,516.516,6.25,62.5,31.25,16,,,,,,,,,,,,,,,,,,,GX020808.MP4,516.516,20,55,25,20,,,,,,,,,,,,,,,,
GX010808.MP4,516.9164,46.6666666666667,23.3333333333333,30,30,,,GX010809.MP4,516.9164,0,27.2727272727273,72.7272727272727,11,,,,,,,,,,,,,,,,,,,GX020808.MP4,516.9164,5.55555555555556,88.8888888888889,5.55555555555556,18,,,,,,,,,,,,,,,,
GX010808.MP4,517.3168,50,32.3529411764706,17.6470588235294,34,,,GX010809.MP4,517.3168,5.55555555555556,38.8888888888889,55.5555555555556,18,,,,,,,,,,,,,,,,,,,GX020808.MP4,517.3168,35.2941176470588,64.7058823529412,0,17,,,,,,,,,,,,,,,,
GX010808.MP4,517.7172,36.3636363636364,45.4545454545455,18.1818181818182,22,,,GX010809.MP4,517.7172,14.8148148148148,18.5185185185185,66.6666666666667,27,,,,,,,,,,,,,,,,,,,GX020808.MP4,517.7172,60,40,0,10,,,,,,,,,,,,,,,,
GX010808.MP4,518.1176,51.8518518518519,40.7407407407407,7.40740740740741,27,,,GX010809.MP4,518.1176,12.9032258064516,25.8064516129032,61.2903225806452,31,,,,,,,,,,,,,,,,,,,GX020808.MP4,518.1176,62.5,30,7.5,40,,,,,,,,,,,,,,,,
GX010808.MP4,518.518,47.6190476190476,38.0952380952381,14.2857142857143,21,,,GX010809.MP4,518.518,9.67741935483871,45.1612903225806,45.1612903225806,31,,,,,,,,,,,,,,,,,,,GX020808.MP4,518.518,46.4285714285714,42.8571428571429,10.7142857142857,28,,,,,,,,,,,,,,,,
GX010808.MP4,518.9184,47.6190476190476,38.0952380952381,14.2857142857143,21,,,GX010809.MP4,518.9184,34.0425531914894,51.063829787234,14.8936170212766,47,,,,,,,,,,,,,,,,,,,GX020808.MP4,518.9184,28.5714285714286,53.5714285714286,17.8571428571429,28,,,,,,,,,,,,,,,,
GX010808.MP4,519.3188,33.3333333333333,48.1481481481481,18.5185185185185,27,,,GX010809.MP4,519.3188,30.5555555555556,38.8888888888889,30.5555555555556,36,,,,,,,,,,,,,,,,,,,GX020808.MP4,519.3188,45.4545454545455,31.8181818181818,22.7272727272727,22,,,,,,,,,,,,,,,,
GX010808.MP4,519.7192,50,50,0,18,,,GX010809.MP4,519.7192,35.2941176470588,29.4117647058824,35.2941176470588,34,,,,,,,,,,,,,,,,,,,GX020808.MP4,519.7192,21.0526315789474,57.8947368421053,21.0526315789474,19,,,,,,,,,,,,,,,,
GX010808.MP4,520.1196,46.6666666666667,20,33.3333333333333,15,,,GX010809.MP4,520.1196,26.6666666666667,51.1111111111111,22.2222222222222,45,,,,,,,,,,,,,,,,,,,GX020808.MP4,520.1196,5.55555555555556,77.7777777777778,16.6666666666667,18,,,,,,,,,,,,,,,,
GX010808.MP4,520.52,27.7777777777778,44.4444444444444,27.7777777777778,18,,,GX010809.MP4,520.52,31.8181818181818,43.1818181818182,25,44,,,,,,,,,,,,,,,,,,,GX020808.MP4,520.52,7.14285714285714,92.8571428571429,0,14,,,,,,,,,,,,,,,,
GX010808.MP4,520.9204,50,37.5,12.5,16,,,GX010809.MP4,520.9204,31.1111111111111,40,28.8888888888889,45,,,,,,,,,,,,,,,,,,,GX020808.MP4,520.9204,40,46.6666666666667,13.3333333333333,15,,,,,,,,,,,,,,,,
GX010808.MP4,521.3208,55.5555555555556,33.3333333333333,11.1111111111111,18,,,GX010809.MP4,521.3208,46.8085106382979,21.2765957446809,31.9148936170213,47,,,,,,,,,,,,,,,,,,,GX020808.MP4,521.3208,29.6296296296296,62.962962962963,7.40740740740741,27,,,,,,,,,,,,,,,,
GX010808.MP4,521.7212,10.5263157894737,36.8421052631579,52.6315789473684,19,,,GX010809.MP4,521.7212,38.2352941176471,26.4705882352941,35.2941176470588,34,,,,,,,,,,,,,,,,,,,GX020808.MP4,521.7212,34.4827586206897,51.7241379310345,13.7931034482759,29,,,,,,,,,,,,,,,,
GX010808.MP4,522.1216,21.7391304347826,43.4782608695652,34.7826086956522,23,,,GX010809.MP4,522.1216,41.025641025641,28.2051282051282,30.7692307692308,39,,,,,,,,,,,,,,,,,,,GX020808.MP4,522.1216,34.7826086956522,39.1304347826087,26.0869565217391,23,,,,,,,,,,,,,,,,
GX010808.MP4,522.522,58.0645161290323,6.45161290322581,35.4838709677419,31,,,GX010809.MP4,522.522,28.9473684210526,52.6315789473684,18.4210526315789,38,,,,,,,,,,,,,,,,,,,GX020808.MP4,522.522,55,35,10,20,,,,,,,,,,,,,,,,
GX010808.MP4,522.9224,25,43.75,31.25,16,,,GX010809.MP4,522.9224,39.1304347826087,30.4347826086957,30.4347826086957,46,,,,,,,,,,,,,,,,,,,GX020808.MP4,522.9224,33.3333333333333,38.8888888888889,27.7777777777778,36,,,,,,,,,,,,,,,,
GX010808.MP4,523.3228,42.8571428571429,38.0952380952381,19.047619047619,21,,,GX010809.MP4,523.3228,39.4736842105263,31.5789473684211,28.9473684210526,38,,,,,,,,,,,,,,,,,,,GX020808.MP4,523.3228,37.5,45.8333333333333,16.6666666666667,24,,,,,,,,,,,,,,,,
GX010808.MP4,523.7232,52.6315789473684,42.1052631578947,5.26315789473684,19,,,GX010809.MP4,523.7232,47.5,32.5,20,40,,,,,,,,,,,,,,,,,,,GX020808.MP4,523.7232,44,44,12,25,,,,,,,,,,,,,,,,
GX010808.MP4,524.1236,43.4782608695652,52.1739130434783,4.34782608695652,23,,,GX010809.MP4,524.1236,40.5405405405405,27.027027027027,32.4324324324324,37,,,,,,,,,,,,,,,,,,,GX020808.MP4,524.1236,25.9259259259259,33.3333333333333,40.7407407407407,27,,,,,,,,,,,,,,,,
GX010808.MP4,524.524,44.4444444444444,38.8888888888889,16.6666666666667,18,,,GX010809.MP4,524.524,32.5,27.5,40,40,,,,,,,,,,,,,,,,,,,GX020808.MP4,524.524,42.1052631578947,31.5789473684211,26.3157894736842,19,,,,,,,,,,,,,,,,
GX010808.MP4,524.9244,47.6190476190476,42.8571428571429,9.52380952380952,21,,,GX010809.MP4,524.9244,36.3636363636364,29.5454545454545,34.0909090909091,44,,,,,,,,,,,,,,,,,,,GX020808.MP4,524.9244,22.2222222222222,61.1111111111111,16.6666666666667,18,,,,,,,,,,,,,,,,
GX010808.MP4,525.3248,75,18.75,6.25,16,,,GX010809.MP4,525.3248,22.9166666666667,45.8333333333333,31.25,48,,,,,,,,,,,,,,,,,,,GX020808.MP4,525.3248,15.7894736842105,57.8947368421053,26.3157894736842,19,,,,,,,,,,,,,,,,
GX010808.MP4,525.7252,45.4545454545455,36.3636363636364,18.1818181818182,22,,,GX010809.MP4,525.7252,28.2608695652174,50,21.7391304347826,46,,,,,,,,,,,,,,,,,,,GX020808.MP4,525.7252,23.0769230769231,38.4615384615385,38.4615384615385,26,,,,,,,,,,,,,,,,
GX010808.MP4,526.1256,21.7391304347826,60.8695652173913,17.3913043478261,23,,,GX010809.MP4,526.1256,28.5714285714286,35.7142857142857,35.7142857142857,42,,,,,,,,,,,,,,,,,,,GX020808.MP4,526.1256,18.75,31.25,50,16,,,,,,,,,,,,,,,,
GX010808.MP4,526.526,30,70,0,20,,,GX010809.MP4,526.526,30.3030303030303,39.3939393939394,30.3030303030303,33,,,,,,,,,,,,,,,,,,,GX020808.MP4,526.526,0,12.5,87.5,8,,,,,,,,,,,,,,,,
GX010808.MP4,526.9264,41.6666666666667,29.1666666666667,29.1666666666667,24,,,GX010809.MP4,526.9264,33.3333333333333,41.6666666666667,25,36,,,,,,,,,,,,,,,,,,,GX020808.MP4,526.9264,30,20,50,10,,,,,,,,,,,,,,,,
GX010808.MP4,527.3268,23.0769230769231,46.1538461538462,30.7692307692308,26,,,GX010809.MP4,527.3268,32.5,27.5,40,40,,,,,,,,,,,,,,,,,,,GX020808.MP4,527.3268,42.8571428571429,42.8571428571429,14.2857142857143,7,,,,,,,,,,,,,,,,
GX010808.MP4,527.7272,37.5,29.1666666666667,33.3333333333333,24,,,GX010809.MP4,527.7272,48.1481481481481,40.7407407407407,11.1111111111111,27,,,,,,,,,,,,,,,,,,,GX020808.MP4,527.7272,18.75,56.25,25,16,,,,,,,,,,,,,,,,
GX010808.MP4,528.1276,38.0952380952381,38.0952380952381,23.8095238095238,21,,,GX010809.MP4,528.1276,28.5714285714286,37.1428571428571,34.2857142857143,35,,,,,,,,,,,,,,,,,,,GX020808.MP4,528.1276,31.5789473684211,47.3684210526316,21.0526315789474,19,,,,,,,,,,,,,,,,
GX010808.MP4,528.528,44.4444444444444,44.4444444444444,11.1111111111111,9,,,GX010809.MP4,528.528,21.875,43.75,34.375,32,,,,,,,,,,,,,,,,,,,GX020808.MP4,528.528,35.4838709677419,54.8387096774194,9.67741935483871,31,,,,,,,,,,,,,,,,
GX010808.MP4,528.9284,37.5,43.75,18.75,16,,,GX010809.MP4,528.9284,32.5581395348837,41.8604651162791,25.5813953488372,43,,,,,,,,,,,,,,,,,,,GX020808.MP4,528.9284,44.4444444444444,40.7407407407407,14.8148148148148,27,,,,,,,,,,,,,,,,
GX010808.MP4,529.3288,81.8181818181818,9.09090909090909,9.09090909090909,11,,,GX010809.MP4,529.3288,31.4285714285714,42.8571428571429,25.7142857142857,35,,,,,,,,,,,,,,,,,,,GX020808.MP4,529.3288,67.6470588235294,23.5294117647059,8.82352941176471,34,,,,,,,,,,,,,,,,
GX010808.MP4,529.7292,38.8888888888889,55.5555555555556,5.55555555555556,18,,,GX010809.MP4,529.7292,51.219512195122,24.390243902439,24.390243902439,41,,,,,,,,,,,,,,,,,,,GX020808.MP4,529.7292,55.1724137931034,27.5862068965517,17.2413793103448,29,,,,,,,,,,,,,,,,
GX010808.MP4,530.1296,37.5,62.5,0,16,,,GX010809.MP4,530.1296,55.5555555555556,11.1111111111111,33.3333333333333,36,,,,,,,,,,,,,,,,,,,GX020808.MP4,530.1296,50,29.1666666666667,20.8333333333333,24,,,,,,,,,,,,,,,,
GX010808.MP4,530.53,21.7391304347826,60.8695652173913,17.3913043478261,23,,,GX010809.MP4,530.53,35.2941176470588,32.3529411764706,32.3529411764706,34,,,,,,,,,,,,,,,,,,,GX020808.MP4,530.53,39.1304347826087,34.7826086956522,26.0869565217391,23,,,,,,,,,,,,,,,,
GX010808.MP4,530.9304,22.2222222222222,72.2222222222222,5.55555555555556,18,,,GX010809.MP4,530.9304,47.0588235294118,17.6470588235294,35.2941176470588,34,,,,,,,,,,,,,,,,,,,GX020808.MP4,530.9304,37.5,62.5,0,8,,,,,,,,,,,,,,,,
GX010808.MP4,531.3308,12.5,62.5,25,16,,,GX010809.MP4,531.3308,38.4615384615385,15.3846153846154,46.1538461538462,39,,,,,,,,,,,,,,,,,,,GX020808.MP4,531.3308,40,32,28,25,,,,,,,,,,,,,,,,
GX010808.MP4,531.7312,16,76,8,25,,,GX010809.MP4,531.7312,53.6585365853659,24.390243902439,21.9512195121951,41,,,,,,,,,,,,,,,,,,,GX020808.MP4,531.7312,36.8421052631579,26.3157894736842,36.8421052631579,19,,,,,,,,,,,,,,,,
GX010808.MP4,532.1316,11.7647058823529,82.3529411764706,5.88235294117647,17,,,GX010809.MP4,532.1316,27.2727272727273,45.4545454545455,27.2727272727273,33,,,,,,,,,,,,,,,,,,,GX020808.MP4,532.1316,31.25,18.75,50,16,,,,,,,,,,,,,,,,
GX010808.MP4,532.532,13.3333333333333,73.3333333333333,13.3333333333333,15,,,GX010809.MP4,532.532,51.7241379310345,31.0344827586207,17.2413793103448,29,,,,,,,,,,,,,,,,,,,GX020808.MP4,532.532,0,66.6666666666667,33.3333333333333,12,,,,,,,,,,,,,,,,
GX010808.MP4,532.9324,40,44,16,25,,,GX010809.MP4,532.9324,56.25,28.125,15.625,32,,,,,,,,,,,,,,,,,,,GX020808.MP4,532.9324,31.5789473684211,47.3684210526316,21.0526315789474,19,,,,,,,,,,,,,,,,
GX010808.MP4,533.3328,32.1428571428571,57.1428571428571,10.7142857142857,28,,,GX010809.MP4,533.3328,23.8095238095238,19.047619047619,57.1428571428571,21,,,,,,,,,,,,,,,,,,,GX020808.MP4,533.3328,18.75,75,6.25,16,,,,,,,,,,,,,,,,
GX010808.MP4,533.7332,32.3529411764706,35.2941176470588,32.3529411764706,34,,,GX010809.MP4,533.7332,41.1764705882353,11.7647058823529,47.0588235294118,17,,,,,,,,,,,,,,,,,,,GX020808.MP4,533.7332,22.5806451612903,38.7096774193548,38.7096774193548,31,,,,,,,,,,,,,,,,
GX010808.MP4,534.1336,37.9310344827586,44.8275862068966,17.2413793103448,29,,,GX010809.MP4,534.1336,40.625,31.25,28.125,32,,,,,,,,,,,,,,,,,,,GX020808.MP4,534.1336,30.4347826086957,39.1304347826087,30.4347826086957,23,,,,,,,,,,,,,,,,
GX010808.MP4,534.534,45.1612903225806,35.4838709677419,19.3548387096774,31,,,GX010809.MP4,534.534,44.2307692307692,19.2307692307692,36.5384615384615,52,,,,,,,,,,,,,,,,,,,GX020808.MP4,534.534,20.8333333333333,54.1666666666667,25,24,,,,,,,,,,,,,,,,
GX010808.MP4,534.9344,42.1052631578947,42.1052631578947,15.7894736842105,19,,,GX010809.MP4,534.9344,42.8571428571429,33.3333333333333,23.8095238095238,21,,,,,,,,,,,,,,,,,,,GX020808.MP4,534.9344,26.4705882352941,58.8235294117647,14.7058823529412,34,,,,,,,,,,,,,,,,
GX010808.MP4,535.3348,50,41.6666666666667,8.33333333333333,12,,,GX010809.MP4,535.3348,25,56.25,18.75,32,,,,,,,,,,,,,,,,,,,GX020808.MP4,535.3348,36.6666666666667,36.6666666666667,26.6666666666667,30,,,,,,,,,,,,,,,,
GX010808.MP4,535.7352,47.3684210526316,31.5789473684211,21.0526315789474,19,,,GX010809.MP4,535.7352,25.9259259259259,55.5555555555556,18.5185185185185,27,,,,,,,,,,,,,,,,,,,GX020808.MP4,535.7352,41.6666666666667,8.33333333333333,50,12,,,,,,,,,,,,,,,,
GX010808.MP4,536.1356,33.3333333333333,38.0952380952381,28.5714285714286,21,,,GX010809.MP4,536.1356,27.5,67.5,5,40,,,,,,,,,,,,,,,,,,,GX020808.MP4,536.1356,11.1111111111111,55.5555555555556,33.3333333333333,18,,,,,,,,,,,,,,,,
GX010808.MP4,536.536,33.3333333333333,50,16.6666666666667,18,,,GX010809.MP4,536.536,41.9354838709677,29.0322580645161,29.0322580645161,31,,,,,,,,,,,,,,,,,,,GX020808.MP4,536.536,0,86.6666666666667,13.3333333333333,15,,,,,,,,,,,,,,,,
GX010808.MP4,536.9364,39.1304347826087,56.5217391304348,4.34782608695652,23,,,GX010809.MP4,536.9364,21.2121212121212,57.5757575757576,21.2121212121212,33,,,,,,,,,,,,,,,,,,,GX020808.MP4,536.9364,44.4444444444444,33.3333333333333,22.2222222222222,18,,,,,,,,,,,,,,,,
GX010808.MP4,537.3368,25,57.1428571428571,17.8571428571429,28,,,GX010809.MP4,537.3368,40.4761904761905,28.5714285714286,30.952380952381,42,,,,,,,,,,,,,,,,,,,GX020808.MP4,537.3368,14.2857142857143,57.1428571428571,28.5714285714286,21,,,,,,,,,,,,,,,,
GX010808.MP4,537.7372,69.2307692307692,15.3846153846154,15.3846153846154,13,,,GX010809.MP4,537.7372,36.8421052631579,39.4736842105263,23.6842105263158,38,,,,,,,,,,,,,,,,,,,GX020808.MP4,537.7372,42.8571428571429,42.8571428571429,14.2857142857143,21,,,,,,,,,,,,,,,,
GX010808.MP4,538.1376,54.5454545454545,27.2727272727273,18.1818181818182,22,,,GX010809.MP4,538.1376,40.5405405405405,32.4324324324324,27.027027027027,37,,,,,,,,,,,,,,,,,,,GX020808.MP4,538.1376,27.027027027027,37.8378378378378,35.1351351351351,37,,,,,,,,,,,,,,,,
GX010808.MP4,538.538,47.0588235294118,41.1764705882353,11.7647058823529,17,,,GX010809.MP4,538.538,39.3939393939394,42.4242424242424,18.1818181818182,33,,,,,,,,,,,,,,,,,,,GX020808.MP4,538.538,55.5555555555556,33.3333333333333,11.1111111111111,27,,,,,,,,,,,,,,,,
GX010808.MP4,538.9384,61.1111111111111,38.8888888888889,0,18,,,GX010809.MP4,538.9384,32.5,40,27.5,40,,,,,,,,,,,,,,,,,,,GX020808.MP4,538.9384,50,36.6666666666667,13.3333333333333,30,,,,,,,,,,,,,,,,
GX010808.MP4,539.3388,57.8947368421053,26.3157894736842,15.7894736842105,19,,,GX010809.MP4,539.3388,51.2820512820513,30.7692307692308,17.948717948718,39,,,,,,,,,,,,,,,,,,,GX020808.MP4,539.3388,48,20,32,25,,,,,,,,,,,,,,,,
GX010808.MP4,539.7392,42.8571428571429,28.5714285714286,28.5714285714286,14,,,GX010809.MP4,539.7392,6.45161290322581,77.4193548387097,16.1290322580645,31,,,,,,,,,,,,,,,,,,,GX020808.MP4,539.7392,54.1666666666667,33.3333333333333,12.5,24,,,,,,,,,,,,,,,,
GX010808.MP4,540.1396,42.1052631578947,36.8421052631579,21.0526315789474,19,,,GX010809.MP4,540.1396,7.69230769230769,88.4615384615385,3.84615384615385,26,,,,,,,,,,,,,,,,,,,GX020808.MP4,540.1396,37.9310344827586,41.3793103448276,20.6896551724138,29,,,,,,,,,,,,,,,,
GX010808.MP4,540.54,53.8461538461539,23.0769230769231,23.0769230769231,13,,,GX010809.MP4,540.54,11.1111111111111,77.7777777777778,11.1111111111111,27,,,,,,,,,,,,,,,,,,,GX020808.MP4,540.54,37.5,50,12.5,24,,,,,,,,,,,,,,,,
GX010808.MP4,540.9404,71.4285714285714,28.5714285714286,0,14,,,GX010809.MP4,540.9404,42.1052631578947,26.3157894736842,31.5789473684211,38,,,,,,,,,,,,,,,,,,,GX020808.MP4,540.9404,56,40,4,25,,,,,,,,,,,,,,,,
GX010808.MP4,541.3408,53.8461538461539,38.4615384615385,7.69230769230769,13,,,GX010809.MP4,541.3408,38.2352941176471,32.3529411764706,29.4117647058824,34,,,,,,,,,,,,,,,,,,,GX020808.MP4,541.3408,50,45,5,20,,,,,,,,,,,,,,,,
GX010808.MP4,541.7412,52.9411764705882,29.4117647058824,17.6470588235294,17,,,GX010809.MP4,541.7412,41.025641025641,28.2051282051282,30.7692307692308,39,,,,,,,,,,,,,,,,,,,GX020808.MP4,541.7412,20.8333333333333,41.6666666666667,37.5,24,,,,,,,,,,,,,,,,
GX010808.MP4,542.1416,43.75,56.25,0,16,,,GX010809.MP4,542.1416,42.5,32.5,25,40,,,,,,,,,,,,,,,,,,,GX020808.MP4,542.1416,27.7777777777778,50,22.2222222222222,18,,,,,,,,,,,,,,,,
GX010808.MP4,542.542,36.8421052631579,57.8947368421053,5.26315789473684,19,,,GX010809.MP4,542.542,44.4444444444444,33.3333333333333,22.2222222222222,36,,,,,,,,,,,,,,,,,,,GX020808.MP4,542.542,35.7142857142857,50,14.2857142857143,28,,,,,,,,,,,,,,,,
GX010808.MP4,542.9424,53.8461538461539,34.6153846153846,11.5384615384615,26,,,GX010809.MP4,542.9424,47.2222222222222,33.3333333333333,19.4444444444444,36,,,,,,,,,,,,,,,,,,,GX020808.MP4,542.9424,13.3333333333333,86.6666666666667,0,15,,,,,,,,,,,,,,,,
GX010808.MP4,543.3428,15.625,62.5,21.875,32,,,GX010809.MP4,543.3428,41.1764705882353,38.2352941176471,20.5882352941176,34,,,,,,,,,,,,,,,,,,,GX020808.MP4,543.3428,39.1304347826087,30.4347826086957,30.4347826086957,23,,,,,,,,,,,,,,,,
GX010808.MP4,543.7432,39.1304347826087,43.4782608695652,17.3913043478261,23,,,GX010809.MP4,543.7432,56.25,34.375,9.375,32,,,,,,,,,,,,,,,,,,,GX020808.MP4,543.7432,21.7391304347826,69.5652173913043,8.69565217391304,23,,,,,,,,,,,,,,,,
GX010808.MP4,544.1436,35.2941176470588,35.2941176470588,29.4117647058824,17,,,GX010809.MP4,544.1436,33.3333333333333,22.2222222222222,44.4444444444444,18,,,,,,,,,,,,,,,,,,,GX020808.MP4,544.1436,33.3333333333333,41.6666666666667,25,12,,,,,,,,,,,,,,,,
GX010808.MP4,544.544,56.25,25,18.75,16,,,GX010809.MP4,544.544,20.8333333333333,41.6666666666667,37.5,24,,,,,,,,,,,,,,,,,,,GX020808.MP4,544.544,55.5555555555556,16.6666666666667,27.7777777777778,18,,,,,,,,,,,,,,,,
GX010808.MP4,544.9444,55,15,30,20,,,GX010809.MP4,544.9444,38.4615384615385,26.9230769230769,34.6153846153846,26,,,,,,,,,,,,,,,,,,,GX020808.MP4,544.9444,35,50,15,20,,,,,,,,,,,,,,,,
GX010808.MP4,545.3448,0,75,25,4,,,GX010809.MP4,545.3448,33.3333333333333,33.3333333333333,33.3333333333333,21,,,,,,,,,,,,,,,,,,,GX020808.MP4,545.3448,39.2857142857143,21.4285714285714,39.2857142857143,28,,,,,,,,,,,,,,,,
GX010808.MP4,545.7452,0,72.7272727272727,27.2727272727273,11,,,GX010809.MP4,545.7452,41.3793103448276,41.3793103448276,17.2413793103448,29,,,,,,,,,,,,,,,,,,,GX020808.MP4,545.7452,35.4838709677419,45.1612903225806,19.3548387096774,31,,,,,,,,,,,,,,,,
GX010808.MP4,546.1456,33.3333333333333,44.4444444444444,22.2222222222222,9,,,GX010809.MP4,546.1456,43.2432432432432,40.5405405405405,16.2162162162162,37,,,,,,,,,,,,,,,,,,,GX020808.MP4,546.1456,16.6666666666667,83.3333333333333,0,6,,,,,,,,,,,,,,,,
GX010808.MP4,546.546,15.7894736842105,57.8947368421053,26.3157894736842,19,,,GX010809.MP4,546.546,40.4255319148936,46.8085106382979,12.7659574468085,47,,,,,,,,,,,,,,,,,,,GX020808.MP4,546.546,28.5714285714286,14.2857142857143,57.1428571428571,7,,,,,,,,,,,,,,,,
GX010808.MP4,546.9464,41.1764705882353,23.5294117647059,35.2941176470588,17,,,GX010809.MP4,546.9464,68.421052631579,23.6842105263158,7.89473684210526,38,,,,,,,,,,,,,,,,,,,GX020808.MP4,546.9464,25,62.5,12.5,24,,,,,,,,,,,,,,,,
GX010808.MP4,547.3468,23.5294117647059,64.7058823529412,11.7647058823529,17,,,GX010809.MP4,547.3468,71.0526315789474,23.6842105263158,5.26315789473684,38,,,,,,,,,,,,,,,,,,,GX020808.MP4,547.3468,31.5789473684211,52.6315789473684,15.7894736842105,19,,,,,,,,,,,,,,,,
GX010808.MP4,547.7472,22.7272727272727,63.6363636363636,13.6363636363636,22,,,GX010809.MP4,547.7472,50,38.2352941176471,11.7647058823529,34,,,,,,,,,,,,,,,,,,,GX020808.MP4,547.7472,62.5,0,37.5,8,,,,,,,,,,,,,,,,
GX010808.MP4,548.1476,35.2941176470588,52.9411764705882,11.7647058823529,17,,,GX010809.MP4,548.1476,67.8571428571429,25,7.14285714285714,28,,,,,,,,,,,,,,,,,,,GX020808.MP4,548.1476,57.1428571428571,42.8571428571429,0,14,,,,,,,,,,,,,,,,
GX010808.MP4,548.548,16.6666666666667,66.6666666666667,16.6666666666667,18,,,GX010809.MP4,548.548,54.8387096774194,32.258064516129,12.9032258064516,31,,,,,,,,,,,,,,,,,,,GX020808.MP4,548.548,13.3333333333333,73.3333333333333,13.3333333333333,15,,,,,,,,,,,,,,,,
GX010808.MP4,548.9484,16,68,16,25,,,GX010809.MP4,548.9484,40.625,43.75,15.625,32,,,,,,,,,,,,,,,,,,,GX020808.MP4,548.9484,25,75,0,12,,,,,,,,,,,,,,,,
GX010808.MP4,549.3488,27.2727272727273,54.5454545454545,18.1818181818182,22,,,GX010809.MP4,549.3488,28.5714285714286,46.4285714285714,25,28,,,,,,,,,,,,,,,,,,,GX020808.MP4,549.3488,16.6666666666667,75,8.33333333333333,12,,,,,,,,,,,,,,,,
GX010808.MP4,549.7492,25,64.2857142857143,10.7142857142857,28,,,GX010809.MP4,549.7492,30.4347826086957,52.1739130434783,17.3913043478261,23,,,,,,,,,,,,,,,,,,,GX020808.MP4,549.7492,47.0588235294118,47.0588235294118,5.88235294117647,17,,,,,,,,,,,,,,,,
GX010808.MP4,550.1496,10.2564102564103,74.3589743589744,15.3846153846154,39,,,GX010809.MP4,550.1496,33.3333333333333,36.6666666666667,30,30,,,,,,,,,,,,,,,,,,,GX020808.MP4,550.1496,42.1052631578947,52.6315789473684,5.26315789473684,19,,,,,,,,,,,,,,,,
GX010808.MP4,550.55,22.7272727272727,45.4545454545455,31.8181818181818,22,,,GX010809.MP4,550.55,25,46.4285714285714,28.5714285714286,28,,,,,,,,,,,,,,,,,,,GX020808.MP4,550.55,34.6153846153846,34.6153846153846,30.7692307692308,26,,,,,,,,,,,,,,,,
GX010808.MP4,550.9504,40,45,15,20,,,GX010809.MP4,550.9504,38.4615384615385,34.6153846153846,26.9230769230769,26,,,,,,,,,,,,,,,,,,,GX020808.MP4,550.9504,29.1666666666667,20.8333333333333,50,24,,,,,,,,,,,,,,,,
GX010808.MP4,551.3508,50,31.8181818181818,18.1818181818182,22,,,GX010809.MP4,551.3508,39.1304347826087,43.4782608695652,17.3913043478261,23,,,,,,,,,,,,,,,,,,,GX020808.MP4,551.3508,26.0869565217391,47.8260869565217,26.0869565217391,23,,,,,,,,,,,,,,,,
GX010808.MP4,551.7512,62.962962962963,29.6296296296296,7.40740740740741,27,,,GX010809.MP4,551.7512,50,16.6666666666667,33.3333333333333,30,,,,,,,,,,,,,,,,,,,GX020808.MP4,551.7512,44.4444444444444,29.6296296296296,25.9259259259259,27,,,,,,,,,,,,,,,,
GX010808.MP4,552.1516,31.8181818181818,63.6363636363636,4.54545454545455,22,,,GX010809.MP4,552.1516,46.6666666666667,33.3333333333333,20,30,,,,,,,,,,,,,,,,,,,GX020808.MP4,552.1516,37.9310344827586,27.5862068965517,34.4827586206897,29,,,,,,,,,,,,,,,,
GX010808.MP4,552.552,23.5294117647059,70.5882352941177,5.88235294117647,17,,,GX010809.MP4,552.552,40.7407407407407,25.9259259259259,33.3333333333333,27,,,,,,,,,,,,,,,,,,,GX020808.MP4,552.552,33.3333333333333,55.5555555555556,11.1111111111111,18,,,,,,,,,,,,,,,,
GX010808.MP4,552.9524,34.7826086956522,60.8695652173913,4.34782608695652,23,,,GX010809.MP4,552.9524,32.3529411764706,38.2352941176471,29.4117647058824,34,,,,,,,,,,,,,,,,,,,GX020808.MP4,552.9524,25,70,5,20,,,,,,,,,,,,,,,,
GX010808.MP4,553.3528,28,72,0,25,,,GX010809.MP4,553.3528,37.037037037037,33.3333333333333,29.6296296296296,27,,,,,,,,,,,,,,,,,,,GX020808.MP4,553.3528,27.2727272727273,36.3636363636364,36.3636363636364,22,,,,,,,,,,,,,,,,
GX010808.MP4,553.7532,27.2727272727273,54.5454545454545,18.1818181818182,11,,,GX010809.MP4,553.7532,33.3333333333333,30,36.6666666666667,30,,,,,,,,,,,,,,,,,,,GX020808.MP4,553.7532,36.3636363636364,54.5454545454545,9.09090909090909,22,,,,,,,,,,,,,,,,
GX010808.MP4,554.1536,53.3333333333333,20,26.6666666666667,15,,,GX010809.MP4,554.1536,35.4838709677419,41.9354838709677,22.5806451612903,31,,,,,,,,,,,,,,,,,,,GX020808.MP4,554.1536,57.8947368421053,26.3157894736842,15.7894736842105,19,,,,,,,,,,,,,,,,
GX010808.MP4,554.554,50,50,0,10,,,GX010809.MP4,554.554,42.8571428571429,42.8571428571429,14.2857142857143,28,,,,,,,,,,,,,,,,,,,GX020808.MP4,554.554,64.7058823529412,17.6470588235294,17.6470588235294,17,,,,,,,,,,,,,,,,
GX010808.MP4,554.9544,0,100,0,2,,,GX010809.MP4,554.9544,30.5555555555556,50,19.4444444444444,36,,,,,,,,,,,,,,,,,,,GX020808.MP4,554.9544,34.6153846153846,46.1538461538462,19.2307692307692,26,,,,,,,,,,,,,,,,
GX010808.MP4,555.3548,22.2222222222222,55.5555555555556,22.2222222222222,9,,,GX010809.MP4,555.3548,25,50,25,24,,,,,,,,,,,,,,,,,,,GX020808.MP4,555.3548,48.5714285714286,17.1428571428571,34.2857142857143,35,,,,,,,,,,,,,,,,
GX010808.MP4,555.7552,13.6363636363636,22.7272727272727,63.6363636363636,22,,,GX010809.MP4,555.7552,29.6296296296296,48.1481481481481,22.2222222222222,27,,,,,,,,,,,,,,,,,,,GX020808.MP4,555.7552,45,25,30,20,,,,,,,,,,,,,,,,
GX010808.MP4,556.1556,27.7777777777778,38.8888888888889,33.3333333333333,18,,,GX010809.MP4,556.1556,30,26.6666666666667,43.3333333333333,30,,,,,,,,,,,,,,,,,,,GX020808.MP4,556.1556,30.7692307692308,57.6923076923077,11.5384615384615,26,,,,,,,,,,,,,,,,
GX010808.MP4,556.556,23.5294117647059,47.0588235294118,29.4117647058824,17,,,GX010809.MP4,556.556,17.2413793103448,48.2758620689655,34.4827586206897,29,,,,,,,,,,,,,,,,,,,GX020808.MP4,556.556,27.2727272727273,72.7272727272727,0,11,,,,,,,,,,,,,,,,
GX010808.MP4,556.9564,60.7142857142857,39.2857142857143,0,28,,,GX010809.MP4,556.9564,39.4736842105263,39.4736842105263,21.0526315789474,38,,,,,,,,,,,,,,,,,,,GX020808.MP4,556.9564,44.4444444444444,27.7777777777778,27.7777777777778,18,,,,,,,,,,,,,,,,
GX010808.MP4,557.3568,15.7894736842105,68.421052631579,15.7894736842105,19,,,GX010809.MP4,557.3568,48.2758620689655,17.2413793103448,34.4827586206897,29,,,,,,,,,,,,,,,,,,,GX020808.MP4,557.3568,35,25,40,20,,,,,,,,,,,,,,,,
GX010808.MP4,557.7572,34.7826086956522,43.4782608695652,21.7391304347826,23,,,GX010809.MP4,557.7572,60,26.6666666666667,13.3333333333333,15,,,,,,,,,,,,,,,,,,,GX020808.MP4,557.7572,48,24,28,25,,,,,,,,,,,,,,,,
GX010808.MP4,558.1576,40,50,10,20,,,GX010809.MP4,558.1576,30,40,30,20,,,,,,,,,,,,,,,,,,,GX020808.MP4,558.1576,35,40,25,20,,,,,,,,,,,,,,,,
GX010808.MP4,558.558,0,27.2727272727273,72.7272727272727,11,,,GX010809.MP4,558.558,24.1379310344828,20.6896551724138,55.1724137931034,29,,,,,,,,,,,,,,,,,,,GX020808.MP4,558.558,29.6296296296296,25.9259259259259,44.4444444444444,27,,,,,,,,,,,,,,,,
GX010808.MP4,558.9584,14.2857142857143,21.4285714285714,64.2857142857143,14,,,GX010809.MP4,558.9584,20,30,50,30,,,,,,,,,,,,,,,,,,,GX020808.MP4,558.9584,50,34.6153846153846,15.3846153846154,26,,,,,,,,,,,,,,,,
GX010808.MP4,559.3588,60,40,0,10,,,GX010809.MP4,559.3588,31.0344827586207,24.1379310344828,44.8275862068966,29,,,,,,,,,,,,,,,,,,,GX020808.MP4,559.3588,50,38.8888888888889,11.1111111111111,18,,,,,,,,,,,,,,,,
GX010808.MP4,559.7592,64.2857142857143,21.4285714285714,14.2857142857143,14,,,GX010809.MP4,559.7592,25.9259259259259,29.6296296296296,44.4444444444444,27,,,,,,,,,,,,,,,,,,,GX020808.MP4,559.7592,33.3333333333333,66.6666666666667,0,6,,,,,,,,,,,,,,,,
GX010808.MP4,560.1596,26.3157894736842,31.5789473684211,42.1052631578947,19,,,GX010809.MP4,560.1596,25.9259259259259,22.2222222222222,51.8518518518519,27,,,,,,,,,,,,,,,,,,,GX020808.MP4,560.1596,54.5454545454545,36.3636363636364,9.09090909090909,11,,,,,,,,,,,,,,,,
GX010808.MP4,560.56,50,30,20,20,,,GX010809.MP4,560.56,35.7142857142857,32.1428571428571,32.1428571428571,28,,,,,,,,,,,,,,,,,,,GX020808.MP4,560.56,81.8181818181818,9.09090909090909,9.09090909090909,11,,,,,,,,,,,,,,,,
GX010808.MP4,560.9604,40,46.6666666666667,13.3333333333333,15,,,GX010809.MP4,560.9604,38.2352941176471,35.2941176470588,26.4705882352941,34,,,,,,,,,,,,,,,,,,,GX020808.MP4,560.9604,72.7272727272727,0,27.2727272727273,11,,,,,,,,,,,,,,,,
GX010808.MP4,561.3608,40.9090909090909,40.9090909090909,18.1818181818182,22,,,,,,,,,,,,,,,,,,,,,,,,,,,GX020808.MP4,561.3608,44.4444444444444,33.3333333333333,22.2222222222222,9,,,,,,,,,,,,,,,,
GX010808.MP4,561.7612,23.8095238095238,61.9047619047619,14.2857142857143,21,,,,,,,,,,,,,,,,,,,,,,,,,,,GX020808.MP4,561.7612,47.3684210526316,47.3684210526316,5.26315789473684,19,,,,,,,,,,,,,,,,
GX010808.MP4,562.1616,33.3333333333333,33.3333333333333,33.3333333333333,15,,,,,,,,,,,,,,,,,,,,,,,,,,,GX020808.MP4,562.1616,72.7272727272727,18.1818181818182,9.09090909090909,11,,,,,,,,,,,,,,,,
GX010808.MP4,562.562,31.5789473684211,42.1052631578947,26.3157894736842,19,,,,,,,,,,,,,,,,,,,,,,,,,,,GX020808.MP4,562.562,50,25,25,8,,,,,,,,,,,,,,,,
GX010808.MP4,562.9624,33.3333333333333,38.0952380952381,28.5714285714286,21,,,,,,,,,,,,,,,,,,,,,,,,,,,GX020808.MP4,562.9624,71.4285714285714,7.14285714285714,21.4285714285714,14,,,,,,,,,,,,,,,,
GX010808.MP4,563.3628,20,48,32,25,,,,,,,,,,,,,,,,,,,,,,,,,,,GX020808.MP4,563.3628,50,25,25,20,,,,,,,,,,,,,,,,
GX010808.MP4,563.7632,16.6666666666667,58.3333333333333,25,12,,,,,,,,,,,,,,,,,,,,,,,,,,,GX020808.MP4,563.7632,50,21.4285714285714,28.5714285714286,14,,,,,,,,,,,,,,,,
GX010808.MP4,564.1636,46.6666666666667,46.6666666666667,6.66666666666667,15,,,,,,,,,,,,,,,,,,,,,,,,,,,GX020808.MP4,564.1636,40,28,32,25,,,,,,,,,,,,,,,,
GX010808.MP4,564.564,31.25,43.75,25,16,,,,,,,,,,,,,,,,,,,,,,,,,,,GX020808.MP4,564.564,25,66.6666666666667,8.33333333333333,12,,,,,,,,,,,,,,,,
GX010808.MP4,564.9644,40.9090909090909,31.8181818181818,27.2727272727273,22,,,,,,,,,,,,,,,,,,,,,,,,,,,GX020808.MP4,564.9644,50,43.75,6.25,16,,,,,,,,,,,,,,,,
GX010808.MP4,565.3648,56.5217391304348,30.4347826086957,13.0434782608696,23,,,,,,,,,,,,,,,,,,,,,,,,,,,GX020808.MP4,565.3648,56.25,37.5,6.25,16,,,,,,,,,,,,,,,,
GX010808.MP4,565.7652,15,55,30,20,,,,,,,,,,,,,,,,,,,,,,,,,,,GX020808.MP4,565.7652,50,44.4444444444444,5.55555555555556,18,,,,,,,,,,,,,,,,
GX010808.MP4,566.1656,20,70,10,10,,,,,,,,,,,,,,,,,,,,,,,,,,,GX020808.MP4,566.1656,46.6666666666667,40,13.3333333333333,15,,,,,,,,,,,,,,,,
GX010808.MP4,566.566,32,52,16,25,,,,,,,,,,,,,,,,,,,,,,,,,,,GX020808.MP4,566.566,57.8947368421053,21.0526315789474,21.0526315789474,19,,,,,,,,,,,,,,,,
GX010808.MP4,566.9664,30.4347826086957,60.8695652173913,8.69565217391304,23,,,,,,,,,,,,,,,,,,,,,,,,,,,GX020808.MP4,566.9664,50,17.8571428571429,32.1428571428571,28,,,,,,,,,,,,,,,,
GX010808.MP4,567.3668,11.1111111111111,88.8888888888889,0,27,,,,,,,,,,,,,,,,,,,,,,,,,,,GX020808.MP4,567.3668,46.1538461538462,53.8461538461539,0,26,,,,,,,,,,,,,,,,
GX010808.MP4,567.7672,10.5263157894737,89.4736842105263,0,19,,,,,,,,,,,,,,,,,,,,,,,,,,,GX020808.MP4,567.7672,55,30,15,20,,,,,,,,,,,,,,,,
GX010808.MP4,568.1676,10.5263157894737,89.4736842105263,0,19,,,,,,,,,,,,,,,,,,,,,,,,,,,GX020808.MP4,568.1676,37.5,56.25,6.25,32,,,,,,,,,,,,,,,,
GX010808.MP4,568.568,21.7391304347826,73.9130434782609,4.34782608695652,23,,,,,,,,,,,,,,,,,,,,,,,,,,,GX020808.MP4,568.568,45.7142857142857,17.1428571428571,37.1428571428571,35,,,,,,,,,,,,,,,,
GX010808.MP4,568.9684,47.3684210526316,36.8421052631579,15.7894736842105,19,,,,,,,,,,,,,,,,,,,,,,,,,,,GX020808.MP4,568.9684,41.1764705882353,52.9411764705882,5.88235294117647,17,,,,,,,,,,,,,,,,
GX010808.MP4,569.3688,42.8571428571429,0,57.1428571428571,14,,,,,,,,,,,,,,,,,,,,,,,,,,,GX020808.MP4,569.3688,33.3333333333333,61.1111111111111,5.55555555555556,18,,,,,,,,,,,,,,,,
GX010808.MP4,569.7692,64.7058823529412,29.4117647058824,5.88235294117647,17,,,,,,,,,,,,,,,,,,,,,,,,,,,GX020808.MP4,569.7692,36,56,8,25,,,,,,,,,,,,,,,,
GX010808.MP4,570.1696,64.2857142857143,21.4285714285714,14.2857142857143,14,,,,,,,,,,,,,,,,,,,,,,,,,,,GX020808.MP4,570.1696,18.75,75,6.25,32,,,,,,,,,,,,,,,,
GX010808.MP4,570.57,46.6666666666667,26.6666666666667,26.6666666666667,15,,,,,,,,,,,,,,,,,,,,,,,,,,,GX020808.MP4,570.57,50,19.2307692307692,30.7692307692308,26,,,,,,,,,,,,,,,,
GX010808.MP4,570.9704,45.8333333333333,25,29.1666666666667,24,,,,,,,,,,,,,,,,,,,,,,,,,,,GX020808.MP4,570.9704,60,20,20,25,,,,,,,,,,,,,,,,
GX010808.MP4,571.3708,38.0952380952381,38.0952380952381,23.8095238095238,21,,,,,,,,,,,,,,,,,,,,,,,,,,,GX020808.MP4,571.3708,50,25,25,20,,,,,,,,,,,,,,,,
GX010808.MP4,571.7712,41.1764705882353,23.5294117647059,35.2941176470588,17,,,,,,,,,,,,,,,,,,,,,,,,,,,GX020808.MP4,571.7712,55.5555555555556,27.7777777777778,16.6666666666667,18,,,,,,,,,,,,,,,,
GX010808.MP4,572.1716,39.1304347826087,47.8260869565217,13.0434782608696,23,,,,,,,,,,,,,,,,,,,,,,,,,,,GX020808.MP4,572.1716,42.3076923076923,38.4615384615385,19.2307692307692,26,,,,,,,,,,,,,,,,
GX010808.MP4,572.572,50,27.2727272727273,22.7272727272727,22,,,,,,,,,,,,,,,,,,,,,,,,,,,GX020808.MP4,572.572,25,75,0,12,,,,,,,,,,,,,,,,
GX010808.MP4,572.9724,41.6666666666667,29.1666666666667,29.1666666666667,24,,,,,,,,,,,,,,,,,,,,,,,,,,,GX020808.MP4,572.9724,45,50,5,20,,,,,,,,,,,,,,,,
GX010808.MP4,573.3728,24,32,44,25,,,,,,,,,,,,,,,,,,,,,,,,,,,GX020808.MP4,573.3728,36.8421052631579,57.8947368421053,5.26315789473684,19,,,,,,,,,,,,,,,,
GX010808.MP4,573.7732,38.7096774193548,29.0322580645161,32.258064516129,31,,,,,,,,,,,,,,,,,,,,,,,,,,,GX020808.MP4,573.7732,57.1428571428571,42.8571428571429,0,14,,,,,,,,,,,,,,,,
GX010808.MP4,574.1736,38.0952380952381,28.5714285714286,33.3333333333333,21,,,,,,,,,,,,,,,,,,,,,,,,,,,GX020808.MP4,574.1736,50,50,0,12,,,,,,,,,,,,,,,,
GX010808.MP4,574.574,33.3333333333333,23.8095238095238,42.8571428571429,21,,,,,,,,,,,,,,,,,,,,,,,,,,,GX020808.MP4,574.574,50,50,0,10,,,,,,,,,,,,,,,,
GX010808.MP4,574.9744,36.3636363636364,22.7272727272727,40.9090909090909,22,,,,,,,,,,,,,,,,,,,,,,,,,,,GX020808.MP4,574.9744,40,46.6666666666667,13.3333333333333,15,,,,,,,,,,,,,,,,
GX010808.MP4,575.3748,30.4347826086957,26.0869565217391,43.4782608695652,23,,,,,,,,,,,,,,,,,,,,,,,,,,,GX020808.MP4,575.3748,37.5,62.5,0,8,,,,,,,,,,,,,,,,
GX010808.MP4,575.7752,18.5185185185185,11.1111111111111,70.3703703703704,27,,,,,,,,,,,,,,,,,,,,,,,,,,,GX020808.MP4,575.7752,21.4285714285714,71.4285714285714,7.14285714285714,14,,,,,,,,,,,,,,,,
GX010808.MP4,576.1756,30.4347826086957,30.4347826086957,39.1304347826087,23,,,,,,,,,,,,,,,,,,,,,,,,,,,GX020808.MP4,576.1756,16.6666666666667,22.2222222222222,61.1111111111111,18,,,,,,,,,,,,,,,,
GX010808.MP4,576.576,20,46.6666666666667,33.3333333333333,15,,,,,,,,,,,,,,,,,,,,,,,,,,,GX020808.MP4,576.576,44.4444444444444,38.8888888888889,16.6666666666667,18,,,,,,,,,,,,,,,,
GX010808.MP4,576.9764,24,32,44,25,,,,,,,,,,,,,,,,,,,,,,,,,,,GX020808.MP4,576.9764,52.9411764705882,17.6470588235294,29.4117647058824,17,,,,,,,,,,,,,,,,
GX010808.MP4,577.3768,7.14285714285714,21.4285714285714,71.4285714285714,14,,,,,,,,,,,,,,,,,,,,,,,,,,,GX020808.MP4,577.3768,44.4444444444444,33.3333333333333,22.2222222222222,18,,,,,,,,,,,,,,,,
GX010808.MP4,577.7772,5,60,35,20,,,,,,,,,,,,,,,,,,,,,,,,,,,GX020808.MP4,577.7772,50,31.25,18.75,16,,,,,,,,,,,,,,,,
GX010808.MP4,578.1776,20,60,20,15,,,,,,,,,,,,,,,,,,,,,,,,,,,GX020808.MP4,578.1776,50,27.7777777777778,22.2222222222222,18,,,,,,,,,,,,,,,,
GX010808.MP4,578.578,0,83.3333333333333,16.6666666666667,6,,,,,,,,,,,,,,,,,,,,,,,,,,,GX020808.MP4,578.578,60.8695652173913,17.3913043478261,21.7391304347826,23,,,,,,,,,,,,,,,,
GX010808.MP4,578.9784,25,40,35,20,,,,,,,,,,,,,,,,,,,,,,,,,,,GX020808.MP4,578.9784,50,28.5714285714286,21.4285714285714,28,,,,,,,,,,,,,,,,
GX010808.MP4,579.3788,25,29.1666666666667,45.8333333333333,24,,,,,,,,,,,,,,,,,,,,,,,,,,,GX020808.MP4,579.3788,50,32.1428571428571,17.8571428571429,28,,,,,,,,,,,,,,,,
GX010808.MP4,579.7792,13.6363636363636,31.8181818181818,54.5454545454545,22,,,,,,,,,,,,,,,,,,,,,,,,,,,GX020808.MP4,579.7792,54.1666666666667,37.5,8.33333333333333,24,,,,,,,,,,,,,,,,
GX010808.MP4,580.1796,33.3333333333333,11.1111111111111,55.5555555555556,18,,,,,,,,,,,,,,,,,,,,,,,,,,,GX020808.MP4,580.1796,46.1538461538462,30.7692307692308,23.0769230769231,26,,,,,,,,,,,,,,,,
GX010808.MP4,580.58,68.9655172413793,10.3448275862069,20.6896551724138,29,,,,,,,,,,,,,,,,,,,,,,,,,,,GX020808.MP4,580.58,32.258064516129,41.9354838709677,25.8064516129032,31,,,,,,,,,,,,,,,,
GX010808.MP4,580.9804,59.4594594594595,5.40540540540541,35.1351351351351,37,,,,,,,,,,,,,,,,,,,,,,,,,,,GX020808.MP4,580.9804,38.8888888888889,44.4444444444444,16.6666666666667,36,,,,,,,,,,,,,,,,
GX010808.MP4,581.3808,51.6129032258065,22.5806451612903,25.8064516129032,31,,,,,,,,,,,,,,,,,,,,,,,,,,,GX020808.MP4,581.3808,48.1481481481481,37.037037037037,14.8148148148148,27,,,,,,,,,,,,,,,,
GX010808.MP4,581.7812,72.2222222222222,13.8888888888889,13.8888888888889,36,,,,,,,,,,,,,,,,,,,,,,,,,,,GX020808.MP4,581.7812,60,28.5714285714286,11.4285714285714,35,,,,,,,,,,,,,,,,
GX010808.MP4,582.1816,28,16,56,25,,,,,,,,,,,,,,,,,,,,,,,,,,,GX020808.MP4,582.1816,54.5454545454545,29.5454545454545,15.9090909090909,44,,,,,,,,,,,,,,,,
GX010808.MP4,582.582,26.0869565217391,26.0869565217391,47.8260869565217,23,,,,,,,,,,,,,,,,,,,,,,,,,,,GX020808.MP4,582.582,75.609756097561,19.5121951219512,4.87804878048781,41,,,,,,,,,,,,,,,,
GX010808.MP4,582.9824,25,10,65,20,,,,,,,,,,,,,,,,,,,,,,,,,,,GX020808.MP4,582.9824,5.40540540540541,94.5945945945946,0,37,,,,,,,,,,,,,,,,
GX010808.MP4,583.3828,19.047619047619,38.0952380952381,42.8571428571429,21,,,,,,,,,,,,,,,,,,,,,,,,,,,GX020808.MP4,583.3828,44.4444444444444,16.6666666666667,38.8888888888889,36,,,,,,,,,,,,,,,,
GX010808.MP4,583.7832,28.5714285714286,28.5714285714286,42.8571428571429,14,,,,,,,,,,,,,,,,,,,,,,,,,,,GX020808.MP4,583.7832,36.3636363636364,40.9090909090909,22.7272727272727,22,,,,,,,,,,,,,,,,
GX010808.MP4,584.1836,43.4782608695652,26.0869565217391,30.4347826086957,23,,,,,,,,,,,,,,,,,,,,,,,,,,,GX020808.MP4,584.1836,7.69230769230769,76.9230769230769,15.3846153846154,13,,,,,,,,,,,,,,,,
GX010808.MP4,584.584,25,10,65,20,,,,,,,,,,,,,,,,,,,,,,,,,,,GX020808.MP4,584.584,25,60.7142857142857,14.2857142857143,28,,,,,,,,,,,,,,,,
GX010808.MP4,584.9844,22.7272727272727,54.5454545454545,22.7272727272727,22,,,,,,,,,,,,,,,,,,,,,,,,,,,GX020808.MP4,584.9844,30.3030303030303,57.5757575757576,12.1212121212121,33,,,,,,,,,,,,,,,,
GX010808.MP4,585.3848,63.6363636363636,13.6363636363636,22.7272727272727,22,,,,,,,,,,,,,,,,,,,,,,,,,,,GX020808.MP4,585.3848,36.6666666666667,53.3333333333333,10,30,,,,,,,,,,,,,,,,
GX010808.MP4,585.7852,44.4444444444444,16.6666666666667,38.8888888888889,18,,,,,,,,,,,,,,,,,,,,,,,,,,,GX020808.MP4,585.7852,46.1538461538462,46.1538461538462,7.69230769230769,26,,,,,,,,,,,,,,,,
GX010808.MP4,586.1856,40,30,30,20,,,,,,,,,,,,,,,,,,,,,,,,,,,GX020808.MP4,586.1856,45.4545454545455,45.4545454545455,9.09090909090909,22,,,,,,,,,,,,,,,,
GX010808.MP4,586.586,50,22.2222222222222,27.7777777777778,18,,,,,,,,,,,,,,,,,,,,,,,,,,,GX020808.MP4,586.586,39.3939393939394,45.4545454545455,15.1515151515152,33,,,,,,,,,,,,,,,,
GX010808.MP4,586.9864,23.5294117647059,52.9411764705882,23.5294117647059,17,,,,,,,,,,,,,,,,,,,,,,,,,,,GX020808.MP4,586.9864,44,40,16,25,,,,,,,,,,,,,,,,
GX010808.MP4,587.3868,61.1111111111111,16.6666666666667,22.2222222222222,18,,,,,,,,,,,,,,,,,,,,,,,,,,,GX020808.MP4,587.3868,17.8571428571429,67.8571428571429,14.2857142857143,28,,,,,,,,,,,,,,,,
GX010808.MP4,587.7872,38.4615384615385,23.0769230769231,38.4615384615385,13,,,,,,,,,,,,,,,,,,,,,,,,,,,GX020808.MP4,587.7872,52.1739130434783,26.0869565217391,21.7391304347826,23,,,,,,,,,,,,,,,,
GX010808.MP4,588.1876,20,20,60,25,,,,,,,,,,,,,,,,,,,,,,,,,,,GX020808.MP4,588.1876,50,40,10,10,,,,,,,,,,,,,,,,
GX010808.MP4,588.588,4.54545454545455,22.7272727272727,72.7272727272727,22,,,,,,,,,,,,,,,,,,,,,,,,,,,GX020808.MP4,588.588,43.75,34.375,21.875,32,,,,,,,,,,,,,,,,
GX010808.MP4,588.9884,26.3157894736842,42.1052631578947,31.5789473684211,19,,,,,,,,,,,,,,,,,,,,,,,,,,,GX020808.MP4,588.9884,27.7777777777778,66.6666666666667,5.55555555555556,18,,,,,,,,,,,,,,,,
GX010808.MP4,589.3888,16.6666666666667,22.2222222222222,61.1111111111111,18,,,,,,,,,,,,,,,,,,,,,,,,,,,GX020808.MP4,589.3888,23.8095238095238,66.6666666666667,9.52380952380952,21,,,,,,,,,,,,,,,,
GX010808.MP4,589.7892,23.5294117647059,23.5294117647059,52.9411764705882,17,,,,,,,,,,,,,,,,,,,,,,,,,,,GX020808.MP4,589.7892,14.2857142857143,75,10.7142857142857,28,,,,,,,,,,,,,,,,
GX010808.MP4,590.1896,47.3684210526316,21.0526315789474,31.5789473684211,19,,,,,,,,,,,,,,,,,,,,,,,,,,,GX020808.MP4,590.1896,21.4285714285714,50,28.5714285714286,14,,,,,,,,,,,,,,,,
GX010808.MP4,590.59,33.3333333333333,25,41.6666666666667,24,,,,,,,,,,,,,,,,,,,,,,,,,,,GX020808.MP4,590.59,25,37.5,37.5,16,,,,,,,,,,,,,,,,
GX010808.MP4,590.9904,36.8421052631579,21.0526315789474,42.1052631578947,19,,,,,,,,,,,,,,,,,,,,,,,,,,,GX020808.MP4,590.9904,45,25,30,20,,,,,,,,,,,,,,,,
GX010808.MP4,591.3908,29.1666666666667,29.1666666666667,41.6666666666667,24,,,,,,,,,,,,,,,,,,,,,,,,,,,GX020808.MP4,591.3908,40,20,40,20,,,,,,,,,,,,,,,,
GX010808.MP4,591.7912,34.7826086956522,30.4347826086957,34.7826086956522,23,,,,,,,,,,,,,,,,,,,,,,,,,,,GX020808.MP4,591.7912,23.0769230769231,50,26.9230769230769,26,,,,,,,,,,,,,,,,
GX010808.MP4,592.1916,36.8421052631579,36.8421052631579,26.3157894736842,19,,,,,,,,,,,,,,,,,,,,,,,,,,,GX020808.MP4,592.1916,19.2307692307692,57.6923076923077,23.0769230769231,26,,,,,,,,,,,,,,,,
GX010808.MP4,592.592,23.0769230769231,57.6923076923077,19.2307692307692,26,,,,,,,,,,,,,,,,,,,,,,,,,,,GX020808.MP4,592.592,51.2820512820513,12.8205128205128,35.8974358974359,39,,,,,,,,,,,,,,,,
GX010808.MP4,592.9924,34.4827586206897,41.3793103448276,24.1379310344828,29,,,,,,,,,,,,,,,,,,,,,,,,,,,GX020808.MP4,592.9924,9.375,78.125,12.5,32,,,,,,,,,,,,,,,,
GX010808.MP4,593.3928,25,39.2857142857143,35.7142857142857,28,,,,,,,,,,,,,,,,,,,,,,,,,,,GX020808.MP4,593.3928,22.5,30,47.5,40,,,,,,,,,,,,,,,,
GX010808.MP4,593.7932,14.8148148148148,37.037037037037,48.1481481481481,27,,,,,,,,,,,,,,,,,,,,,,,,,,,GX020808.MP4,593.7932,50,10.7142857142857,39.2857142857143,28,,,,,,,,,,,,,,,,
GX010808.MP4,594.1936,27.2727272727273,36.3636363636364,36.3636363636364,22,,,,,,,,,,,,,,,,,,,,,,,,,,,GX020808.MP4,594.1936,24,68,8,25,,,,,,,,,,,,,,,,
GX010808.MP4,594.594,17.3913043478261,52.1739130434783,30.4347826086957,23,,,,,,,,,,,,,,,,,,,,,,,,,,,GX020808.MP4,594.594,32.1428571428571,53.5714285714286,14.2857142857143,28,,,,,,,,,,,,,,,,
GX010808.MP4,594.9944,24.1379310344828,27.5862068965517,48.2758620689655,29,,,,,,,,,,,,,,,,,,,,,,,,,,,GX020808.MP4,594.9944,45.4545454545455,36.3636363636364,18.1818181818182,33,,,,,,,,,,,,,,,,
GX010808.MP4,595.3948,38.4615384615385,11.5384615384615,50,26,,,,,,,,,,,,,,,,,,,,,,,,,,,GX020808.MP4,595.3948,55.5555555555556,33.3333333333333,11.1111111111111,36,,,,,,,,,,,,,,,,
GX010808.MP4,595.7952,43.75,12.5,43.75,32,,,,,,,,,,,,,,,,,,,,,,,,,,,GX020808.MP4,595.7952,50,37.5,12.5,40,,,,,,,,,,,,,,,,
GX010808.MP4,596.1956,50,19.2307692307692,30.7692307692308,26,,,,,,,,,,,,,,,,,,,,,,,,,,,GX020808.MP4,596.1956,39.1304347826087,39.1304347826087,21.7391304347826,23,,,,,,,,,,,,,,,,
GX010808.MP4,596.596,44.4444444444444,25.9259259259259,29.6296296296296,27,,,,,,,,,,,,,,,,,,,,,,,,,,,GX020808.MP4,596.596,70,26.6666666666667,3.33333333333333,30,,,,,,,,,,,,,,,,
GX010808.MP4,596.9964,42.3076923076923,30.7692307692308,26.9230769230769,26,,,,,,,,,,,,,,,,,,,,,,,,,,,GX020808.MP4,596.9964,33.3333333333333,19.4444444444444,47.2222222222222,36,,,,,,,,,,,,,,,,
GX010808.MP4,597.3968,60,12,28,25,,,,,,,,,,,,,,,,,,,,,,,,,,,GX020808.MP4,597.3968,48,8,44,25,,,,,,,,,,,,,,,,
GX010808.MP4,597.7972,50,13.3333333333333,36.6666666666667,30,,,,,,,,,,,,,,,,,,,,,,,,,,,GX020808.MP4,597.7972,21.2121212121212,45.4545454545455,33.3333333333333,33,,,,,,,,,,,,,,,,
GX010808.MP4,598.1976,41.6666666666667,33.3333333333333,25,24,,,,,,,,,,,,,,,,,,,,,,,,,,,GX020808.MP4,598.1976,30,46.6666666666667,23.3333333333333,30,,,,,,,,,,,,,,,,
GX010808.MP4,598.598,29.4117647058824,41.1764705882353,29.4117647058824,17,,,,,,,,,,,,,,,,,,,,,,,,,,,GX020808.MP4,598.598,50,33.3333333333333,16.6666666666667,24,,,,,,,,,,,,,,,,
GX010808.MP4,598.9984,50,40.9090909090909,9.09090909090909,22,,,,,,,,,,,,,,,,,,,,,,,,,,,GX020808.MP4,598.9984,30,36.6666666666667,33.3333333333333,30,,,,,,,,,,,,,,,,
GX010808.MP4,599.3988,52,36,12,25,,,,,,,,,,,,,,,,,,,,,,,,,,,GX020808.MP4,599.3988,22.2222222222222,25.9259259259259,51.8518518518519,27,,,,,,,,,,,,,,,,
GX010808.MP4,599.7992,65.3846153846154,30.7692307692308,3.84615384615385,26,,,,,,,,,,,,,,,,,,,,,,,,,,,GX020808.MP4,599.7992,21.875,34.375,43.75,32,,,,,,,,,,,,,,,,
GX010808.MP4,600.1996,44.4444444444444,38.8888888888889,16.6666666666667,18,,,,,,,,,,,,,,,,,,,,,,,,,,,GX020808.MP4,600.1996,51.5151515151515,24.2424242424242,24.2424242424242,33,,,,,,,,,,,,,,,,
GX010808.MP4,600.6,63.6363636363636,27.2727272727273,9.09090909090909,11,,,,,,,,,,,,,,,,,,,,,,,,,,,GX020808.MP4,600.6,43.75,25,31.25,32,,,,,,,,,,,,,,,,
GX010808.MP4,601.0004,62.5,31.25,6.25,16,,,,,,,,,,,,,,,,,,,,,,,,,,,GX020808.MP4,601.0004,38.2352941176471,26.4705882352941,35.2941176470588,34,,,,,,,,,,,,,,,,
GX010808.MP4,601.4008,42.1052631578947,36.8421052631579,21.0526315789474,19,,,,,,,,,,,,,,,,,,,,,,,,,,,GX020808.MP4,601.4008,41.1764705882353,29.4117647058824,29.4117647058824,34,,,,,,,,,,,,,,,,
GX010808.MP4,601.8012,53.8461538461539,38.4615384615385,7.69230769230769,26,,,,,,,,,,,,,,,,,,,,,,,,,,,GX020808.MP4,601.8012,45.4545454545455,30.3030303030303,24.2424242424242,33,,,,,,,,,,,,,,,,
GX010808.MP4,602.2016,45,35,20,20,,,,,,,,,,,,,,,,,,,,,,,,,,,GX020808.MP4,602.2016,33.3333333333333,30.3030303030303,36.3636363636364,33,,,,,,,,,,,,,,,,
GX010808.MP4,602.602,42.8571428571429,28.5714285714286,28.5714285714286,14,,,,,,,,,,,,,,,,,,,,,,,,,,,GX020808.MP4,602.602,62.5,28.125,9.375,32,,,,,,,,,,,,,,,,
GX010808.MP4,603.0024,20.8333333333333,54.1666666666667,25,24,,,,,,,,,,,,,,,,,,,,,,,,,,,GX020808.MP4,603.0024,8.10810810810811,81.0810810810811,10.8108108108108,37,,,,,,,,,,,,,,,,
GX010808.MP4,603.4028,37.5,37.5,25,16,,,,,,,,,,,,,,,,,,,,,,,,,,,GX020808.MP4,603.4028,24.2424242424242,63.6363636363636,12.1212121212121,33,,,,,,,,,,,,,,,,
GX010808.MP4,603.8032,58.3333333333333,16.6666666666667,25,24,,,,,,,,,,,,,,,,,,,,,,,,,,,GX020808.MP4,603.8032,14.8936170212766,63.8297872340426,21.2765957446809,47,,,,,,,,,,,,,,,,
GX010808.MP4,604.2036,50,33.3333333333333,16.6666666666667,12,,,,,,,,,,,,,,,,,,,,,,,,,,,GX020808.MP4,604.2036,34.7826086956522,65.2173913043478,0,23,,,,,,,,,,,,,,,,
GX010808.MP4,604.604,0,100,0,23,,,,,,,,,,,,,,,,,,,,,,,,,,,GX020808.MP4,604.604,47.0588235294118,41.1764705882353,11.7647058823529,17,,,,,,,,,,,,,,,,
GX010808.MP4,605.0044,45.4545454545455,40.9090909090909,13.6363636363636,22,,,,,,,,,,,,,,,,,,,,,,,,,,,GX020808.MP4,605.0044,51.8518518518519,33.3333333333333,14.8148148148148,27,,,,,,,,,,,,,,,,
GX010808.MP4,605.4048,16.6666666666667,83.3333333333333,0,18,,,,,,,,,,,,,,,,,,,,,,,,,,,GX020808.MP4,605.4048,38.0952380952381,52.3809523809524,9.52380952380952,21,,,,,,,,,,,,,,,,
GX010808.MP4,605.8052,13.0434782608696,60.8695652173913,26.0869565217391,23,,,,,,,,,,,,,,,,,,,,,,,,,,,GX020808.MP4,605.8052,39.2857142857143,25,35.7142857142857,28,,,,,,,,,,,,,,,,
GX010808.MP4,606.2056,72.7272727272727,18.1818181818182,9.09090909090909,11,,,,,,,,,,,,,,,,,,,,,,,,,,,GX020808.MP4,606.2056,33.3333333333333,52.3809523809524,14.2857142857143,21,,,,,,,,,,,,,,,,
GX010808.MP4,606.606,7.14285714285714,57.1428571428571,35.7142857142857,14,,,,,,,,,,,,,,,,,,,,,,,,,,,GX020808.MP4,606.606,44,36,20,25,,,,,,,,,,,,,,,,
GX010808.MP4,607.0064,41.1764705882353,5.88235294117647,52.9411764705882,17,,,,,,,,,,,,,,,,,,,,,,,,,,,GX020808.MP4,607.0064,68.9655172413793,24.1379310344828,6.89655172413793,29,,,,,,,,,,,,,,,,
GX010808.MP4,607.4068,38.0952380952381,57.1428571428571,4.76190476190476,21,,,,,,,,,,,,,,,,,,,,,,,,,,,GX020808.MP4,607.4068,34.6153846153846,46.1538461538462,19.2307692307692,26,,,,,,,,,,,,,,,,
GX010808.MP4,607.8072,47.0588235294118,29.4117647058824,23.5294117647059,17,,,,,,,,,,,,,,,,,,,,,,,,,,,GX020808.MP4,607.8072,41.6666666666667,41.6666666666667,16.6666666666667,24,,,,,,,,,,,,,,,,
GX010808.MP4,608.2076,33.3333333333333,33.3333333333333,33.3333333333333,12,,,,,,,,,,,,,,,,,,,,,,,,,,,GX020808.MP4,608.2076,68,24,8,25,,,,,,,,,,,,,,,,
GX010808.MP4,608.608,26.9230769230769,61.5384615384615,11.5384615384615,26,,,,,,,,,,,,,,,,,,,,,,,,,,,GX020808.MP4,608.608,43.75,56.25,0,16,,,,,,,,,,,,,,,,
GX010808.MP4,609.0084,30,50,20,20,,,,,,,,,,,,,,,,,,,,,,,,,,,GX020808.MP4,609.0084,50,28.5714285714286,21.4285714285714,28,,,,,,,,,,,,,,,,
GX010808.MP4,609.4088,20.6896551724138,68.9655172413793,10.3448275862069,29,,,,,,,,,,,,,,,,,,,,,,,,,,,GX020808.MP4,609.4088,36.1111111111111,11.1111111111111,52.7777777777778,36,,,,,,,,,,,,,,,,
GX010808.MP4,609.8092,19.2307692307692,73.0769230769231,7.69230769230769,26,,,,,,,,,,,,,,,,,,,,,,,,,,,GX020808.MP4,609.8092,33.3333333333333,29.6296296296296,37.037037037037,27,,,,,,,,,,,,,,,,
GX010808.MP4,610.2096,28.5714285714286,46.4285714285714,25,28,,,,,,,,,,,,,,,,,,,,,,,,,,,GX020808.MP4,610.2096,32.1428571428571,39.2857142857143,28.5714285714286,28,,,,,,,,,,,,,,,,
GX010808.MP4,610.61,52.1739130434783,26.0869565217391,21.7391304347826,23,,,,,,,,,,,,,,,,,,,,,,,,,,,GX020808.MP4,610.61,35.7142857142857,57.1428571428571,7.14285714285714,42,,,,,,,,,,,,,,,,
GX010808.MP4,611.0104,37.5,45.8333333333333,16.6666666666667,24,,,,,,,,,,,,,,,,,,,,,,,,,,,GX020808.MP4,611.0104,39.3939393939394,45.4545454545455,15.1515151515152,33,,,,,,,,,,,,,,,,
GX010808.MP4,611.4108,25,54.1666666666667,20.8333333333333,24,,,,,,,,,,,,,,,,,,,,,,,,,,,GX020808.MP4,611.4108,38.8888888888889,50,11.1111111111111,36,,,,,,,,,,,,,,,,
GX010808.MP4,611.8112,50,40.9090909090909,9.09090909090909,22,,,,,,,,,,,,,,,,,,,,,,,,,,,GX020808.MP4,611.8112,51.7241379310345,27.5862068965517,20.6896551724138,29,,,,,,,,,,,,,,,,
GX010808.MP4,612.2116,52.6315789473684,36.8421052631579,10.5263157894737,19,,,,,,,,,,,,,,,,,,,,,,,,,,,GX020808.MP4,612.2116,39.1304347826087,43.4782608695652,17.3913043478261,23,,,,,,,,,,,,,,,,
GX010808.MP4,612.612,46.1538461538462,26.9230769230769,26.9230769230769,26,,,,,,,,,,,,,,,,,,,,,,,,,,,GX020808.MP4,612.612,44.1176470588235,41.1764705882353,14.7058823529412,34,,,,,,,,,,,,,,,,
GX010808.MP4,613.0124,33.3333333333333,22.2222222222222,44.4444444444444,18,,,,,,,,,,,,,,,,,,,,,,,,,,,GX020808.MP4,613.0124,52.9411764705882,29.4117647058824,17.6470588235294,34,,,,,,,,,,,,,,,,
GX010808.MP4,613.4128,41.6666666666667,37.5,20.8333333333333,24,,,,,,,,,,,,,,,,,,,,,,,,,,,GX020808.MP4,613.4128,45.8333333333333,41.6666666666667,12.5,24,,,,,,,,,,,,,,,,
GX010808.MP4,613.8132,22.2222222222222,55.5555555555556,22.2222222222222,18,,,,,,,,,,,,,,,,,,,,,,,,,,,GX020808.MP4,613.8132,42.8571428571429,25,32.1428571428571,28,,,,,,,,,,,,,,,,
GX010808.MP4,614.2136,38.2352941176471,32.3529411764706,29.4117647058824,34,,,,,,,,,,,,,,,,,,,,,,,,,,,GX020808.MP4,614.2136,44.8275862068966,20.6896551724138,34.4827586206897,29,,,,,,,,,,,,,,,,
GX010808.MP4,614.614,22.2222222222222,55.5555555555556,22.2222222222222,18,,,,,,,,,,,,,,,,,,,,,,,,,,,GX020808.MP4,614.614,32.1428571428571,32.1428571428571,35.7142857142857,28,,,,,,,,,,,,,,,,
GX010808.MP4,615.0144,25.9259259259259,44.4444444444444,29.6296296296296,27,,,,,,,,,,,,,,,,,,,,,,,,,,,GX020808.MP4,615.0144,37.5,45.8333333333333,16.6666666666667,24,,,,,,,,,,,,,,,,
GX010808.MP4,615.4148,28.5714285714286,21.4285714285714,50,28,,,,,,,,,,,,,,,,,,,,,,,,,,,GX020808.MP4,615.4148,36,44,20,25,,,,,,,,,,,,,,,,
GX010808.MP4,615.8152,44,24,32,25,,,,,,,,,,,,,,,,,,,,,,,,,,,GX020808.MP4,615.8152,39.1304347826087,39.1304347826087,21.7391304347826,23,,,,,,,,,,,,,,,,
GX010808.MP4,616.2156,43.75,12.5,43.75,16,,,,,,,,,,,,,,,,,,,,,,,,,,,GX020808.MP4,616.2156,33.3333333333333,44.4444444444444,22.2222222222222,18,,,,,,,,,,,,,,,,
GX010808.MP4,616.616,34.4827586206897,62.0689655172414,3.44827586206897,29,,,,,,,,,,,,,,,,,,,,,,,,,,,GX020808.MP4,616.616,39.1304347826087,47.8260869565217,13.0434782608696,23,,,,,,,,,,,,,,,,
GX010808.MP4,617.0164,40.7407407407407,25.9259259259259,33.3333333333333,27,,,,,,,,,,,,,,,,,,,,,,,,,,,GX020808.MP4,617.0164,38.4615384615385,50,11.5384615384615,26,,,,,,,,,,,,,,,,
GX010808.MP4,617.4168,38.8888888888889,16.6666666666667,44.4444444444444,18,,,,,,,,,,,,,,,,,,,,,,,,,,,GX020808.MP4,617.4168,40,36,24,25,,,,,,,,,,,,,,,,
GX010808.MP4,617.8172,36.3636363636364,36.3636363636364,27.2727272727273,22,,,,,,,,,,,,,,,,,,,,,,,,,,,GX020808.MP4,617.8172,50,36.3636363636364,13.6363636363636,22,,,,,,,,,,,,,,,,
GX010808.MP4,618.2176,19.047619047619,61.9047619047619,19.047619047619,21,,,,,,,,,,,,,,,,,,,,,,,,,,,GX020808.MP4,618.2176,50,40.9090909090909,9.09090909090909,22,,,,,,,,,,,,,,,,
GX010808.MP4,618.618,57.8947368421053,31.5789473684211,10.5263157894737,19,,,,,,,,,,,,,,,,,,,,,,,,,,,GX020808.MP4,618.618,41.6666666666667,41.6666666666667,16.6666666666667,24,,,,,,,,,,,,,,,,
GX010808.MP4,619.0184,38.0952380952381,23.8095238095238,38.0952380952381,21,,,,,,,,,,,,,,,,,,,,,,,,,,,GX020808.MP4,619.0184,40.625,25,34.375,32,,,,,,,,,,,,,,,,
GX010808.MP4,619.4188,50,35,15,20,,,,,,,,,,,,,,,,,,,,,,,,,,,GX020808.MP4,619.4188,34.4827586206897,44.8275862068966,20.6896551724138,29,,,,,,,,,,,,,,,,
GX010808.MP4,619.8192,34.4827586206897,41.3793103448276,24.1379310344828,29,,,,,,,,,,,,,,,,,,,,,,,,,,,GX020808.MP4,619.8192,42.8571428571429,39.2857142857143,17.8571428571429,28,,,,,,,,,,,,,,,,
GX010808.MP4,620.2196,45,20,35,20,,,,,,,,,,,,,,,,,,,,,,,,,,,GX020808.MP4,620.2196,25,50,25,20,,,,,,,,,,,,,,,,
GX010808.MP4,620.62,64.7058823529412,23.5294117647059,11.7647058823529,17,,,,,,,,,,,,,,,,,,,,,,,,,,,GX020808.MP4,620.62,42.8571428571429,32.1428571428571,25,28,,,,,,,,,,,,,,,,
GX010808.MP4,621.0204,39.1304347826087,34.7826086956522,26.0869565217391,23,,,,,,,,,,,,,,,,,,,,,,,,,,,GX020808.MP4,621.0204,61.1111111111111,38.8888888888889,0,18,,,,,,,,,,,,,,,,
GX010808.MP4,621.4208,53.3333333333333,26.6666666666667,20,15,,,,,,,,,,,,,,,,,,,,,,,,,,,GX020808.MP4,621.4208,34.6153846153846,42.3076923076923,23.0769230769231,26,,,,,,,,,,,,,,,,
GX010808.MP4,621.8212,70,20,10,10,,,,,,,,,,,,,,,,,,,,,,,,,,,GX020808.MP4,621.8212,35.7142857142857,39.2857142857143,25,28,,,,,,,,,,,,,,,,
GX010808.MP4,622.2216,58.3333333333333,25,16.6666666666667,12,,,,,,,,,,,,,,,,,,,,,,,,,,,GX020808.MP4,622.2216,32.4324324324324,40.5405405405405,27.027027027027,37,,,,,,,,,,,,,,,,
GX010808.MP4,622.622,57.1428571428571,14.2857142857143,28.5714285714286,14,,,,,,,,,,,,,,,,,,,,,,,,,,,GX020808.MP4,622.622,15.3846153846154,42.3076923076923,42.3076923076923,26,,,,,,,,,,,,,,,,
GX010808.MP4,623.0224,57.1428571428571,21.4285714285714,21.4285714285714,14,,,,,,,,,,,,,,,,,,,,,,,,,,,GX020808.MP4,623.0224,27.2727272727273,31.8181818181818,40.9090909090909,22,,,,,,,,,,,,,,,,
GX010808.MP4,623.4228,57.1428571428571,35.7142857142857,7.14285714285714,14,,,,,,,,,,,,,,,,,,,,,,,,,,,GX020808.MP4,623.4228,27.2727272727273,50,22.7272727272727,22,,,,,,,,,,,,,,,,
GX010808.MP4,623.8232,36.8421052631579,52.6315789473684,10.5263157894737,19,,,,,,,,,,,,,,,,,,,,,,,,,,,GX020808.MP4,623.8232,31.4285714285714,34.2857142857143,34.2857142857143,35,,,,,,,,,,,,,,,,
GX010808.MP4,624.2236,58.8235294117647,35.2941176470588,5.88235294117647,17,,,,,,,,,,,,,,,,,,,,,,,,,,,GX020808.MP4,624.2236,39.2857142857143,35.7142857142857,25,28,,,,,,,,,,,,,,,,
GX010808.MP4,624.624,47.3684210526316,36.8421052631579,15.7894736842105,19,,,,,,,,,,,,,,,,,,,,,,,,,,,GX020808.MP4,624.624,26.6666666666667,43.3333333333333,30,30,,,,,,,,,,,,,,,,
GX010808.MP4,625.0244,43.75,37.5,18.75,16,,,,,,,,,,,,,,,,,,,,,,,,,,,GX020808.MP4,625.0244,41.9354838709677,38.7096774193548,19.3548387096774,31,,,,,,,,,,,,,,,,
GX010808.MP4,625.4248,41.1764705882353,47.0588235294118,11.7647058823529,17,,,,,,,,,,,,,,,,,,,,,,,,,,,GX020808.MP4,625.4248,41.6666666666667,29.1666666666667,29.1666666666667,24,,,,,,,,,,,,,,,,
GX010808.MP4,625.8252,35.2941176470588,41.1764705882353,23.5294117647059,17,,,,,,,,,,,,,,,,,,,,,,,,,,,GX020808.MP4,625.8252,47.0588235294118,41.1764705882353,11.7647058823529,17,,,,,,,,,,,,,,,,
GX010808.MP4,626.2256,37.5,50,12.5,16,,,,,,,,,,,,,,,,,,,,,,,,,,,GX020808.MP4,626.2256,22.2222222222222,55.5555555555556,22.2222222222222,27,,,,,,,,,,,,,,,,
GX010808.MP4,626.626,16.6666666666667,50,33.3333333333333,12,,,,,,,,,,,,,,,,,,,,,,,,,,,GX020808.MP4,626.626,22.5806451612903,41.9354838709677,35.4838709677419,31,,,,,,,,,,,,,,,,
GX010808.MP4,627.0264,23.0769230769231,30.7692307692308,46.1538461538462,13,,,,,,,,,,,,,,,,,,,,,,,,,,,GX020808.MP4,627.0264,36,40,24,25,,,,,,,,,,,,,,,,
GX010808.MP4,627.4268,60,30,10,10,,,,,,,,,,,,,,,,,,,,,,,,,,,GX020808.MP4,627.4268,14.7058823529412,76.4705882352941,8.82352941176471,34,,,,,,,,,,,,,,,,
GX010808.MP4,627.8272,46.6666666666667,40,13.3333333333333,15,,,,,,,,,,,,,,,,,,,,,,,,,,,GX020808.MP4,627.8272,8.57142857142857,74.2857142857143,17.1428571428571,35,,,,,,,,,,,,,,,,
GX010808.MP4,628.2276,38.4615384615385,42.3076923076923,19.2307692307692,26,,,,,,,,,,,,,,,,,,,,,,,,,,,GX020808.MP4,628.2276,17.2413793103448,41.3793103448276,41.3793103448276,29,,,,,,,,,,,,,,,,
GX010808.MP4,628.628,65,25,10,20,,,,,,,,,,,,,,,,,,,,,,,,,,,GX020808.MP4,628.628,32.258064516129,35.4838709677419,32.258064516129,31,,,,,,,,,,,,,,,,
GX010808.MP4,629.0284,58.8235294117647,23.5294117647059,17.6470588235294,17,,,,,,,,,,,,,,,,,,,,,,,,,,,GX020808.MP4,629.0284,25,47.5,27.5,40,,,,,,,,,,,,,,,,
GX010808.MP4,629.4288,26.3157894736842,47.3684210526316,26.3157894736842,19,,,,,,,,,,,,,,,,,,,,,,,,,,,GX020808.MP4,629.4288,47.6190476190476,26.1904761904762,26.1904761904762,42,,,,,,,,,,,,,,,,
GX010808.MP4,629.8292,29.6296296296296,59.2592592592593,11.1111111111111,27,,,,,,,,,,,,,,,,,,,,,,,,,,,GX020808.MP4,629.8292,25,32.1428571428571,42.8571428571429,28,,,,,,,,,,,,,,,,
GX010808.MP4,630.2296,31.5789473684211,26.3157894736842,42.1052631578947,19,,,,,,,,,,,,,,,,,,,,,,,,,,,GX020808.MP4,630.2296,14.2857142857143,80.952380952381,4.76190476190476,21,,,,,,,,,,,,,,,,
GX010808.MP4,630.63,38.4615384615385,46.1538461538462,15.3846153846154,26,,,,,,,,,,,,,,,,,,,,,,,,,,,GX020808.MP4,630.63,25,38.8888888888889,36.1111111111111,36,,,,,,,,,,,,,,,,
GX010808.MP4,631.0304,21.7391304347826,56.5217391304348,21.7391304347826,23,,,,,,,,,,,,,,,,,,,,,,,,,,,GX020808.MP4,631.0304,17.3913043478261,60.8695652173913,21.7391304347826,23,,,,,,,,,,,,,,,,
GX010808.MP4,631.4308,14.2857142857143,57.1428571428571,28.5714285714286,21,,,,,,,,,,,,,,,,,,,,,,,,,,,GX020808.MP4,631.4308,40.7407407407407,40.7407407407407,18.5185185185185,27,,,,,,,,,,,,,,,,
GX010808.MP4,631.8312,30,45,25,20,,,,,,,,,,,,,,,,,,,,,,,,,,,GX020808.MP4,631.8312,15.1515151515152,78.7878787878788,6.06060606060606,33,,,,,,,,,,,,,,,,
GX010808.MP4,632.2316,39.1304347826087,13.0434782608696,47.8260869565217,23,,,,,,,,,,,,,,,,,,,,,,,,,,,GX020808.MP4,632.2316,40,45.7142857142857,14.2857142857143,35,,,,,,,,,,,,,,,,
GX010808.MP4,632.632,66.6666666666667,26.6666666666667,6.66666666666667,30,,,,,,,,,,,,,,,,,,,,,,,,,,,GX020808.MP4,632.632,47.5,42.5,10,40,,,,,,,,,,,,,,,,
GX010808.MP4,633.0324,45.4545454545455,18.1818181818182,36.3636363636364,11,,,,,,,,,,,,,,,,,,,,,,,,,,,GX020808.MP4,633.0324,27.2727272727273,45.4545454545455,27.2727272727273,33,,,,,,,,,,,,,,,,
GX010808.MP4,633.4328,37.5,37.5,25,16,,,,,,,,,,,,,,,,,,,,,,,,,,,GX020808.MP4,633.4328,25,53.5714285714286,21.4285714285714,28,,,,,,,,,,,,,,,,
GX010808.MP4,633.8332,60,20,20,15,,,,,,,,,,,,,,,,,,,,,,,,,,,GX020808.MP4,633.8332,34.7826086956522,60.8695652173913,4.34782608695652,23,,,,,,,,,,,,,,,,
GX010808.MP4,634.2336,37.5,25,37.5,24,,,,,,,,,,,,,,,,,,,,,,,,,,,GX020808.MP4,634.2336,25.6410256410256,69.2307692307692,5.12820512820513,39,,,,,,,,,,,,,,,,
GX010808.MP4,634.634,13.6363636363636,81.8181818181818,4.54545454545455,22,,,,,,,,,,,,,,,,,,,,,,,,,,,GX020808.MP4,634.634,30.7692307692308,61.5384615384615,7.69230769230769,39,,,,,,,,,,,,,,,,
GX010808.MP4,635.0344,55,10,35,20,,,,,,,,,,,,,,,,,,,,,,,,,,,GX020808.MP4,635.0344,43.4782608695652,47.8260869565217,8.69565217391304,46,,,,,,,,,,,,,,,,
GX010808.MP4,635.4348,42.1052631578947,31.5789473684211,26.3157894736842,19,,,,,,,,,,,,,,,,,,,,,,,,,,,GX020808.MP4,635.4348,45.4545454545455,48.4848484848485,6.06060606060606,33,,,,,,,,,,,,,,,,
GX010808.MP4,635.8352,63.6363636363636,33.3333333333333,3.03030303030303,33,,,,,,,,,,,,,,,,,,,,,,,,,,,GX020808.MP4,635.8352,20.5882352941176,67.6470588235294,11.7647058823529,34,,,,,,,,,,,,,,,,
GX010808.MP4,636.2356,26.9230769230769,50,23.0769230769231,26,,,,,,,,,,,,,,,,,,,,,,,,,,,GX020808.MP4,636.2356,26.9230769230769,42.3076923076923,30.7692307692308,26,,,,,,,,,,,,,,,,
GX010808.MP4,636.636,42.8571428571429,42.8571428571429,14.2857142857143,21,,,,,,,,,,,,,,,,,,,,,,,,,,,GX020808.MP4,636.636,35,35,30,20,,,,,,,,,,,,,,,,
GX010808.MP4,637.0364,51.8518518518519,18.5185185185185,29.6296296296296,27,,,,,,,,,,,,,,,,,,,,,,,,,,,GX020808.MP4,637.0364,56.5217391304348,34.7826086956522,8.69565217391304,23,,,,,,,,,,,,,,,,
GX010808.MP4,637.4368,57.1428571428571,39.2857142857143,3.57142857142857,28,,,,,,,,,,,,,,,,,,,,,,,,,,,GX020808.MP4,637.4368,31.8181818181818,63.6363636363636,4.54545454545455,22,,,,,,,,,,,,,,,,
GX010808.MP4,637.8372,45.4545454545455,31.8181818181818,22.7272727272727,22,,,,,,,,,,,,,,,,,,,,,,,,,,,GX020808.MP4,637.8372,20.6896551724138,62.0689655172414,17.2413793103448,29,,,,,,,,,,,,,,,,
GX010808.MP4,638.2376,6.89655172413793,68.9655172413793,24.1379310344828,29,,,,,,,,,,,,,,,,,,,,,,,,,,,GX020808.MP4,638.2376,46.6666666666667,40,13.3333333333333,15,,,,,,,,,,,,,,,,
GX010808.MP4,638.638,21.0526315789474,57.8947368421053,21.0526315789474,19,,,,,,,,,,,,,,,,,,,,,,,,,,,GX020808.MP4,638.638,33.3333333333333,56.6666666666667,10,30,,,,,,,,,,,,,,,,
GX010808.MP4,639.0384,19.047619047619,52.3809523809524,28.5714285714286,21,,,,,,,,,,,,,,,,,,,,,,,,,,,GX020808.MP4,639.0384,25,50,25,16,,,,,,,,,,,,,,,,
GX010808.MP4,639.4388,6.25,62.5,31.25,16,,,,,,,,,,,,,,,,,,,,,,,,,,,GX020808.MP4,639.4388,36.8421052631579,36.8421052631579,26.3157894736842,19,,,,,,,,,,,,,,,,
GX010808.MP4,639.8392,39.1304347826087,39.1304347826087,21.7391304347826,23,,,,,,,,,,,,,,,,,,,,,,,,,,,GX020808.MP4,639.8392,31.5789473684211,26.3157894736842,42.1052631578947,19,,,,,,,,,,,,,,,,
GX010808.MP4,640.2396,25.9259259259259,51.8518518518519,22.2222222222222,27,,,,,,,,,,,,,,,,,,,,,,,,,,,GX020808.MP4,640.2396,37.5,45.8333333333333,16.6666666666667,24,,,,,,,,,,,,,,,,
GX010808.MP4,640.64,37.037037037037,55.5555555555556,7.40740740740741,27,,,,,,,,,,,,,,,,,,,,,,,,,,,GX020808.MP4,640.64,38.0952380952381,38.0952380952381,23.8095238095238,21,,,,,,,,,,,,,,,,
GX010808.MP4,641.0404,28,52,20,25,,,,,,,,,,,,,,,,,,,,,,,,,,,GX020808.MP4,641.0404,33.3333333333333,22.2222222222222,44.4444444444444,18,,,,,,,,,,,,,,,,
GX010808.MP4,641.4408,24.1379310344828,48.2758620689655,27.5862068965517,29,,,,,,,,,,,,,,,,,,,,,,,,,,,GX020808.MP4,641.4408,51.8518518518519,18.5185185185185,29.6296296296296,27,,,,,,,,,,,,,,,,
GX010808.MP4,641.8412,18.1818181818182,72.7272727272727,9.09090909090909,33,,,,,,,,,,,,,,,,,,,,,,,,,,,GX020808.MP4,641.8412,50,30,20,20,,,,,,,,,,,,,,,,
GX010808.MP4,642.2416,8.69565217391304,91.304347826087,0,23,,,,,,,,,,,,,,,,,,,,,,,,,,,GX020808.MP4,642.2416,40.625,34.375,25,32,,,,,,,,,,,,,,,,
GX010808.MP4,642.642,0,100,0,12,,,,,,,,,,,,,,,,,,,,,,,,,,,GX020808.MP4,642.642,20,60,20,20,,,,,,,,,,,,,,,,
GX010808.MP4,643.0424,14.2857142857143,85.7142857142857,0,14,,,,,,,,,,,,,,,,,,,,,,,,,,,GX020808.MP4,643.0424,9.67741935483871,67.741935483871,22.5806451612903,31,,,,,,,,,,,,,,,,
GX010808.MP4,643.4428,66.6666666666667,16.6666666666667,16.6666666666667,6,,,,,,,,,,,,,,,,,,,,,,,,,,,GX020808.MP4,643.4428,18.75,62.5,18.75,16,,,,,,,,,,,,,,,,
GX010808.MP4,643.8432,33.3333333333333,66.6666666666667,0,6,,,,,,,,,,,,,,,,,,,,,,,,,,,GX020808.MP4,643.8432,34.6153846153846,38.4615384615385,26.9230769230769,26,,,,,,,,,,,,,,,,
GX010808.MP4,644.2436,13.0434782608696,65.2173913043478,21.7391304347826,23,,,,,,,,,,,,,,,,,,,,,,,,,,,GX020808.MP4,644.2436,36,40,24,25,,,,,,,,,,,,,,,,
GX010808.MP4,644.644,20.8333333333333,66.6666666666667,12.5,24,,,,,,,,,,,,,,,,,,,,,,,,,,,GX020808.MP4,644.644,37.037037037037,44.4444444444444,18.5185185185185,27,,,,,,,,,,,,,,,,
GX010808.MP4,645.0444,40.7407407407407,51.8518518518519,7.40740740740741,27,,,,,,,,,,,,,,,,,,,,,,,,,,,GX020808.MP4,645.0444,45.945945945946,35.1351351351351,18.9189189189189,37,,,,,,,,,,,,,,,,
GX010808.MP4,645.4448,42.3076923076923,42.3076923076923,15.3846153846154,26,,,,,,,,,,,,,,,,,,,,,,,,,,,GX020808.MP4,645.4448,41.9354838709677,32.258064516129,25.8064516129032,31,,,,,,,,,,,,,,,,
GX010808.MP4,645.8452,44.4444444444444,11.1111111111111,44.4444444444444,27,,,,,,,,,,,,,,,,,,,,,,,,,,,GX020808.MP4,645.8452,57.1428571428571,23.8095238095238,19.047619047619,21,,,,,,,,,,,,,,,,
GX010808.MP4,646.2456,34.6153846153846,46.1538461538462,19.2307692307692,26,,,,,,,,,,,,,,,,,,,,,,,,,,,GX020808.MP4,646.2456,44,44,12,25,,,,,,,,,,,,,,,,
GX010808.MP4,646.646,26.0869565217391,47.8260869565217,26.0869565217391,23,,,,,,,,,,,,,,,,,,,,,,,,,,,GX020808.MP4,646.646,38.2352941176471,38.2352941176471,23.5294117647059,34,,,,,,,,,,,,,,,,
GX010808.MP4,647.0464,45,40,15,20,,,,,,,,,,,,,,,,,,,,,,,,,,,GX020808.MP4,647.0464,50,40,10,20,,,,,,,,,,,,,,,,
GX010808.MP4,647.4468,38.4615384615385,38.4615384615385,23.0769230769231,13,,,,,,,,,,,,,,,,,,,,,,,,,,,GX020808.MP4,647.4468,36.3636363636364,36.3636363636364,27.2727272727273,11,,,,,,,,,,,,,,,,
GX010808.MP4,647.8472,26.3157894736842,26.3157894736842,47.3684210526316,19,,,,,,,,,,,,,,,,,,,,,,,,,,,GX020808.MP4,647.8472,43.75,34.375,21.875,32,,,,,,,,,,,,,,,,
GX010808.MP4,648.2476,25,66.6666666666667,8.33333333333333,12,,,,,,,,,,,,,,,,,,,,,,,,,,,GX020808.MP4,648.2476,31.8181818181818,54.5454545454545,13.6363636363636,22,,,,,,,,,,,,,,,,
GX010808.MP4,648.648,20,26.6666666666667,53.3333333333333,15,,,,,,,,,,,,,,,,,,,,,,,,,,,GX020808.MP4,648.648,50,41.6666666666667,8.33333333333333,24,,,,,,,,,,,,,,,,
GX010808.MP4,649.0484,47.6190476190476,23.8095238095238,28.5714285714286,21,,,,,,,,,,,,,,,,,,,,,,,,,,,GX020808.MP4,649.0484,25,65,10,20,,,,,,,,,,,,,,,,
GX010808.MP4,649.4488,54.5454545454545,22.7272727272727,22.7272727272727,22,,,,,,,,,,,,,,,,,,,,,,,,,,,GX020808.MP4,649.4488,19.2307692307692,57.6923076923077,23.0769230769231,26,,,,,,,,,,,,,,,,
GX010808.MP4,649.8492,44.4444444444444,22.2222222222222,33.3333333333333,18,,,,,,,,,,,,,,,,,,,,,,,,,,,GX020808.MP4,649.8492,25,50,25,16,,,,,,,,,,,,,,,,
GX010808.MP4,650.2496,41.3793103448276,34.4827586206897,24.1379310344828,29,,,,,,,,,,,,,,,,,,,,,,,,,,,GX020808.MP4,650.2496,42.8571428571429,50,7.14285714285714,14,,,,,,,,,,,,,,,,
GX010808.MP4,650.65,43.75,34.375,21.875,32,,,,,,,,,,,,,,,,,,,,,,,,,,,GX020808.MP4,650.65,55.5555555555556,11.1111111111111,33.3333333333333,9,,,,,,,,,,,,,,,,
GX010808.MP4,651.0504,29.6296296296296,48.1481481481481,22.2222222222222,27,,,,,,,,,,,,,,,,,,,,,,,,,,,GX020808.MP4,651.0504,33.3333333333333,57.1428571428571,9.52380952380952,21,,,,,,,,,,,,,,,,
GX010808.MP4,651.4508,30.7692307692308,34.6153846153846,34.6153846153846,26,,,,,,,,,,,,,,,,,,,,,,,,,,,GX020808.MP4,651.4508,30.7692307692308,23.0769230769231,46.1538461538462,13,,,,,,,,,,,,,,,,
GX010808.MP4,651.8512,60,20,20,30,,,,,,,,,,,,,,,,,,,,,,,,,,,GX020808.MP4,651.8512,33.3333333333333,16.6666666666667,50,18,,,,,,,,,,,,,,,,
GX010808.MP4,652.2516,64.2857142857143,28.5714285714286,7.14285714285714,28,,,,,,,,,,,,,,,,,,,,,,,,,,,GX020808.MP4,652.2516,47.0588235294118,17.6470588235294,35.2941176470588,17,,,,,,,,,,,,,,,,
GX010808.MP4,652.652,55.5555555555556,25.9259259259259,18.5185185185185,27,,,,,,,,,,,,,,,,,,,,,,,,,,,GX020808.MP4,652.652,36.3636363636364,18.1818181818182,45.4545454545455,22,,,,,,,,,,,,,,,,
GX010808.MP4,653.0524,53.5714285714286,35.7142857142857,10.7142857142857,28,,,,,,,,,,,,,,,,,,,,,,,,,,,GX020808.MP4,653.0524,25,31.25,43.75,16,,,,,,,,,,,,,,,,
GX010808.MP4,653.4528,50,43.3333333333333,6.66666666666667,30,,,,,,,,,,,,,,,,,,,,,,,,,,,GX020808.MP4,653.4528,60,10,30,20,,,,,,,,,,,,,,,,
GX010808.MP4,653.8532,40,44,16,25,,,,,,,,,,,,,,,,,,,,,,,,,,,GX020808.MP4,653.8532,60.6060606060606,24.2424242424242,15.1515151515152,33,,,,,,,,,,,,,,,,
GX010808.MP4,654.2536,30.7692307692308,65.3846153846154,3.84615384615385,26,,,,,,,,,,,,,,,,,,,,,,,,,,,GX020808.MP4,654.2536,59.2592592592593,29.6296296296296,11.1111111111111,27,,,,,,,,,,,,,,,,
GX010808.MP4,654.654,42.1052631578947,47.3684210526316,10.5263157894737,19,,,,,,,,,,,,,,,,,,,,,,,,,,,GX020808.MP4,654.654,78.9473684210526,15.7894736842105,5.26315789473684,38,,,,,,,,,,,,,,,,
GX010808.MP4,655.0544,60,32,8,25,,,,,,,,,,,,,,,,,,,,,,,,,,,GX020808.MP4,655.0544,22.2222222222222,33.3333333333333,44.4444444444444,27,,,,,,,,,,,,,,,,
GX010808.MP4,655.4548,48.2758620689655,37.9310344827586,13.7931034482759,29,,,,,,,,,,,,,,,,,,,,,,,,,,,GX020808.MP4,655.4548,40.9090909090909,13.6363636363636,45.4545454545455,22,,,,,,,,,,,,,,,,
GX010808.MP4,655.8552,25,58.3333333333333,16.6666666666667,12,,,,,,,,,,,,,,,,,,,,,,,,,,,GX020808.MP4,655.8552,40,13.3333333333333,46.6666666666667,15,,,,,,,,,,,,,,,,
GX010808.MP4,656.2556,19.047619047619,76.1904761904762,4.76190476190476,21,,,,,,,,,,,,,,,,,,,,,,,,,,,GX020808.MP4,656.2556,54.5454545454545,22.7272727272727,22.7272727272727,22,,,,,,,,,,,,,,,,
GX010808.MP4,656.656,5.88235294117647,76.4705882352941,17.6470588235294,17,,,,,,,,,,,,,,,,,,,,,,,,,,,GX020808.MP4,656.656,52.3809523809524,33.3333333333333,14.2857142857143,21,,,,,,,,,,,,,,,,
GX010808.MP4,657.0564,40,46.6666666666667,13.3333333333333,15,,,,,,,,,,,,,,,,,,,,,,,,,,,GX020808.MP4,657.0564,20,70,10,10,,,,,,,,,,,,,,,,
GX010808.MP4,657.4568,59.0909090909091,4.54545454545455,36.3636363636364,22,,,,,,,,,,,,,,,,,,,,,,,,,,,GX020808.MP4,657.4568,20.8333333333333,58.3333333333333,20.8333333333333,24,,,,,,,,,,,,,,,,
GX010808.MP4,657.8572,38.7096774193548,48.3870967741936,12.9032258064516,31,,,,,,,,,,,,,,,,,,,,,,,,,,,GX020808.MP4,657.8572,52.6315789473684,21.0526315789474,26.3157894736842,19,,,,,,,,,,,,,,,,
GX010808.MP4,658.2576,33.3333333333333,38.8888888888889,27.7777777777778,18,,,,,,,,,,,,,,,,,,,,,,,,,,,GX020808.MP4,658.2576,60,25,15,20,,,,,,,,,,,,,,,,
GX010808.MP4,658.658,6.66666666666667,86.6666666666667,6.66666666666667,15,,,,,,,,,,,,,,,,,,,,,,,,,,,GX020808.MP4,658.658,63.6363636363636,18.1818181818182,18.1818181818182,22,,,,,,,,,,,,,,,,
GX010808.MP4,659.0584,52.3809523809524,23.8095238095238,23.8095238095238,21,,,,,,,,,,,,,,,,,,,,,,,,,,,GX020808.MP4,659.0584,25.9259259259259,59.2592592592593,14.8148148148148,27,,,,,,,,,,,,,,,,
GX010808.MP4,659.4588,64.7058823529412,17.6470588235294,17.6470588235294,17,,,,,,,,,,,,,,,,,,,,,,,,,,,GX020808.MP4,659.4588,30,60,10,30,,,,,,,,,,,,,,,,
GX010808.MP4,659.8592,56.6666666666667,33.3333333333333,10,30,,,,,,,,,,,,,,,,,,,,,,,,,,,GX020808.MP4,659.8592,35.7142857142857,28.5714285714286,35.7142857142857,28,,,,,,,,,,,,,,,,
GX010808.MP4,660.2596,53.3333333333333,26.6666666666667,20,30,,,,,,,,,,,,,,,,,,,,,,,,,,,GX020808.MP4,660.2596,38.7096774193548,22.5806451612903,38.7096774193548,31,,,,,,,,,,,,,,,,
GX010808.MP4,660.66,56.25,25,18.75,32,,,,,,,,,,,,,,,,,,,,,,,,,,,GX020808.MP4,660.66,40.9090909090909,27.2727272727273,31.8181818181818,22,,,,,,,,,,,,,,,,
GX010808.MP4,661.0604,60.8695652173913,13.0434782608696,26.0869565217391,23,,,,,,,,,,,,,,,,,,,,,,,,,,,GX020808.MP4,661.0604,42.3076923076923,38.4615384615385,19.2307692307692,26,,,,,,,,,,,,,,,,
GX010808.MP4,661.4608,48.1481481481481,33.3333333333333,18.5185185185185,27,,,,,,,,,,,,,,,,,,,,,,,,,,,GX020808.MP4,661.4608,51.7241379310345,34.4827586206897,13.7931034482759,29,,,,,,,,,,,,,,,,
GX010808.MP4,661.8612,47.3684210526316,31.5789473684211,21.0526315789474,19,,,,,,,,,,,,,,,,,,,,,,,,,,,GX020808.MP4,661.8612,30.7692307692308,23.0769230769231,46.1538461538462,26,,,,,,,,,,,,,,,,
GX010808.MP4,662.2616,54.1666666666667,37.5,8.33333333333333,24,,,,,,,,,,,,,,,,,,,,,,,,,,,GX020808.MP4,662.2616,21.4285714285714,17.8571428571429,60.7142857142857,28,,,,,,,,,,,,,,,,
GX010808.MP4,662.662,53.5714285714286,17.8571428571429,28.5714285714286,28,,,,,,,,,,,,,,,,,,,,,,,,,,,GX020808.MP4,662.662,28.5714285714286,10.7142857142857,60.7142857142857,28,,,,,,,,,,,,,,,,
GX010808.MP4,663.0624,45.8333333333333,25,29.1666666666667,24,,,,,,,,,,,,,,,,,,,,,,,,,,,GX020808.MP4,663.0624,50,17.8571428571429,32.1428571428571,28,,,,,,,,,,,,,,,,
GX010808.MP4,663.4628,46.4285714285714,28.5714285714286,25,28,,,,,,,,,,,,,,,,,,,,,,,,,,,GX020808.MP4,663.4628,24,28,48,25,,,,,,,,,,,,,,,,
GX010808.MP4,663.8632,56.5217391304348,30.4347826086957,13.0434782608696,23,,,,,,,,,,,,,,,,,,,,,,,,,,,GX020808.MP4,663.8632,58.3333333333333,22.2222222222222,19.4444444444444,36,,,,,,,,,,,,,,,,
GX010808.MP4,664.2636,57.6923076923077,19.2307692307692,23.0769230769231,26,,,,,,,,,,,,,,,,,,,,,,,,,,,GX020808.MP4,664.2636,60,23.3333333333333,16.6666666666667,30,,,,,,,,,,,,,,,,
GX010808.MP4,664.664,65.2173913043478,13.0434782608696,21.7391304347826,23,,,,,,,,,,,,,,,,,,,,,,,,,,,GX020808.MP4,664.664,31.8181818181818,45.4545454545455,22.7272727272727,22,,,,,,,,,,,,,,,,
GX010808.MP4,665.0644,52.3809523809524,19.047619047619,28.5714285714286,21,,,,,,,,,,,,,,,,,,,,,,,,,,,GX020808.MP4,665.0644,24,36,40,25,,,,,,,,,,,,,,,,
GX010808.MP4,665.4648,40.7407407407407,37.037037037037,22.2222222222222,27,,,,,,,,,,,,,,,,,,,,,,,,,,,GX020808.MP4,665.4648,41.1764705882353,41.1764705882353,17.6470588235294,17,,,,,,,,,,,,,,,,
GX010808.MP4,665.8652,38.8888888888889,11.1111111111111,50,18,,,,,,,,,,,,,,,,,,,,,,,,,,,GX020808.MP4,665.8652,40,40,20,15,,,,,,,,,,,,,,,,
GX010808.MP4,666.2656,48.1481481481481,25.9259259259259,25.9259259259259,27,,,,,,,,,,,,,,,,,,,,,,,,,,,GX020808.MP4,666.2656,9.52380952380952,71.4285714285714,19.047619047619,21,,,,,,,,,,,,,,,,
GX010808.MP4,666.666,39.1304347826087,26.0869565217391,34.7826086956522,23,,,,,,,,,,,,,,,,,,,,,,,,,,,GX020808.MP4,666.666,26.9230769230769,38.4615384615385,34.6153846153846,26,,,,,,,,,,,,,,,,
GX010808.MP4,667.0664,48.1481481481481,33.3333333333333,18.5185185185185,27,,,,,,,,,,,,,,,,,,,,,,,,,,,GX020808.MP4,667.0664,40,42.8571428571429,17.1428571428571,35,,,,,,,,,,,,,,,,
GX010808.MP4,667.4668,25,56.25,18.75,32,,,,,,,,,,,,,,,,,,,,,,,,,,,GX020808.MP4,667.4668,25,58.3333333333333,16.6666666666667,12,,,,,,,,,,,,,,,,
GX010808.MP4,667.8672,57.1428571428571,28.5714285714286,14.2857142857143,21,,,,,,,,,,,,,,,,,,,,,,,,,,,GX020808.MP4,667.8672,50,40.9090909090909,9.09090909090909,22,,,,,,,,,,,,,,,,
GX010808.MP4,668.2676,33.3333333333333,33.3333333333333,33.3333333333333,21,,,,,,,,,,,,,,,,,,,,,,,,,,,GX020808.MP4,668.2676,28.5714285714286,52.3809523809524,19.047619047619,21,,,,,,,,,,,,,,,,
GX010808.MP4,668.668,36.8421052631579,36.8421052631579,26.3157894736842,19,,,,,,,,,,,,,,,,,,,,,,,,,,,GX020808.MP4,668.668,44.4444444444444,25.9259259259259,29.6296296296296,27,,,,,,,,,,,,,,,,
GX010808.MP4,669.0684,66.6666666666667,22.2222222222222,11.1111111111111,27,,,,,,,,,,,,,,,,,,,,,,,,,,,GX020808.MP4,669.0684,30,35,35,20,,,,,,,,,,,,,,,,
GX010808.MP4,669.4688,42.8571428571429,42.8571428571429,14.2857142857143,28,,,,,,,,,,,,,,,,,,,,,,,,,,,GX020808.MP4,669.4688,36.3636363636364,27.2727272727273,36.3636363636364,22,,,,,,,,,,,,,,,,
GX010808.MP4,669.8692,58.3333333333333,29.1666666666667,12.5,24,,,,,,,,,,,,,,,,,,,,,,,,,,,GX020808.MP4,669.8692,33.3333333333333,42.8571428571429,23.8095238095238,21,,,,,,,,,,,,,,,,
GX010808.MP4,670.2696,45.4545454545455,54.5454545454545,0,22,,,,,,,,,,,,,,,,,,,,,,,,,,,GX020808.MP4,670.2696,23.8095238095238,33.3333333333333,42.8571428571429,21,,,,,,,,,,,,,,,,
GX010808.MP4,670.67,40.9090909090909,45.4545454545455,13.6363636363636,22,,,,,,,,,,,,,,,,,,,,,,,,,,,GX020808.MP4,670.67,38.2352941176471,35.2941176470588,26.4705882352941,34,,,,,,,,,,,,,,,,
GX010808.MP4,671.0704,34.4827586206897,48.2758620689655,17.2413793103448,29,,,,,,,,,,,,,,,,,,,,,,,,,,,GX020808.MP4,671.0704,34.4827586206897,27.5862068965517,37.9310344827586,29,,,,,,,,,,,,,,,,
GX010808.MP4,671.4708,53.3333333333333,26.6666666666667,20,30,,,,,,,,,,,,,,,,,,,,,,,,,,,GX020808.MP4,671.4708,18.1818181818182,45.4545454545455,36.3636363636364,22,,,,,,,,,,,,,,,,
GX010808.MP4,671.8712,41.3793103448276,37.9310344827586,20.6896551724138,29,,,,,,,,,,,,,,,,,,,,,,,,,,,GX020808.MP4,671.8712,40,43.3333333333333,16.6666666666667,30,,,,,,,,,,,,,,,,
GX010808.MP4,672.2716,64.7058823529412,26.4705882352941,8.82352941176471,34,,,,,,,,,,,,,,,,,,,,,,,,,,,GX020808.MP4,672.2716,42.8571428571429,28.5714285714286,28.5714285714286,28,,,,,,,,,,,,,,,,
GX010808.MP4,672.672,64.7058823529412,29.4117647058824,5.88235294117647,17,,,,,,,,,,,,,,,,,,,,,,,,,,,GX020808.MP4,672.672,36.3636363636364,39.3939393939394,24.2424242424242,33,,,,,,,,,,,,,,,,
GX010808.MP4,673.0724,60.8695652173913,34.7826086956522,4.34782608695652,23,,,,,,,,,,,,,,,,,,,,,,,,,,,GX020808.MP4,673.0724,47.2222222222222,36.1111111111111,16.6666666666667,36,,,,,,,,,,,,,,,,
GX010808.MP4,673.4728,70.5882352941177,23.5294117647059,5.88235294117647,17,,,,,,,,,,,,,,,,,,,,,,,,,,,GX020808.MP4,673.4728,51.2820512820513,35.8974358974359,12.8205128205128,39,,,,,,,,,,,,,,,,
GX010808.MP4,673.8732,65,25,10,20,,,,,,,,,,,,,,,,,,,,,,,,,,,GX020808.MP4,673.8732,48.3870967741936,41.9354838709677,9.67741935483871,31,,,,,,,,,,,,,,,,
GX010808.MP4,674.2736,60.7142857142857,39.2857142857143,0,28,,,,,,,,,,,,,,,,,,,,,,,,,,,GX020808.MP4,674.2736,51.5151515151515,45.4545454545455,3.03030303030303,33,,,,,,,,,,,,,,,,
GX010808.MP4,674.674,58.0645161290323,19.3548387096774,22.5806451612903,31,,,,,,,,,,,,,,,,,,,,,,,,,,,GX020808.MP4,674.674,44.4444444444444,51.8518518518519,3.7037037037037,27,,,,,,,,,,,,,,,,
GX010808.MP4,675.0744,78.5714285714286,14.2857142857143,7.14285714285714,14,,,,,,,,,,,,,,,,,,,,,,,,,,,GX020808.MP4,675.0744,32,60,8,25,,,,,,,,,,,,,,,,
GX010808.MP4,675.4748,17.8571428571429,60.7142857142857,21.4285714285714,28,,,,,,,,,,,,,,,,,,,,,,,,,,,GX020808.MP4,675.4748,31.0344827586207,55.1724137931034,13.7931034482759,29,,,,,,,,,,,,,,,,
GX010808.MP4,675.8752,17.6470588235294,35.2941176470588,47.0588235294118,17,,,,,,,,,,,,,,,,,,,,,,,,,,,GX020808.MP4,675.8752,30,40,30,40,,,,,,,,,,,,,,,,
GX010808.MP4,676.2756,42.4242424242424,33.3333333333333,24.2424242424242,33,,,,,,,,,,,,,,,,,,,,,,,,,,,GX020808.MP4,676.2756,22.5,55,22.5,40,,,,,,,,,,,,,,,,
GX010808.MP4,676.676,63.3333333333333,16.6666666666667,20,30,,,,,,,,,,,,,,,,,,,,,,,,,,,GX020808.MP4,676.676,42.1052631578947,50,7.89473684210526,38,,,,,,,,,,,,,,,,
GX010808.MP4,677.0764,31.4285714285714,68.5714285714286,0,35,,,,,,,,,,,,,,,,,,,,,,,,,,,GX020808.MP4,677.0764,43.3333333333333,43.3333333333333,13.3333333333333,30,,,,,,,,,,,,,,,,
GX010808.MP4,677.4768,21.4285714285714,71.4285714285714,7.14285714285714,28,,,,,,,,,,,,,,,,,,,,,,,,,,,GX020808.MP4,677.4768,34.7826086956522,47.8260869565217,17.3913043478261,23,,,,,,,,,,,,,,,,
GX010808.MP4,677.8772,13.0434782608696,78.2608695652174,8.69565217391304,23,,,,,,,,,,,,,,,,,,,,,,,,,,,GX020808.MP4,677.8772,10,73.3333333333333,16.6666666666667,30,,,,,,,,,,,,,,,,
GX010808.MP4,678.2776,20,70,10,30,,,,,,,,,,,,,,,,,,,,,,,,,,,GX020808.MP4,678.2776,17.1428571428571,74.2857142857143,8.57142857142857,35,,,,,,,,,,,,,,,,
GX010808.MP4,678.678,40,45.7142857142857,14.2857142857143,35,,,,,,,,,,,,,,,,,,,,,,,,,,,GX020808.MP4,678.678,30.3030303030303,63.6363636363636,6.06060606060606,33,,,,,,,,,,,,,,,,
GX010808.MP4,679.0784,24.3243243243243,70.2702702702703,5.40540540540541,37,,,,,,,,,,,,,,,,,,,,,,,,,,,GX020808.MP4,679.0784,22.5806451612903,70.9677419354839,6.45161290322581,31,,,,,,,,,,,,,,,,
GX010808.MP4,679.4788,87.5,0,12.5,16,,,,,,,,,,,,,,,,,,,,,,,,,,,GX020808.MP4,679.4788,50,43.3333333333333,6.66666666666667,30,,,,,,,,,,,,,,,,
GX010808.MP4,679.8792,46.1538461538462,5.12820512820513,48.7179487179487,39,,,,,,,,,,,,,,,,,,,,,,,,,,,GX020808.MP4,679.8792,33.3333333333333,54.5454545454545,12.1212121212121,33,,,,,,,,,,,,,,,,
GX010808.MP4,680.2796,63.6363636363636,30.3030303030303,6.06060606060606,33,,,,,,,,,,,,,,,,,,,,,,,,,,,GX020808.MP4,680.2796,27.2727272727273,54.5454545454545,18.1818181818182,22,,,,,,,,,,,,,,,,
GX010808.MP4,680.68,48.1481481481481,40.7407407407407,11.1111111111111,27,,,,,,,,,,,,,,,,,,,,,,,,,,,GX020808.MP4,680.68,36,56,8,25,,,,,,,,,,,,,,,,
GX010808.MP4,681.0804,60,35,5,20,,,,,,,,,,,,,,,,,,,,,,,,,,,GX020808.MP4,681.0804,33.3333333333333,33.3333333333333,33.3333333333333,12,,,,,,,,,,,,,,,,
GX010808.MP4,681.4808,65.7894736842105,21.0526315789474,13.1578947368421,38,,,,,,,,,,,,,,,,,,,,,,,,,,,GX020808.MP4,681.4808,25,37.5,37.5,16,,,,,,,,,,,,,,,,
GX010808.MP4,681.8812,65.3846153846154,19.2307692307692,15.3846153846154,26,,,,,,,,,,,,,,,,,,,,,,,,,,,GX020808.MP4,681.8812,40,50,10,10,,,,,,,,,,,,,,,,
GX010808.MP4,682.2816,55.5555555555556,30.5555555555556,13.8888888888889,36,,,,,,,,,,,,,,,,,,,,,,,,,,,GX020808.MP4,682.2816,41.6666666666667,33.3333333333333,25,12,,,,,,,,,,,,,,,,
GX010808.MP4,682.682,64.7058823529412,26.4705882352941,8.82352941176471,34,,,,,,,,,,,,,,,,,,,,,,,,,,,GX020808.MP4,682.682,56.6666666666667,30,13.3333333333333,30,,,,,,,,,,,,,,,,
GX010808.MP4,683.0824,68.5714285714286,22.8571428571429,8.57142857142857,35,,,,,,,,,,,,,,,,,,,,,,,,,,,GX020808.MP4,683.0824,39.1304347826087,43.4782608695652,17.3913043478261,23,,,,,,,,,,,,,,,,
GX010808.MP4,683.4828,74.2857142857143,25.7142857142857,0,35,,,,,,,,,,,,,,,,,,,,,,,,,,,GX020808.MP4,683.4828,54.5454545454545,36.3636363636364,9.09090909090909,33,,,,,,,,,,,,,,,,
GX010808.MP4,683.8832,67.741935483871,22.5806451612903,9.67741935483871,31,,,,,,,,,,,,,,,,,,,,,,,,,,,GX020808.MP4,683.8832,44.8275862068966,41.3793103448276,13.7931034482759,29,,,,,,,,,,,,,,,,
GX010808.MP4,684.2836,22.5806451612903,67.741935483871,9.67741935483871,31,,,,,,,,,,,,,,,,,,,,,,,,,,,GX020808.MP4,684.2836,46.875,37.5,15.625,32,,,,,,,,,,,,,,,,
GX010808.MP4,684.684,44.4444444444444,30.5555555555556,25,36,,,,,,,,,,,,,,,,,,,,,,,,,,,GX020808.MP4,684.684,41.6666666666667,38.8888888888889,19.4444444444444,36,,,,,,,,,,,,,,,,
GX010808.MP4,685.0844,34.4827586206897,34.4827586206897,31.0344827586207,29,,,,,,,,,,,,,,,,,,,,,,,,,,,GX020808.MP4,685.0844,36.8421052631579,47.3684210526316,15.7894736842105,38,,,,,,,,,,,,,,,,
GX010808.MP4,685.4848,61.7647058823529,5.88235294117647,32.3529411764706,34,,,,,,,,,,,,,,,,,,,,,,,,,,,GX020808.MP4,685.4848,55.5555555555556,40.7407407407407,3.7037037037037,27,,,,,,,,,,,,,,,,
GX010808.MP4,685.8852,57.5757575757576,15.1515151515152,27.2727272727273,33,,,,,,,,,,,,,,,,,,,,,,,,,,,GX020808.MP4,685.8852,54.0540540540541,29.7297297297297,16.2162162162162,37,,,,,,,,,,,,,,,,
GX010808.MP4,686.2856,48,24,28,25,,,,,,,,,,,,,,,,,,,,,,,,,,,GX020808.MP4,686.2856,38.4615384615385,50,11.5384615384615,26,,,,,,,,,,,,,,,,
GX010808.MP4,686.686,30.7692307692308,38.4615384615385,30.7692307692308,39,,,,,,,,,,,,,,,,,,,,,,,,,,,GX020808.MP4,686.686,51.5151515151515,21.2121212121212,27.2727272727273,33,,,,,,,,,,,,,,,,
GX010808.MP4,687.0864,24.3243243243243,59.4594594594595,16.2162162162162,37,,,,,,,,,,,,,,,,,,,,,,,,,,,GX020808.MP4,687.0864,38.4615384615385,50,11.5384615384615,26,,,,,,,,,,,,,,,,
GX010808.MP4,687.4868,24.1379310344828,55.1724137931034,20.6896551724138,29,,,,,,,,,,,,,,,,,,,,,,,,,,,GX020808.MP4,687.4868,63.6363636363636,18.1818181818182,18.1818181818182,22,,,,,,,,,,,,,,,,
GX010808.MP4,687.8872,45.2380952380952,42.8571428571429,11.9047619047619,42,,,,,,,,,,,,,,,,,,,,,,,,,,,GX020808.MP4,687.8872,40.9090909090909,18.1818181818182,40.9090909090909,22,,,,,,,,,,,,,,,,
GX010808.MP4,688.2876,38.4615384615385,57.6923076923077,3.84615384615385,26,,,,,,,,,,,,,,,,,,,,,,,,,,,GX020808.MP4,688.2876,62.5,20.8333333333333,16.6666666666667,24,,,,,,,,,,,,,,,,
GX010808.MP4,688.688,17.8571428571429,64.2857142857143,17.8571428571429,28,,,,,,,,,,,,,,,,,,,,,,,,,,,GX020808.MP4,688.688,30.7692307692308,30.7692307692308,38.4615384615385,13,,,,,,,,,,,,,,,,
GX010808.MP4,689.0884,37.1428571428571,28.5714285714286,34.2857142857143,35,,,,,,,,,,,,,,,,,,,,,,,,,,,GX020808.MP4,689.0884,16.6666666666667,50,33.3333333333333,12,,,,,,,,,,,,,,,,
GX010808.MP4,689.4888,34.375,28.125,37.5,32,,,,,,,,,,,,,,,,,,,,,,,,,,,GX020808.MP4,689.4888,57.1428571428571,28.5714285714286,14.2857142857143,21,,,,,,,,,,,,,,,,
GX010808.MP4,689.8892,51.5151515151515,24.2424242424242,24.2424242424242,33,,,,,,,,,,,,,,,,,,,,,,,,,,,GX020808.MP4,689.8892,55.5555555555556,38.8888888888889,5.55555555555556,18,,,,,,,,,,,,,,,,
GX010808.MP4,690.2896,41.6666666666667,38.8888888888889,19.4444444444444,36,,,,,,,,,,,,,,,,,,,,,,,,,,,GX020808.MP4,690.2896,47.3684210526316,42.1052631578947,10.5263157894737,19,,,,,,,,,,,,,,,,
GX010808.MP4,690.69,33.3333333333333,33.3333333333333,33.3333333333333,15,,,,,,,,,,,,,,,,,,,,,,,,,,,GX020808.MP4,690.69,35,50,15,20,,,,,,,,,,,,,,,,
GX010808.MP4,691.0904,32.4324324324324,32.4324324324324,35.1351351351351,37,,,,,,,,,,,,,,,,,,,,,,,,,,,GX020808.MP4,691.0904,35,40,25,20,,,,,,,,,,,,,,,,
GX010808.MP4,691.4908,41.3793103448276,24.1379310344828,34.4827586206897,29,,,,,,,,,,,,,,,,,,,,,,,,,,,GX020808.MP4,691.4908,52.1739130434783,43.4782608695652,4.34782608695652,23,,,,,,,,,,,,,,,,
GX010808.MP4,691.8912,51.7241379310345,17.2413793103448,31.0344827586207,29,,,,,,,,,,,,,,,,,,,,,,,,,,,GX020808.MP4,691.8912,42.8571428571429,50,7.14285714285714,14,,,,,,,,,,,,,,,,
GX010808.MP4,692.2916,62.0689655172414,13.7931034482759,24.1379310344828,29,,,,,,,,,,,,,,,,,,,,,,,,,,,GX020808.MP4,692.2916,46.1538461538462,46.1538461538462,7.69230769230769,13,,,,,,,,,,,,,,,,
GX010808.MP4,692.692,48.2758620689655,17.2413793103448,34.4827586206897,29,,,,,,,,,,,,,,,,,,,,,,,,,,,GX020808.MP4,692.692,41.1764705882353,23.5294117647059,35.2941176470588,17,,,,,,,,,,,,,,,,
GX010808.MP4,693.0924,52.9411764705882,29.4117647058824,17.6470588235294,34,,,,,,,,,,,,,,,,,,,,,,,,,,,GX020808.MP4,693.0924,50,31.8181818181818,18.1818181818182,22,,,,,,,,,,,,,,,,
GX010808.MP4,693.4928,45.945945945946,24.3243243243243,29.7297297297297,37,,,,,,,,,,,,,,,,,,,,,,,,,,,GX020808.MP4,693.4928,63.1578947368421,36.8421052631579,0,19,,,,,,,,,,,,,,,,
GX010808.MP4,693.8932,46.1538461538462,23.0769230769231,30.7692307692308,39,,,,,,,,,,,,,,,,,,,,,,,,,,,GX020808.MP4,693.8932,50,18.75,31.25,32,,,,,,,,,,,,,,,,
GX010808.MP4,694.2936,46.875,21.875,31.25,32,,,,,,,,,,,,,,,,,,,,,,,,,,,GX020808.MP4,694.2936,48,24,28,25,,,,,,,,,,,,,,,,
GX010808.MP4,694.694,51.3513513513514,21.6216216216216,27.027027027027,37,,,,,,,,,,,,,,,,,,,,,,,,,,,GX020808.MP4,694.694,43.4782608695652,30.4347826086957,26.0869565217391,23,,,,,,,,,,,,,,,,
GX010808.MP4,695.0944,48.3870967741936,22.5806451612903,29.0322580645161,31,,,,,,,,,,,,,,,,,,,,,,,,,,,GX020808.MP4,695.0944,52.3809523809524,38.0952380952381,9.52380952380952,21,,,,,,,,,,,,,,,,
GX010808.MP4,695.4948,44.4444444444444,22.2222222222222,33.3333333333333,36,,,,,,,,,,,,,,,,,,,,,,,,,,,GX020808.MP4,695.4948,57.1428571428571,33.3333333333333,9.52380952380952,21,,,,,,,,,,,,,,,,
GX010808.MP4,695.8952,44.1176470588235,23.5294117647059,32.3529411764706,34,,,,,,,,,,,,,,,,,,,,,,,,,,,GX020808.MP4,695.8952,36.8421052631579,36.8421052631579,26.3157894736842,19,,,,,,,,,,,,,,,,
GX010808.MP4,696.2956,47.3684210526316,13.1578947368421,39.4736842105263,38,,,,,,,,,,,,,,,,,,,,,,,,,,,GX020808.MP4,696.2956,30.4347826086957,47.8260869565217,21.7391304347826,23,,,,,,,,,,,,,,,,
GX010808.MP4,696.696,41.9354838709677,16.1290322580645,41.9354838709677,31,,,,,,,,,,,,,,,,,,,,,,,,,,,GX020808.MP4,696.696,20,33.3333333333333,46.6666666666667,15,,,,,,,,,,,,,,,,
GX010808.MP4,697.0964,47.2222222222222,19.4444444444444,33.3333333333333,36,,,,,,,,,,,,,,,,,,,,,,,,,,,GX020808.MP4,697.0964,35.4838709677419,32.258064516129,32.258064516129,31,,,,,,,,,,,,,,,,
GX010808.MP4,697.4968,37.5,22.5,40,40,,,,,,,,,,,,,,,,,,,,,,,,,,,GX020808.MP4,697.4968,45.4545454545455,27.2727272727273,27.2727272727273,22,,,,,,,,,,,,,,,,
GX010808.MP4,697.8972,51.3513513513514,27.027027027027,21.6216216216216,37,,,,,,,,,,,,,,,,,,,,,,,,,,,GX020808.MP4,697.8972,26.3157894736842,26.3157894736842,47.3684210526316,19,,,,,,,,,,,,,,,,
GX010808.MP4,698.2976,56.7567567567568,18.9189189189189,24.3243243243243,37,,,,,,,,,,,,,,,,,,,,,,,,,,,GX020808.MP4,698.2976,57.8947368421053,26.3157894736842,15.7894736842105,19,,,,,,,,,,,,,,,,
GX010808.MP4,698.698,29.7297297297297,29.7297297297297,40.5405405405405,37,,,,,,,,,,,,,,,,,,,,,,,,,,,GX020808.MP4,698.698,33.3333333333333,25.9259259259259,40.7407407407407,27,,,,,,,,,,,,,,,,
GX010808.MP4,699.0984,50,26.3157894736842,23.6842105263158,38,,,,,,,,,,,,,,,,,,,,,,,,,,,GX020808.MP4,699.0984,30.7692307692308,30.7692307692308,38.4615384615385,26,,,,,,,,,,,,,,,,
GX010808.MP4,699.4988,50,14.7058823529412,35.2941176470588,34,,,,,,,,,,,,,,,,,,,,,,,,,,,GX020808.MP4,699.4988,75,15,10,20,,,,,,,,,,,,,,,,
GX010808.MP4,699.8992,67.741935483871,12.9032258064516,19.3548387096774,31,,,,,,,,,,,,,,,,,,,,,,,,,,,GX020808.MP4,699.8992,58.8235294117647,23.5294117647059,17.6470588235294,17,,,,,,,,,,,,,,,,
GX010808.MP4,700.2996,56.25,12.5,31.25,32,,,,,,,,,,,,,,,,,,,,,,,,,,,GX020808.MP4,700.2996,15.7894736842105,52.6315789473684,31.5789473684211,19,,,,,,,,,,,,,,,,
GX010808.MP4,700.7,55.5555555555556,22.2222222222222,22.2222222222222,27,,,,,,,,,,,,,,,,,,,,,,,,,,,GX020808.MP4,700.7,34.4827586206897,31.0344827586207,34.4827586206897,29,,,,,,,,,,,,,,,,
GX010808.MP4,701.1004,72,12,16,25,,,,,,,,,,,,,,,,,,,,,,,,,,,GX020808.MP4,701.1004,50,28.5714285714286,21.4285714285714,28,,,,,,,,,,,,,,,,
GX010808.MP4,701.5008,61.5384615384615,19.2307692307692,19.2307692307692,26,,,,,,,,,,,,,,,,,,,,,,,,,,,GX020808.MP4,701.5008,37.9310344827586,27.5862068965517,34.4827586206897,29,,,,,,,,,,,,,,,,
GX010808.MP4,701.9012,33.3333333333333,36.3636363636364,30.3030303030303,33,,,,,,,,,,,,,,,,,,,,,,,,,,,GX020808.MP4,701.9012,61.9047619047619,23.8095238095238,14.2857142857143,21,,,,,,,,,,,,,,,,
GX010808.MP4,702.3016,63.6363636363636,18.1818181818182,18.1818181818182,22,,,,,,,,,,,,,,,,,,,,,,,,,,,GX020808.MP4,702.3016,60.6060606060606,18.1818181818182,21.2121212121212,33,,,,,,,,,,,,,,,,
GX010808.MP4,702.702,61.5384615384615,19.2307692307692,19.2307692307692,26,,,,,,,,,,,,,,,,,,,,,,,,,,,GX020808.MP4,702.702,54.5454545454545,36.3636363636364,9.09090909090909,22,,,,,,,,,,,,,,,,
GX010808.MP4,703.1024,15,45,40,40,,,,,,,,,,,,,,,,,,,,,,,,,,,GX020808.MP4,703.1024,40.9090909090909,50,9.09090909090909,22,,,,,,,,,,,,,,,,
GX010808.MP4,703.5028,6.66666666666667,73.3333333333333,20,15,,,,,,,,,,,,,,,,,,,,,,,,,,,GX020808.MP4,703.5028,35,35,30,20,,,,,,,,,,,,,,,,
GX010808.MP4,703.9032,35.7142857142857,57.1428571428571,7.14285714285714,14,,,,,,,,,,,,,,,,,,,,,,,,,,,GX020808.MP4,703.9032,50,22.2222222222222,27.7777777777778,18,,,,,,,,,,,,,,,,
GX010808.MP4,704.3036,27.7777777777778,44.4444444444444,27.7777777777778,18,,,,,,,,,,,,,,,,,,,,,,,,,,,GX020808.MP4,704.3036,31.8181818181818,50,18.1818181818182,22,,,,,,,,,,,,,,,,
GX010808.MP4,704.704,41.1764705882353,41.1764705882353,17.6470588235294,17,,,,,,,,,,,,,,,,,,,,,,,,,,,GX020808.MP4,704.704,33.3333333333333,44.4444444444444,22.2222222222222,18,,,,,,,,,,,,,,,,
GX010808.MP4,705.1044,25,33.3333333333333,41.6666666666667,12,,,,,,,,,,,,,,,,,,,,,,,,,,,GX020808.MP4,705.1044,79.3103448275862,17.2413793103448,3.44827586206897,29,,,,,,,,,,,,,,,,
GX010808.MP4,705.5048,38.4615384615385,26.9230769230769,34.6153846153846,26,,,,,,,,,,,,,,,,,,,,,,,,,,,GX020808.MP4,705.5048,80,14.2857142857143,5.71428571428571,35,,,,,,,,,,,,,,,,
GX010808.MP4,705.9052,56.5217391304348,26.0869565217391,17.3913043478261,23,,,,,,,,,,,,,,,,,,,,,,,,,,,GX020808.MP4,705.9052,45.8333333333333,25,29.1666666666667,24,,,,,,,,,,,,,,,,
GX010808.MP4,706.3056,40.9090909090909,45.4545454545455,13.6363636363636,22,,,,,,,,,,,,,,,,,,,,,,,,,,,GX020808.MP4,706.3056,62.5,29.1666666666667,8.33333333333333,24,,,,,,,,,,,,,,,,
GX010808.MP4,706.706,30.4347826086957,39.1304347826087,30.4347826086957,23,,,,,,,,,,,,,,,,,,,,,,,,,,,GX020808.MP4,706.706,45.8333333333333,37.5,16.6666666666667,24,,,,,,,,,,,,,,,,
GX010808.MP4,707.1064,48,28,24,25,,,,,,,,,,,,,,,,,,,,,,,,,,,GX020808.MP4,707.1064,52.9411764705882,23.5294117647059,23.5294117647059,17,,,,,,,,,,,,,,,,
GX010808.MP4,707.5068,46.6666666666667,20,33.3333333333333,15,,,,,,,,,,,,,,,,,,,,,,,,,,,GX020808.MP4,707.5068,72.7272727272727,0,27.2727272727273,11,,,,,,,,,,,,,,,,
GX010808.MP4,707.9072,34.7826086956522,26.0869565217391,39.1304347826087,23,,,,,,,,,,,,,,,,,,,,,,,,,,,GX020808.MP4,707.9072,0,100,0,11,,,,,,,,,,,,,,,,
GX010808.MP4,708.3076,33.3333333333333,16.6666666666667,50,18,,,,,,,,,,,,,,,,,,,,,,,,,,,GX020808.MP4,708.3076,55.8823529411765,2.94117647058824,41.1764705882353,34,,,,,,,,,,,,,,,,
GX010808.MP4,708.708,22.2222222222222,62.962962962963,14.8148148148148,27,,,,,,,,,,,,,,,,,,,,,,,,,,,GX020808.MP4,708.708,60,16.6666666666667,23.3333333333333,30,,,,,,,,,,,,,,,,
GX010808.MP4,709.1084,78.2608695652174,21.7391304347826,0,23,,,,,,,,,,,,,,,,,,,,,,,,,,,GX020808.MP4,709.1084,42.8571428571429,33.3333333333333,23.8095238095238,21,,,,,,,,,,,,,,,,
GX010808.MP4,709.5088,54.8387096774194,25.8064516129032,19.3548387096774,31,,,,,,,,,,,,,,,,,,,,,,,,,,,GX020808.MP4,709.5088,54.1666666666667,29.1666666666667,16.6666666666667,24,,,,,,,,,,,,,,,,
GX010808.MP4,709.9092,56.6666666666667,20,23.3333333333333,30,,,,,,,,,,,,,,,,,,,,,,,,,,,GX020808.MP4,709.9092,46.1538461538462,17.948717948718,35.8974358974359,39,,,,,,,,,,,,,,,,
GX010808.MP4,710.3096,78.125,15.625,6.25,32,,,,,,,,,,,,,,,,,,,,,,,,,,,GX020808.MP4,710.3096,48.4848484848485,21.2121212121212,30.3030303030303,33,,,,,,,,,,,,,,,,
GX010808.MP4,710.71,61.5384615384615,30.7692307692308,7.69230769230769,13,,,,,,,,,,,,,,,,,,,,,,,,,,,GX020808.MP4,710.71,37.1428571428571,42.8571428571429,20,35,,,,,,,,,,,,,,,,
GX010808.MP4,711.1104,41.1764705882353,35.2941176470588,23.5294117647059,17,,,,,,,,,,,,,,,,,,,,,,,,,,,GX020808.MP4,711.1104,36.6666666666667,36.6666666666667,26.6666666666667,30,,,,,,,,,,,,,,,,
GX010808.MP4,711.5108,70.5882352941177,17.6470588235294,11.7647058823529,17,,,,,,,,,,,,,,,,,,,,,,,,,,,GX020808.MP4,711.5108,39.4736842105263,23.6842105263158,36.8421052631579,38,,,,,,,,,,,,,,,,
GX010808.MP4,711.9112,50,20,30,20,,,,,,,,,,,,,,,,,,,,,,,,,,,GX020808.MP4,711.9112,26.8292682926829,39.0243902439024,34.1463414634146,41,,,,,,,,,,,,,,,,
GX010808.MP4,712.3116,57.8947368421053,31.5789473684211,10.5263157894737,19,,,,,,,,,,,,,,,,,,,,,,,,,,,GX020808.MP4,712.3116,39.1304347826087,39.1304347826087,21.7391304347826,23,,,,,,,,,,,,,,,,
GX010808.MP4,712.712,37.5,50,12.5,8,,,,,,,,,,,,,,,,,,,,,,,,,,,GX020808.MP4,712.712,43.75,37.5,18.75,16,,,,,,,,,,,,,,,,
GX010808.MP4,713.1124,47.8260869565217,43.4782608695652,8.69565217391304,23,,,,,,,,,,,,,,,,,,,,,,,,,,,GX020808.MP4,713.1124,50,25,25,16,,,,,,,,,,,,,,,,
GX010808.MP4,713.5128,40,16,44,25,,,,,,,,,,,,,,,,,,,,,,,,,,,GX020808.MP4,713.5128,20,30,50,20,,,,,,,,,,,,,,,,
GX010808.MP4,713.9132,73.6842105263158,5.26315789473684,21.0526315789474,38,,,,,,,,,,,,,,,,,,,,,,,,,,,GX020808.MP4,713.9132,27.5862068965517,51.7241379310345,20.6896551724138,29,,,,,,,,,,,,,,,,
GX010808.MP4,714.3136,42.1052631578947,36.8421052631579,21.0526315789474,38,,,,,,,,,,,,,,,,,,,,,,,,,,,GX020808.MP4,714.3136,18.1818181818182,50,31.8181818181818,22,,,,,,,,,,,,,,,,
GX010808.MP4,714.714,72.4137931034483,17.2413793103448,10.3448275862069,29,,,,,,,,,,,,,,,,,,,,,,,,,,,GX020808.MP4,714.714,30.4347826086957,52.1739130434783,17.3913043478261,23,,,,,,,,,,,,,,,,
GX010808.MP4,715.1144,41.3793103448276,31.0344827586207,27.5862068965517,29,,,,,,,,,,,,,,,,,,,,,,,,,,,GX020808.MP4,715.1144,37.9310344827586,37.9310344827586,24.1379310344828,29,,,,,,,,,,,,,,,,
GX010808.MP4,715.5148,5.26315789473684,15.7894736842105,78.9473684210526,19,,,,,,,,,,,,,,,,,,,,,,,,,,,GX020808.MP4,715.5148,36,36,28,25,,,,,,,,,,,,,,,,
GX010808.MP4,715.9152,29.6296296296296,29.6296296296296,40.7407407407407,27,,,,,,,,,,,,,,,,,,,,,,,,,,,GX020808.MP4,715.9152,37.037037037037,29.6296296296296,33.3333333333333,27,,,,,,,,,,,,,,,,
GX010808.MP4,716.3156,33.3333333333333,16.6666666666667,50,24,,,,,,,,,,,,,,,,,,,,,,,,,,,GX020808.MP4,716.3156,17.6470588235294,76.4705882352941,5.88235294117647,17,,,,,,,,,,,,,,,,
GX010808.MP4,716.716,41.1764705882353,29.4117647058824,29.4117647058824,17,,,,,,,,,,,,,,,,,,,,,,,,,,,GX020808.MP4,716.716,25,62.5,12.5,16,,,,,,,,,,,,,,,,
GX010808.MP4,717.1164,14.7058823529412,67.6470588235294,17.6470588235294,34,,,,,,,,,,,,,,,,,,,,,,,,,,,GX020808.MP4,717.1164,45.4545454545455,18.1818181818182,36.3636363636364,11,,,,,,,,,,,,,,,,
GX010808.MP4,717.5168,30.4347826086957,56.5217391304348,13.0434782608696,23,,,,,,,,,,,,,,,,,,,,,,,,,,,GX020808.MP4,717.5168,40.7407407407407,37.037037037037,22.2222222222222,27,,,,,,,,,,,,,,,,
GX010808.MP4,717.9172,54.5454545454545,18.1818181818182,27.2727272727273,11,,,,,,,,,,,,,,,,,,,,,,,,,,,GX020808.MP4,717.9172,46.6666666666667,30,23.3333333333333,30,,,,,,,,,,,,,,,,
GX010808.MP4,718.3176,60.8695652173913,21.7391304347826,17.3913043478261,23,,,,,,,,,,,,,,,,,,,,,,,,,,,GX020808.MP4,718.3176,36.8421052631579,31.5789473684211,31.5789473684211,19,,,,,,,,,,,,,,,,
GX010808.MP4,718.718,30.7692307692308,30.7692307692308,38.4615384615385,26,,,,,,,,,,,,,,,,,,,,,,,,,,,GX020808.MP4,718.718,44.4444444444444,44.4444444444444,11.1111111111111,9,,,,,,,,,,,,,,,,
GX010808.MP4,719.1184,34.7826086956522,17.3913043478261,47.8260869565217,23,,,,,,,,,,,,,,,,,,,,,,,,,,,GX020808.MP4,719.1184,20.6896551724138,75.8620689655172,3.44827586206897,29,,,,,,,,,,,,,,,,
GX010808.MP4,719.5188,51.8518518518519,29.6296296296296,18.5185185185185,27,,,,,,,,,,,,,,,,,,,,,,,,,,,GX020808.MP4,719.5188,29.5454545454545,70.4545454545455,0,44,,,,,,,,,,,,,,,,
GX010808.MP4,719.9192,34.7826086956522,30.4347826086957,34.7826086956522,23,,,,,,,,,,,,,,,,,,,,,,,,,,,GX020808.MP4,719.9192,43.5897435897436,56.4102564102564,0,39,,,,,,,,,,,,,,,,
GX010808.MP4,720.3196,25,25,50,24,,,,,,,,,,,,,,,,,,,,,,,,,,,GX020808.MP4,720.3196,66.6666666666667,30.3030303030303,3.03030303030303,33,,,,,,,,,,,,,,,,
GX010808.MP4,720.72,17.2413793103448,31.0344827586207,51.7241379310345,29,,,,,,,,,,,,,,,,,,,,,,,,,,,GX020808.MP4,720.72,53.125,31.25,15.625,32,,,,,,,,,,,,,,,,
GX010808.MP4,721.1204,52,28,20,25,,,,,,,,,,,,,,,,,,,,,,,,,,,GX020808.MP4,721.1204,45.8333333333333,33.3333333333333,20.8333333333333,24,,,,,,,,,,,,,,,,
GX010808.MP4,721.5208,26.9230769230769,15.3846153846154,57.6923076923077,26,,,,,,,,,,,,,,,,,,,,,,,,,,,GX020808.MP4,721.5208,36,40,24,25,,,,,,,,,,,,,,,,
GX010808.MP4,721.9212,50,16.6666666666667,33.3333333333333,24,,,,,,,,,,,,,,,,,,,,,,,,,,,GX020808.MP4,721.9212,30.7692307692308,50,19.2307692307692,26,,,,,,,,,,,,,,,,
GX010808.MP4,722.3216,36,36,28,25,,,,,,,,,,,,,,,,,,,,,,,,,,,GX020808.MP4,722.3216,39.1304347826087,26.0869565217391,34.7826086956522,23,,,,,,,,,,,,,,,,
GX010808.MP4,722.722,50,27.2727272727273,22.7272727272727,22,,,,,,,,,,,,,,,,,,,,,,,,,,,GX020808.MP4,722.722,40.625,31.25,28.125,32,,,,,,,,,,,,,,,,
GX010808.MP4,723.1224,50,16.6666666666667,33.3333333333333,18,,,,,,,,,,,,,,,,,,,,,,,,,,,GX020808.MP4,723.1224,46.6666666666667,26.6666666666667,26.6666666666667,30,,,,,,,,,,,,,,,,
GX010808.MP4,723.5228,29.1666666666667,16.6666666666667,54.1666666666667,24,,,,,,,,,,,,,,,,,,,,,,,,,,,GX020808.MP4,723.5228,47.6190476190476,28.5714285714286,23.8095238095238,21,,,,,,,,,,,,,,,,
GX010808.MP4,723.9232,36.3636363636364,18.1818181818182,45.4545454545455,22,,,,,,,,,,,,,,,,,,,,,,,,,,,GX020808.MP4,723.9232,40,24,36,25,,,,,,,,,,,,,,,,
GX010808.MP4,724.3236,46.4285714285714,14.2857142857143,39.2857142857143,28,,,,,,,,,,,,,,,,,,,,,,,,,,,GX020808.MP4,724.3236,45.8333333333333,50,4.16666666666667,24,,,,,,,,,,,,,,,,
GX010808.MP4,724.724,52.6315789473684,15.7894736842105,31.5789473684211,19,,,,,,,,,,,,,,,,,,,,,,,,,,,GX020808.MP4,724.724,33.3333333333333,46.6666666666667,20,30,,,,,,,,,,,,,,,,
GX010808.MP4,725.1244,54.1666666666667,20.8333333333333,25,24,,,,,,,,,,,,,,,,,,,,,,,,,,,GX020808.MP4,725.1244,26.0869565217391,47.8260869565217,26.0869565217391,46,,,,,,,,,,,,,,,,
GX010808.MP4,725.5248,50,25,25,24,,,,,,,,,,,,,,,,,,,,,,,,,,,GX020808.MP4,725.5248,40.5405405405405,35.1351351351351,24.3243243243243,37,,,,,,,,,,,,,,,,
GX010808.MP4,725.9252,41.3793103448276,41.3793103448276,17.2413793103448,29,,,,,,,,,,,,,,,,,,,,,,,,,,,GX020808.MP4,725.9252,41.025641025641,33.3333333333333,25.6410256410256,39,,,,,,,,,,,,,,,,
GX010808.MP4,726.3256,50,13.6363636363636,36.3636363636364,22,,,,,,,,,,,,,,,,,,,,,,,,,,,GX020808.MP4,726.3256,36.3636363636364,34.0909090909091,29.5454545454545,44,,,,,,,,,,,,,,,,
GX010808.MP4,726.726,25,75,0,16,,,,,,,,,,,,,,,,,,,,,,,,,,,GX020808.MP4,726.726,45.7142857142857,28.5714285714286,25.7142857142857,35,,,,,,,,,,,,,,,,
GX010808.MP4,727.1264,53.8461538461539,15.3846153846154,30.7692307692308,13,,,,,,,,,,,,,,,,,,,,,,,,,,,GX020808.MP4,727.1264,35.2941176470588,32.3529411764706,32.3529411764706,34,,,,,,,,,,,,,,,,
GX010808.MP4,727.5268,0,100,0,17,,,,,,,,,,,,,,,,,,,,,,,,,,,GX020808.MP4,727.5268,32.3529411764706,44.1176470588235,23.5294117647059,34,,,,,,,,,,,,,,,,
GX010808.MP4,727.9272,33.3333333333333,57.5757575757576,9.09090909090909,33,,,,,,,,,,,,,,,,,,,,,,,,,,,GX020808.MP4,727.9272,20.5128205128205,74.3589743589744,5.12820512820513,39,,,,,,,,,,,,,,,,
GX010808.MP4,728.3276,60,6.66666666666667,33.3333333333333,15,,,,,,,,,,,,,,,,,,,,,,,,,,,GX020808.MP4,728.3276,34.6153846153846,53.8461538461539,11.5384615384615,26,,,,,,,,,,,,,,,,
GX010808.MP4,728.728,66.6666666666667,25,8.33333333333333,12,,,,,,,,,,,,,,,,,,,,,,,,,,,GX020808.MP4,728.728,40,42.8571428571429,17.1428571428571,35,,,,,,,,,,,,,,,,
GX010808.MP4,729.1284,42.8571428571429,0,57.1428571428571,21,,,,,,,,,,,,,,,,,,,,,,,,,,,GX020808.MP4,729.1284,36.3636363636364,33.3333333333333,30.3030303030303,33,,,,,,,,,,,,,,,,
GX010808.MP4,729.5288,50,8.33333333333333,41.6666666666667,12,,,,,,,,,,,,,,,,,,,,,,,,,,,GX020808.MP4,729.5288,40.5405405405405,21.6216216216216,37.8378378378378,37,,,,,,,,,,,,,,,,
GX010808.MP4,729.9292,50,27.2727272727273,22.7272727272727,22,,,,,,,,,,,,,,,,,,,,,,,,,,,GX020808.MP4,729.9292,28.2051282051282,48.7179487179487,23.0769230769231,39,,,,,,,,,,,,,,,,
GX010808.MP4,730.3296,78.125,18.75,3.125,32,,,,,,,,,,,,,,,,,,,,,,,,,,,GX020808.MP4,730.3296,26.6666666666667,40,33.3333333333333,30,,,,,,,,,,,,,,,,
GX010808.MP4,730.73,71.875,18.75,9.375,32,,,,,,,,,,,,,,,,,,,,,,,,,,,GX020808.MP4,730.73,17.6470588235294,52.9411764705882,29.4117647058824,34,,,,,,,,,,,,,,,,
GX010808.MP4,731.1304,37.037037037037,48.1481481481481,14.8148148148148,27,,,,,,,,,,,,,,,,,,,,,,,,,,,GX020808.MP4,731.1304,41.4634146341463,31.7073170731707,26.8292682926829,41,,,,,,,,,,,,,,,,
GX010808.MP4,731.5308,52.6315789473684,31.5789473684211,15.7894736842105,19,,,,,,,,,,,,,,,,,,,,,,,,,,,GX020808.MP4,731.5308,30.7692307692308,64.1025641025641,5.12820512820513,39,,,,,,,,,,,,,,,,
GX010808.MP4,731.9312,47.8260869565217,26.0869565217391,26.0869565217391,23,,,,,,,,,,,,,,,,,,,,,,,,,,,GX020808.MP4,731.9312,25,59.0909090909091,15.9090909090909,44,,,,,,,,,,,,,,,,
GX010808.MP4,732.3316,44.4444444444444,18.5185185185185,37.037037037037,27,,,,,,,,,,,,,,,,,,,,,,,,,,,GX020808.MP4,732.3316,31.0344827586207,55.1724137931034,13.7931034482759,29,,,,,,,,,,,,,,,,
GX010808.MP4,732.732,54.5454545454545,31.8181818181818,13.6363636363636,22,,,,,,,,,,,,,,,,,,,,,,,,,,,GX020808.MP4,732.732,27.906976744186,48.8372093023256,23.2558139534884,43,,,,,,,,,,,,,,,,
GX010808.MP4,733.1324,20,60,20,20,,,,,,,,,,,,,,,,,,,,,,,,,,,GX020808.MP4,733.1324,37.5,53.125,9.375,32,,,,,,,,,,,,,,,,
GX010808.MP4,733.5328,45,35,20,20,,,,,,,,,,,,,,,,,,,,,,,,,,,GX020808.MP4,733.5328,29.4117647058824,50,20.5882352941176,34,,,,,,,,,,,,,,,,
GX010808.MP4,733.9332,45.1612903225806,16.1290322580645,38.7096774193548,31,,,,,,,,,,,,,,,,,,,,,,,,,,,GX020808.MP4,733.9332,26.6666666666667,43.3333333333333,30,30,,,,,,,,,,,,,,,,
GX010808.MP4,734.3336,12,76,12,25,,,,,,,,,,,,,,,,,,,,,,,,,,,GX020808.MP4,734.3336,28.5714285714286,42.8571428571429,28.5714285714286,35,,,,,,,,,,,,,,,,
GX010808.MP4,734.734,65.3846153846154,11.5384615384615,23.0769230769231,26,,,,,,,,,,,,,,,,,,,,,,,,,,,GX020808.MP4,734.734,35.8974358974359,48.7179487179487,15.3846153846154,39,,,,,,,,,,,,,,,,
GX010808.MP4,735.1344,57.1428571428571,35.7142857142857,7.14285714285714,28,,,,,,,,,,,,,,,,,,,,,,,,,,,GX020808.MP4,735.1344,36.8421052631579,36.8421052631579,26.3157894736842,38,,,,,,,,,,,,,,,,
GX010808.MP4,735.5348,24,64,12,25,,,,,,,,,,,,,,,,,,,,,,,,,,,GX020808.MP4,735.5348,35.8974358974359,25.6410256410256,38.4615384615385,39,,,,,,,,,,,,,,,,
GX010808.MP4,735.9352,47.8260869565217,34.7826086956522,17.3913043478261,23,,,,,,,,,,,,,,,,,,,,,,,,,,,GX020808.MP4,735.9352,47.8260869565217,30.4347826086957,21.7391304347826,23,,,,,,,,,,,,,,,,
GX010808.MP4,736.3356,45.1612903225806,38.7096774193548,16.1290322580645,31,,,,,,,,,,,,,,,,,,,,,,,,,,,GX020808.MP4,736.3356,40,45,15,20,,,,,,,,,,,,,,,,
GX010808.MP4,736.736,68.75,18.75,12.5,16,,,,,,,,,,,,,,,,,,,,,,,,,,,GX020808.MP4,736.736,70.9677419354839,22.5806451612903,6.45161290322581,31,,,,,,,,,,,,,,,,
GX010808.MP4,737.1364,70.5882352941177,0,29.4117647058824,17,,,,,,,,,,,,,,,,,,,,,,,,,,,GX020808.MP4,737.1364,34.6153846153846,26.9230769230769,38.4615384615385,26,,,,,,,,,,,,,,,,
GX010808.MP4,737.5368,57.1428571428571,21.4285714285714,21.4285714285714,14,,,,,,,,,,,,,,,,,,,,,,,,,,,GX020808.MP4,737.5368,23.8095238095238,33.3333333333333,42.8571428571429,21,,,,,,,,,,,,,,,,
GX010808.MP4,737.9372,38.4615384615385,3.84615384615385,57.6923076923077,26,,,,,,,,,,,,,,,,,,,,,,,,,,,GX020808.MP4,737.9372,50,30,20,20,,,,,,,,,,,,,,,,
GX010808.MP4,738.3376,58.8235294117647,11.7647058823529,29.4117647058824,34,,,,,,,,,,,,,,,,,,,,,,,,,,,GX020808.MP4,738.3376,41.1764705882353,17.6470588235294,41.1764705882353,17,,,,,,,,,,,,,,,,
GX010808.MP4,738.738,36.6666666666667,40,23.3333333333333,30,,,,,,,,,,,,,,,,,,,,,,,,,,,GX020808.MP4,738.738,40.7407407407407,44.4444444444444,14.8148148148148,27,,,,,,,,,,,,,,,,
GX010808.MP4,739.1384,24,64,12,25,,,,,,,,,,,,,,,,,,,,,,,,,,,GX020808.MP4,739.1384,34.7826086956522,17.3913043478261,47.8260869565217,23,,,,,,,,,,,,,,,,
GX010808.MP4,739.5388,6.66666666666667,93.3333333333333,0,15,,,,,,,,,,,,,,,,,,,,,,,,,,,GX020808.MP4,739.5388,40,25,35,20,,,,,,,,,,,,,,,,
GX010808.MP4,739.9392,51.7241379310345,3.44827586206897,44.8275862068966,29,,,,,,,,,,,,,,,,,,,,,,,,,,,GX020808.MP4,739.9392,38.0952380952381,38.0952380952381,23.8095238095238,21,,,,,,,,,,,,,,,,
GX010808.MP4,740.3396,51.8518518518519,25.9259259259259,22.2222222222222,27,,,,,,,,,,,,,,,,,,,,,,,,,,,GX020808.MP4,740.3396,36.3636363636364,27.2727272727273,36.3636363636364,11,,,,,,,,,,,,,,,,
GX010808.MP4,740.74,13.0434782608696,69.5652173913043,17.3913043478261,23,,,,,,,,,,,,,,,,,,,,,,,,,,,GX020808.MP4,740.74,42.8571428571429,32.1428571428571,25,28,,,,,,,,,,,,,,,,
GX010808.MP4,741.1404,37.9310344827586,10.3448275862069,51.7241379310345,29,,,,,,,,,,,,,,,,,,,,,,,,,,,GX020808.MP4,741.1404,21.4285714285714,35.7142857142857,42.8571428571429,14,,,,,,,,,,,,,,,,
GX010808.MP4,741.5408,35,30,35,20,,,,,,,,,,,,,,,,,,,,,,,,,,,GX020808.MP4,741.5408,55,25,20,20,,,,,,,,,,,,,,,,
GX010808.MP4,741.9412,33.3333333333333,33.3333333333333,33.3333333333333,12,,,,,,,,,,,,,,,,,,,,,,,,,,,GX020808.MP4,741.9412,36.6666666666667,23.3333333333333,40,30,,,,,,,,,,,,,,,,
GX010808.MP4,742.3416,25,60,15,20,,,,,,,,,,,,,,,,,,,,,,,,,,,GX020808.MP4,742.3416,41.025641025641,17.948717948718,41.025641025641,39,,,,,,,,,,,,,,,,
GX010808.MP4,742.742,41.1764705882353,23.5294117647059,35.2941176470588,17,,,,,,,,,,,,,,,,,,,,,,,,,,,GX020808.MP4,742.742,46.4285714285714,17.8571428571429,35.7142857142857,28,,,,,,,,,,,,,,,,
GX010808.MP4,743.1424,34.4827586206897,55.1724137931034,10.3448275862069,29,,,,,,,,,,,,,,,,,,,,,,,,,,,GX020808.MP4,743.1424,31.0344827586207,41.3793103448276,27.5862068965517,29,,,,,,,,,,,,,,,,
GX010808.MP4,743.5428,35,55,10,20,,,,,,,,,,,,,,,,,,,,,,,,,,,GX020808.MP4,743.5428,44.4444444444444,44.4444444444444,11.1111111111111,18,,,,,,,,,,,,,,,,
GX010808.MP4,743.9432,50,35.7142857142857,14.2857142857143,28,,,,,,,,,,,,,,,,,,,,,,,,,,,GX020808.MP4,743.9432,45,35,20,20,,,,,,,,,,,,,,,,
GX010808.MP4,744.3436,38.7096774193548,38.7096774193548,22.5806451612903,31,,,,,,,,,,,,,,,,,,,,,,,,,,,GX020808.MP4,744.3436,38.8888888888889,38.8888888888889,22.2222222222222,18,,,,,,,,,,,,,,,,
GX010808.MP4,744.744,45.7142857142857,31.4285714285714,22.8571428571429,35,,,,,,,,,,,,,,,,,,,,,,,,,,,GX020808.MP4,744.744,18.9189189189189,75.6756756756757,5.40540540540541,37,,,,,,,,,,,,,,,,
GX010808.MP4,745.1444,17.2413793103448,51.7241379310345,31.0344827586207,29,,,,,,,,,,,,,,,,,,,,,,,,,,,GX020808.MP4,745.1444,50,0,50,24,,,,,,,,,,,,,,,,
GX010808.MP4,745.5448,53.125,31.25,15.625,32,,,,,,,,,,,,,,,,,,,,,,,,,,,GX020808.MP4,745.5448,34.6153846153846,50,15.3846153846154,26,,,,,,,,,,,,,,,,
GX010808.MP4,745.9452,35.2941176470588,41.1764705882353,23.5294117647059,34,,,,,,,,,,,,,,,,,,,,,,,,,,,GX020808.MP4,745.9452,50,27.7777777777778,22.2222222222222,18,,,,,,,,,,,,,,,,
GX010808.MP4,746.3456,30.7692307692308,50,19.2307692307692,26,,,,,,,,,,,,,,,,,,,,,,,,,,,GX020808.MP4,746.3456,33.3333333333333,61.1111111111111,5.55555555555556,18,,,,,,,,,,,,,,,,
GX010808.MP4,746.746,30.4347826086957,43.4782608695652,26.0869565217391,23,,,,,,,,,,,,,,,,,,,,,,,,,,,GX020808.MP4,746.746,41.6666666666667,25,33.3333333333333,12,,,,,,,,,,,,,,,,
GX010808.MP4,747.1464,52.6315789473684,36.8421052631579,10.5263157894737,19,,,,,,,,,,,,,,,,,,,,,,,,,,,GX020808.MP4,747.1464,47.8260869565217,39.1304347826087,13.0434782608696,23,,,,,,,,,,,,,,,,
GX010808.MP4,747.5468,56,20,24,25,,,,,,,,,,,,,,,,,,,,,,,,,,,GX020808.MP4,747.5468,35.2941176470588,47.0588235294118,17.6470588235294,34,,,,,,,,,,,,,,,,
GX010808.MP4,747.9472,46.1538461538462,30.7692307692308,23.0769230769231,26,,,,,,,,,,,,,,,,,,,,,,,,,,,GX020808.MP4,747.9472,31.0344827586207,20.6896551724138,48.2758620689655,29,,,,,,,,,,,,,,,,
GX010808.MP4,748.3476,17.3913043478261,65.2173913043478,17.3913043478261,23,,,,,,,,,,,,,,,,,,,,,,,,,,,GX020808.MP4,748.3476,50,30.7692307692308,19.2307692307692,26,,,,,,,,,,,,,,,,
GX010808.MP4,748.748,16.6666666666667,41.6666666666667,41.6666666666667,12,,,,,,,,,,,,,,,,,,,,,,,,,,,GX020808.MP4,748.748,21.875,59.375,18.75,32,,,,,,,,,,,,,,,,
GX010808.MP4,749.1484,62.5,18.75,18.75,16,,,,,,,,,,,,,,,,,,,,,,,,,,,GX020808.MP4,749.1484,21.0526315789474,71.0526315789474,7.89473684210526,38,,,,,,,,,,,,,,,,
GX010808.MP4,749.5488,57.1428571428571,9.52380952380952,33.3333333333333,21,,,,,,,,,,,,,,,,,,,,,,,,,,,GX020808.MP4,749.5488,11.5384615384615,84.6153846153846,3.84615384615385,26,,,,,,,,,,,,,,,,
GX010808.MP4,749.9492,47.3684210526316,26.3157894736842,26.3157894736842,19,,,,,,,,,,,,,,,,,,,,,,,,,,,GX020808.MP4,749.9492,0,92,8,25,,,,,,,,,,,,,,,,
GX010808.MP4,750.3496,50,21.875,28.125,32,,,,,,,,,,,,,,,,,,,,,,,,,,,GX020808.MP4,750.3496,38.8888888888889,44.4444444444444,16.6666666666667,18,,,,,,,,,,,,,,,,
GX010808.MP4,750.75,61.5384615384615,19.2307692307692,19.2307692307692,26,,,,,,,,,,,,,,,,,,,,,,,,,,,GX020808.MP4,750.75,41.9354838709677,45.1612903225806,12.9032258064516,31,,,,,,,,,,,,,,,,
GX010808.MP4,751.1504,42.8571428571429,32.1428571428571,25,28,,,,,,,,,,,,,,,,,,,,,,,,,,,GX020808.MP4,751.1504,54.1666666666667,25,20.8333333333333,24,,,,,,,,,,,,,,,,
GX010808.MP4,751.5508,15.3846153846154,69.2307692307692,15.3846153846154,26,,,,,,,,,,,,,,,,,,,,,,,,,,,GX020808.MP4,751.5508,35.2941176470588,55.8823529411765,8.82352941176471,34,,,,,,,,,,,,,,,,
GX010808.MP4,751.9512,38.8888888888889,33.3333333333333,27.7777777777778,18,,,,,,,,,,,,,,,,,,,,,,,,,,,GX020808.MP4,751.9512,33.3333333333333,52.7777777777778,13.8888888888889,36,,,,,,,,,,,,,,,,
GX010808.MP4,752.3516,44.4444444444444,33.3333333333333,22.2222222222222,27,,,,,,,,,,,,,,,,,,,,,,,,,,,GX020808.MP4,752.3516,45.1612903225806,32.258064516129,22.5806451612903,31,,,,,,,,,,,,,,,,
GX010808.MP4,752.752,50,30.7692307692308,19.2307692307692,26,,,,,,,,,,,,,,,,,,,,,,,,,,,GX020808.MP4,752.752,45.1612903225806,29.0322580645161,25.8064516129032,31,,,,,,,,,,,,,,,,
GX010808.MP4,753.1524,50,25,25,28,,,,,,,,,,,,,,,,,,,,,,,,,,,GX020808.MP4,753.1524,10.3448275862069,41.3793103448276,48.2758620689655,29,,,,,,,,,,,,,,,,
GX010808.MP4,753.5528,44.1176470588235,32.3529411764706,23.5294117647059,34,,,,,,,,,,,,,,,,,,,,,,,,,,,GX020808.MP4,753.5528,20,43.3333333333333,36.6666666666667,30,,,,,,,,,,,,,,,,
GX010808.MP4,753.9532,21.875,25,53.125,32,,,,,,,,,,,,,,,,,,,,,,,,,,,GX020808.MP4,753.9532,32,32,36,25,,,,,,,,,,,,,,,,
GX010808.MP4,754.3536,35.2941176470588,26.4705882352941,38.2352941176471,34,,,,,,,,,,,,,,,,,,,,,,,,,,,GX020808.MP4,754.3536,29.7297297297297,48.6486486486487,21.6216216216216,37,,,,,,,,,,,,,,,,
GX010808.MP4,754.754,27.5862068965517,34.4827586206897,37.9310344827586,29,,,,,,,,,,,,,,,,,,,,,,,,,,,GX020808.MP4,754.754,41.4634146341463,39.0243902439024,19.5121951219512,41,,,,,,,,,,,,,,,,
GX010808.MP4,755.1544,32.258064516129,35.4838709677419,32.258064516129,31,,,,,,,,,,,,,,,,,,,,,,,,,,,GX020808.MP4,755.1544,55,30,15,40,,,,,,,,,,,,,,,,
GX010808.MP4,755.5548,34.2857142857143,42.8571428571429,22.8571428571429,35,,,,,,,,,,,,,,,,,,,,,,,,,,,GX020808.MP4,755.5548,52.6315789473684,23.6842105263158,23.6842105263158,38,,,,,,,,,,,,,,,,
GX010808.MP4,755.9552,31.1111111111111,51.1111111111111,17.7777777777778,45,,,,,,,,,,,,,,,,,,,,,,,,,,,GX020808.MP4,755.9552,52.7777777777778,19.4444444444444,27.7777777777778,36,,,,,,,,,,,,,,,,
GX010808.MP4,756.3556,41.6666666666667,52.7777777777778,5.55555555555556,36,,,,,,,,,,,,,,,,,,,,,,,,,,,GX020808.MP4,756.3556,51.2820512820513,17.948717948718,30.7692307692308,39,,,,,,,,,,,,,,,,
GX010808.MP4,756.756,48.7804878048781,29.2682926829268,21.9512195121951,41,,,,,,,,,,,,,,,,,,,,,,,,,,,GX020808.MP4,756.756,40.8163265306122,48.9795918367347,10.2040816326531,49,,,,,,,,,,,,,,,,
GX010808.MP4,757.1564,38.0952380952381,35.7142857142857,26.1904761904762,42,,,,,,,,,,,,,,,,,,,,,,,,,,,GX020808.MP4,757.1564,36.5853658536585,48.7804878048781,14.6341463414634,41,,,,,,,,,,,,,,,,
GX010808.MP4,757.5568,43.9024390243903,36.5853658536585,19.5121951219512,41,,,,,,,,,,,,,,,,,,,,,,,,,,,GX020808.MP4,757.5568,46.1538461538462,38.4615384615385,15.3846153846154,39,,,,,,,,,,,,,,,,
GX010808.MP4,757.9572,41.4634146341463,39.0243902439024,19.5121951219512,41,,,,,,,,,,,,,,,,,,,,,,,,,,,GX020808.MP4,757.9572,41.9354838709677,48.3870967741936,9.67741935483871,31,,,,,,,,,,,,,,,,
GX010808.MP4,758.3576,41.025641025641,53.8461538461539,5.12820512820513,39,,,,,,,,,,,,,,,,,,,,,,,,,,,GX020808.MP4,758.3576,57.8947368421053,39.4736842105263,2.63157894736842,38,,,,,,,,,,,,,,,,
GX010808.MP4,758.758,47.2222222222222,33.3333333333333,19.4444444444444,36,,,,,,,,,,,,,,,,,,,,,,,,,,,GX020808.MP4,758.758,50,25,25,28,,,,,,,,,,,,,,,,
GX010808.MP4,759.1584,28.9473684210526,39.4736842105263,31.5789473684211,38,,,,,,,,,,,,,,,,,,,,,,,,,,,GX020808.MP4,759.1584,34.375,25,40.625,32,,,,,,,,,,,,,,,,
GX010808.MP4,759.5588,42.4242424242424,39.3939393939394,18.1818181818182,33,,,,,,,,,,,,,,,,,,,,,,,,,,,GX020808.MP4,759.5588,33.3333333333333,42.8571428571429,23.8095238095238,21,,,,,,,,,,,,,,,,
GX010808.MP4,759.9592,42.5,37.5,20,40,,,,,,,,,,,,,,,,,,,,,,,,,,,GX020808.MP4,759.9592,30,30,40,20,,,,,,,,,,,,,,,,
GX010808.MP4,760.3596,44.7368421052632,18.4210526315789,36.8421052631579,38,,,,,,,,,,,,,,,,,,,,,,,,,,,GX020808.MP4,760.3596,15.3846153846154,26.9230769230769,57.6923076923077,26,,,,,,,,,,,,,,,,
GX010808.MP4,760.76,38.2352941176471,32.3529411764706,29.4117647058824,34,,,,,,,,,,,,,,,,,,,,,,,,,,,GX020808.MP4,760.76,24.2424242424242,21.2121212121212,54.5454545454545,33,,,,,,,,,,,,,,,,
GX010808.MP4,761.1604,27.027027027027,37.8378378378378,35.1351351351351,37,,,,,,,,,,,,,,,,,,,,,,,,,,,GX020808.MP4,761.1604,27.2727272727273,31.8181818181818,40.9090909090909,22,,,,,,,,,,,,,,,,
GX010808.MP4,761.5608,22.5,52.5,25,40,,,,,,,,,,,,,,,,,,,,,,,,,,,GX020808.MP4,761.5608,16.6666666666667,41.6666666666667,41.6666666666667,24,,,,,,,,,,,,,,,,
GX010808.MP4,761.9612,30.3030303030303,42.4242424242424,27.2727272727273,33,,,,,,,,,,,,,,,,,,,,,,,,,,,GX020808.MP4,761.9612,27.027027027027,35.1351351351351,37.8378378378378,37,,,,,,,,,,,,,,,,
GX010808.MP4,762.3616,39.2857142857143,46.4285714285714,14.2857142857143,28,,,,,,,,,,,,,,,,,,,,,,,,,,,GX020808.MP4,762.3616,33.3333333333333,48.1481481481481,18.5185185185185,27,,,,,,,,,,,,,,,,
GX010808.MP4,762.762,46.875,34.375,18.75,32,,,,,,,,,,,,,,,,,,,,,,,,,,,GX020808.MP4,762.762,28,32,40,25,,,,,,,,,,,,,,,,
GX010808.MP4,763.1624,38.2352941176471,52.9411764705882,8.82352941176471,34,,,,,,,,,,,,,,,,,,,,,,,,,,,GX020808.MP4,763.1624,30.7692307692308,34.6153846153846,34.6153846153846,26,,,,,,,,,,,,,,,,
GX010808.MP4,763.5628,34.375,46.875,18.75,32,,,,,,,,,,,,,,,,,,,,,,,,,,,GX020808.MP4,763.5628,37.9310344827586,41.3793103448276,20.6896551724138,29,,,,,,,,,,,,,,,,
GX010808.MP4,763.9632,37.8378378378378,40.5405405405405,21.6216216216216,37,,,,,,,,,,,,,,,,,,,,,,,,,,,GX020808.MP4,763.9632,17.3913043478261,30.4347826086957,52.1739130434783,23,,,,,,,,,,,,,,,,
GX010808.MP4,764.3636,42.8571428571429,45.7142857142857,11.4285714285714,35,,,,,,,,,,,,,,,,,,,,,,,,,,,GX020808.MP4,764.3636,34.7826086956522,26.0869565217391,39.1304347826087,23,,,,,,,,,,,,,,,,
GX010808.MP4,764.764,50,5.55555555555556,44.4444444444444,18,,,,,,,,,,,,,,,,,,,,,,,,,,,GX020808.MP4,764.764,45.4545454545455,31.8181818181818,22.7272727272727,22,,,,,,,,,,,,,,,,
GX010808.MP4,765.1644,25.9259259259259,37.037037037037,37.037037037037,27,,,,,,,,,,,,,,,,,,,,,,,,,,,GX020808.MP4,765.1644,31.4285714285714,22.8571428571429,45.7142857142857,35,,,,,,,,,,,,,,,,
GX010808.MP4,765.5648,40,40,20,35,,,,,,,,,,,,,,,,,,,,,,,,,,,GX020808.MP4,765.5648,45.945945945946,16.2162162162162,37.8378378378378,37,,,,,,,,,,,,,,,,
GX010808.MP4,765.9652,30.7692307692308,50,19.2307692307692,26,,,,,,,,,,,,,,,,,,,,,,,,,,,GX020808.MP4,765.9652,30.3030303030303,27.2727272727273,42.4242424242424,33,,,,,,,,,,,,,,,,
GX010808.MP4,766.3656,43.3333333333333,46.6666666666667,10,30,,,,,,,,,,,,,,,,,,,,,,,,,,,GX020808.MP4,766.3656,14.7058823529412,17.6470588235294,67.6470588235294,34,,,,,,,,,,,,,,,,
GX010808.MP4,766.766,33.3333333333333,43.3333333333333,23.3333333333333,30,,,,,,,,,,,,,,,,,,,,,,,,,,,GX020808.MP4,766.766,14.2857142857143,28.5714285714286,57.1428571428571,28,,,,,,,,,,,,,,,,
GX010808.MP4,767.1664,29.1666666666667,45.8333333333333,25,24,,,,,,,,,,,,,,,,,,,,,,,,,,,GX020808.MP4,767.1664,20.8333333333333,37.5,41.6666666666667,24,,,,,,,,,,,,,,,,
GX010808.MP4,767.5668,66.6666666666667,27.7777777777778,5.55555555555556,36,,,,,,,,,,,,,,,,,,,,,,,,,,,GX020808.MP4,767.5668,25,33.3333333333333,41.6666666666667,24,,,,,,,,,,,,,,,,
GX010808.MP4,767.9672,52.6315789473684,39.4736842105263,7.89473684210526,38,,,,,,,,,,,,,,,,,,,,,,,,,,,GX020808.MP4,767.9672,25.9259259259259,29.6296296296296,44.4444444444444,27,,,,,,,,,,,,,,,,
GX010808.MP4,768.3676,69.4444444444444,27.7777777777778,2.77777777777778,36,,,,,,,,,,,,,,,,,,,,,,,,,,,GX020808.MP4,768.3676,28.5714285714286,37.1428571428571,34.2857142857143,35,,,,,,,,,,,,,,,,
