video,time_seconds,green,blue,red,recognized_count
GX010808.MP4,0.0,11.11111111111111,55.55555555555556,33.33333333333333,9
GX010808.MP4,0.40040000000000003,25.0,58.333333333333336,16.666666666666664,12
GX010808.MP4,0.8008000000000001,57.14285714285714,14.285714285714285,28.57142857142857,7
GX010808.MP4,1.2012,33.33333333333333,50.0,16.666666666666664,6
GX010808.MP4,1.6016000000000001,33.33333333333333,44.44444444444444,22.22222222222222,9
GX010808.MP4,2.0020000000000002,36.84210526315789,36.84210526315789,26.31578947368421,19
GX010808.MP4,2.4024,63.63636363636363,0.0,36.36363636363637,11
GX010808.MP4,2.8028,6.666666666666667,73.33333333333333,20.0,15
GX010808.MP4,3.2032000000000003,20.0,40.0,40.0,10
GX010808.MP4,3.6036,54.54545454545454,27.27272727272727,18.181818181818183,11
GX010808.MP4,4.0040000000000004,30.0,70.0,0.0,10
GX010808.MP4,4.4044,0.0,62.5,37.5,16
GX010808.MP4,4.8048,27.27272727272727,27.27272727272727,45.45454545454545,11
GX010808.MP4,5.2052000000000005,16.666666666666664,16.666666666666664,66.66666666666666,6
GX010808.MP4,5.6056,30.76923076923077,61.53846153846154,7.6923076923076925,13
GX010808.MP4,6.006,9.090909090909092,90.9090909090909,0.0,11
GX010808.MP4,6.4064000000000005,33.33333333333333,16.666666666666664,50.0,6
GX010808.MP4,6.8068,50.0,0.0,50.0,6
GX010808.MP4,7.2072,16.666666666666664,83.33333333333334,0.0,6
GX010808.MP4,7.6076,33.33333333333333,44.44444444444444,22.22222222222222,9
GX010808.MP4,8.008000000000001,0.0,71.42857142857143,28.57142857142857,7
GX010808.MP4,8.4084,80.0,20.0,0.0,5
GX010808.MP4,8.8088,80.0,10.0,10.0,10
GX010808.MP4,9.209200000000001,50.0,33.33333333333333,16.666666666666664,6
GX010808.MP4,9.6096,37.5,37.5,25.0,8
GX010808.MP4,10.01,33.33333333333333,33.33333333333333,33.33333333333333,6
GX010808.MP4,10.410400000000001,12.5,50.0,37.5,8
GX010808.MP4,10.8108,11.11111111111111,66.66666666666666,22.22222222222222,9
GX010808.MP4,11.2112,25.0,62.5,12.5,8
GX010808.MP4,11.611600000000001,37.5,37.5,25.0,8
GX010808.MP4,12.012,20.0,40.0,40.0,10
GX010808.MP4,12.4124,18.181818181818183,54.54545454545454,27.27272727272727,11
GX010808.MP4,12.812800000000001,30.76923076923077,23.076923076923077,46.15384615384615,13
GX010808.MP4,13.2132,20.0,20.0,60.0,5
GX010808.MP4,13.6136,8.333333333333332,66.66666666666666,25.0,12
GX010808.MP4,14.014000000000001,0.0,42.857142857142854,57.14285714285714,7
GX010808.MP4,14.4144,10.0,50.0,40.0,10
GX010808.MP4,14.8148,21.428571428571427,35.714285714285715,42.857142857142854,14
GX010808.MP4,15.2152,23.076923076923077,30.76923076923077,46.15384615384615,13
GX010808.MP4,15.6156,13.333333333333334,60.0,26.666666666666668,15
GX010808.MP4,16.016000000000002,14.285714285714285,42.857142857142854,42.857142857142854,14
GX010808.MP4,16.4164,8.333333333333332,66.66666666666666,25.0,12
GX010808.MP4,16.8168,0.0,83.33333333333334,16.666666666666664,6
GX010808.MP4,17.217200000000002,12.5,37.5,50.0,8
GX010808.MP4,17.6176,0.0,0.0,100.0,1
GX010808.MP4,18.018,0.0,100.0,0.0,1
GX010808.MP4,18.418400000000002,22.22222222222222,33.33333333333333,44.44444444444444,9
GX010808.MP4,18.8188,12.5,87.5,0.0,16
GX010808.MP4,19.2192,7.6923076923076925,30.76923076923077,61.53846153846154,13
GX010808.MP4,19.619600000000002,20.0,46.666666666666664,33.33333333333333,15
GX010808.MP4,20.02,20.0,60.0,20.0,10
GX010808.MP4,20.4204,42.857142857142854,42.857142857142854,14.285714285714285,7
GX010808.MP4,20.820800000000002,0.0,85.71428571428571,14.285714285714285,7
GX010808.MP4,21.2212,0.0,100.0,0.0,8
GX010808.MP4,21.6216,37.5,25.0,37.5,8
GX010808.MP4,22.022000000000002,0.0,66.66666666666666,33.33333333333333,6
GX010808.MP4,22.4224,6.666666666666667,93.33333333333333,0.0,15
GX010808.MP4,22.8228,22.22222222222222,55.55555555555556,22.22222222222222,9
GX010808.MP4,23.223200000000002,33.33333333333333,66.66666666666666,0.0,12
GX010808.MP4,23.6236,33.33333333333333,55.55555555555556,11.11111111111111,9
GX010808.MP4,24.024,28.57142857142857,28.57142857142857,42.857142857142854,7
GX010808.MP4,24.424400000000002,62.5,25.0,12.5,8
GX010808.MP4,24.8248,12.5,50.0,37.5,8
GX010808.MP4,25.2252,11.11111111111111,55.55555555555556,33.33333333333333,9
GX010808.MP4,25.625600000000002,27.27272727272727,45.45454545454545,27.27272727272727,11
GX010808.MP4,26.026,16.666666666666664,66.66666666666666,16.666666666666664,6
GX010808.MP4,26.4264,37.5,37.5,25.0,8
GX010808.MP4,26.826800000000002,0.0,66.66666666666666,33.33333333333333,6
GX010808.MP4,27.2272,25.0,50.0,25.0,12
GX010808.MP4,27.6276,0.0,71.42857142857143,28.57142857142857,7
GX010808.MP4,28.028000000000002,25.0,50.0,25.0,8
GX010808.MP4,28.4284,12.5,37.5,50.0,8
GX010808.MP4,28.8288,16.666666666666664,50.0,33.33333333333333,12
GX010808.MP4,29.229200000000002,27.27272727272727,45.45454545454545,27.27272727272727,11
GX010808.MP4,29.6296,8.333333333333332,83.33333333333334,8.333333333333332,12
GX010808.MP4,30.03,7.6923076923076925,69.23076923076923,23.076923076923077,13
GX010808.MP4,30.4304,7.6923076923076925,53.84615384615385,38.46153846153847,13
GX010808.MP4,30.8308,25.0,56.25,18.75,16
GX010808.MP4,31.2312,33.33333333333333,46.666666666666664,20.0,15
GX010808.MP4,31.6316,8.333333333333332,66.66666666666666,25.0,12
GX010808.MP4,32.032000000000004,33.33333333333333,50.0,16.666666666666664,12
GX010808.MP4,32.4324,18.181818181818183,45.45454545454545,36.36363636363637,11
GX010808.MP4,32.8328,16.666666666666664,41.66666666666667,41.66666666666667,12
GX010808.MP4,33.233200000000004,16.666666666666664,58.333333333333336,25.0,12
GX010808.MP4,33.6336,8.333333333333332,83.33333333333334,8.333333333333332,12
GX010808.MP4,34.034,7.142857142857142,85.71428571428571,7.142857142857142,14
GX010808.MP4,34.434400000000004,27.27272727272727,63.63636363636363,9.090909090909092,11
GX010808.MP4,34.8348,20.0,60.0,20.0,5
GX010808.MP4,35.2352,60.0,40.0,0.0,5
GX010808.MP4,35.635600000000004,18.75,12.5,68.75,16
GX010808.MP4,36.036,35.294117647058826,29.411764705882355,35.294117647058826,17
GX010808.MP4,36.4364,15.384615384615385,38.46153846153847,46.15384615384615,13
GX010808.MP4,36.836800000000004,22.22222222222222,50.0,27.77777777777778,18
GX010808.MP4,37.2372,33.33333333333333,33.33333333333333,33.33333333333333,9
GX010808.MP4,37.6376,11.76470588235294,70.58823529411765,17.647058823529413,17
GX010808.MP4,38.038000000000004,7.4074074074074066,81.48148148148148,11.11111111111111,27
GX010808.MP4,38.4384,23.076923076923077,46.15384615384615,30.76923076923077,13
GX010808.MP4,38.8388,6.25,93.75,0.0,16
GX010808.MP4,39.239200000000004,22.727272727272727,36.36363636363637,40.909090909090914,22
GX010808.MP4,39.6396,29.166666666666668,45.83333333333333,25.0,24
GX010808.MP4,40.04,28.57142857142857,50.0,21.428571428571427,14
GX010808.MP4,40.440400000000004,25.0,60.0,15.0,20
GX010808.MP4,40.8408,22.22222222222222,66.66666666666666,11.11111111111111,27
GX010808.MP4,41.2412,59.09090909090909,36.36363636363637,4.545454545454546,22
GX010808.MP4,41.641600000000004,31.25,56.25,12.5,16
GX010808.MP4,42.042,27.77777777777778,50.0,22.22222222222222,18
GX010808.MP4,42.4424,28.57142857142857,38.095238095238095,33.33333333333333,21
GX010808.MP4,42.842800000000004,41.66666666666667,29.166666666666668,29.166666666666668,24
GX010808.MP4,43.2432,26.31578947368421,47.368421052631575,26.31578947368421,19
GX010808.MP4,43.6436,12.0,44.0,44.0,25
GX010808.MP4,44.044000000000004,23.52941176470588,47.05882352941176,29.411764705882355,17
GX010808.MP4,44.4444,26.08695652173913,69.56521739130434,4.3478260869565215,23
GX010808.MP4,44.8448,23.809523809523807,76.19047619047619,0.0,21
GX010808.MP4,45.245200000000004,29.411764705882355,64.70588235294117,5.88235294117647,17
GX010808.MP4,45.6456,35.714285714285715,42.857142857142854,21.428571428571427,14
GX010808.MP4,46.046,55.55555555555556,44.44444444444444,0.0,9
GX010808.MP4,46.446400000000004,11.11111111111111,77.77777777777779,11.11111111111111,9
GX010808.MP4,46.8468,25.0,62.5,12.5,16
GX010808.MP4,47.2472,8.333333333333332,66.66666666666666,25.0,12
GX010808.MP4,47.647600000000004,0.0,45.45454545454545,54.54545454545454,11
GX010808.MP4,48.048,22.22222222222222,44.44444444444444,33.33333333333333,9
GX010808.MP4,48.4484,7.6923076923076925,61.53846153846154,30.76923076923077,13
GX010808.MP4,48.848800000000004,0.0,93.75,6.25,16
GX010808.MP4,49.2492,44.44444444444444,44.44444444444444,11.11111111111111,9
GX010808.MP4,49.6496,33.33333333333333,58.333333333333336,8.333333333333332,12
GX010808.MP4,50.050000000000004,71.42857142857143,28.57142857142857,0.0,7
GX010808.MP4,50.4504,25.0,33.33333333333333,41.66666666666667,12
GX010808.MP4,50.8508,27.27272727272727,31.818181818181817,40.909090909090914,22
GX010808.MP4,51.251200000000004,18.75,37.5,43.75,16
GX010808.MP4,51.6516,5.555555555555555,50.0,44.44444444444444,18
GX010808.MP4,52.052,0.0,76.19047619047619,23.809523809523807,21
GX010808.MP4,52.452400000000004,16.666666666666664,70.83333333333334,12.5,24
GX010808.MP4,52.8528,0.0,64.28571428571429,35.714285714285715,28
GX010808.MP4,53.2532,15.0,75.0,10.0,20
GX010808.MP4,53.653600000000004,20.833333333333336,58.333333333333336,20.833333333333336,24
GX010808.MP4,54.054,15.0,60.0,25.0,20
GX010808.MP4,54.4544,19.047619047619047,61.904761904761905,19.047619047619047,21
GX010808.MP4,54.854800000000004,27.27272727272727,54.54545454545454,18.181818181818183,22
GX010808.MP4,55.2552,36.36363636363637,59.09090909090909,4.545454545454546,22
GX010808.MP4,55.6556,26.923076923076923,61.53846153846154,11.538461538461538,26
GX010808.MP4,56.056000000000004,14.285714285714285,80.95238095238095,4.761904761904762,21
GX010808.MP4,56.4564,12.5,79.16666666666666,8.333333333333332,24
GX010808.MP4,56.8568,26.08695652173913,60.86956521739131,13.043478260869565,23
GX010808.MP4,57.257200000000005,53.84615384615385,30.76923076923077,15.384615384615385,26
GX010808.MP4,57.6576,17.391304347826086,65.21739130434783,17.391304347826086,23
GX010808.MP4,58.058,7.142857142857142,85.71428571428571,7.142857142857142,14
GX010808.MP4,58.458400000000005,4.545454545454546,81.81818181818183,13.636363636363635,22
GX010808.MP4,58.8588,10.0,60.0,30.0,10
GX010808.MP4,59.2592,6.666666666666667,53.333333333333336,40.0,15
GX010808.MP4,59.6596,5.555555555555555,72.22222222222221,22.22222222222222,18
GX010808.MP4,60.06,30.0,50.0,20.0,20
GX010808.MP4,60.4604,9.523809523809524,85.71428571428571,4.761904761904762,21
GX010808.MP4,60.8608,12.0,84.0,4.0,25
GX010808.MP4,61.2612,7.6923076923076925,80.76923076923077,11.538461538461538,26
GX010808.MP4,61.6616,5.88235294117647,94.11764705882352,0.0,17
GX010808.MP4,62.062,3.8461538461538463,96.15384615384616,0.0,26
GX010808.MP4,62.4624,26.08695652173913,65.21739130434783,8.695652173913043,23
GX010808.MP4,62.8628,28.57142857142857,64.28571428571429,7.142857142857142,14
GX010808.MP4,63.2632,12.0,88.0,0.0,25
GX010808.MP4,63.6636,22.22222222222222,33.33333333333333,44.44444444444444,9
GX010808.MP4,64.06400000000001,25.0,50.0,25.0,20
GX010808.MP4,64.4644,40.0,50.0,10.0,10
GX010808.MP4,64.8648,28.57142857142857,71.42857142857143,0.0,14
GX010808.MP4,65.26520000000001,30.76923076923077,69.23076923076923,0.0,13
GX010808.MP4,65.6656,20.0,66.66666666666666,13.333333333333334,15
GX010808.MP4,66.066,10.0,80.0,10.0,10
GX010808.MP4,66.46640000000001,36.84210526315789,52.63157894736842,10.526315789473683,19
GX010808.MP4,66.8668,0.0,83.33333333333334,16.666666666666664,12
GX010808.MP4,67.2672,26.31578947368421,57.89473684210527,15.789473684210526,19
GX010808.MP4,67.66760000000001,20.0,50.0,30.0,20
GX010808.MP4,68.068,12.0,72.0,16.0,25
GX010808.MP4,68.4684,10.526315789473683,84.21052631578947,5.263157894736842,19
GX010808.MP4,68.86880000000001,4.3478260869565215,78.26086956521739,17.391304347826086,23
GX010808.MP4,69.2692,27.77777777777778,61.111111111111114,11.11111111111111,18
GX010808.MP4,69.6696,5.263157894736842,36.84210526315789,57.89473684210527,19
GX010808.MP4,70.07000000000001,13.333333333333334,46.666666666666664,40.0,15
GX010808.MP4,70.4704,21.73913043478261,56.52173913043478,21.73913043478261,23
GX010808.MP4,70.8708,14.814814814814813,77.77777777777779,7.4074074074074066,27
GX010808.MP4,71.27120000000001,22.22222222222222,50.0,27.77777777777778,18
GX010808.MP4,71.6716,33.33333333333333,66.66666666666666,0.0,18
GX010808.MP4,72.072,13.636363636363635,54.54545454545454,31.818181818181817,22
GX010808.MP4,72.47240000000001,21.052631578947366,47.368421052631575,31.57894736842105,19
GX010808.MP4,72.8728,19.047619047619047,57.14285714285714,23.809523809523807,21
GX010808.MP4,73.2732,7.6923076923076925,46.15384615384615,46.15384615384615,13
GX010808.MP4,73.67360000000001,21.052631578947366,47.368421052631575,31.57894736842105,19
GX010808.MP4,74.074,20.0,45.0,35.0,20
GX010808.MP4,74.4744,14.285714285714285,66.66666666666666,19.047619047619047,21
GX010808.MP4,74.87480000000001,16.0,64.0,20.0,25
GX010808.MP4,75.2752,38.88888888888889,33.33333333333333,27.77777777777778,18
GX010808.MP4,75.6756,44.44444444444444,55.55555555555556,0.0,18
GX010808.MP4,76.07600000000001,18.181818181818183,50.0,31.818181818181817,22
GX010808.MP4,76.4764,47.61904761904761,42.857142857142854,9.523809523809524,21
GX010808.MP4,76.8768,33.33333333333333,42.857142857142854,23.809523809523807,21
GX010808.MP4,77.27720000000001,30.0,20.0,50.0,10
GX010808.MP4,77.6776,17.391304347826086,60.86956521739131,21.73913043478261,23
GX010808.MP4,78.078,11.11111111111111,70.37037037037037,18.51851851851852,27
GX010808.MP4,78.47840000000001,19.35483870967742,77.41935483870968,3.225806451612903,31
GX010808.MP4,78.8788,0.0,100.0,0.0,21
GX010808.MP4,79.2792,21.428571428571427,67.85714285714286,10.714285714285714,28
GX010808.MP4,79.67960000000001,27.27272727272727,68.18181818181817,4.545454545454546,22
GX010808.MP4,80.08,23.076923076923077,73.07692307692307,3.8461538461538463,26
GX010808.MP4,80.4804,12.0,76.0,12.0,25
GX010808.MP4,80.88080000000001,19.35483870967742,61.29032258064516,19.35483870967742,31
GX010808.MP4,81.2812,22.857142857142858,65.71428571428571,11.428571428571429,35
GX010808.MP4,81.6816,30.0,50.0,20.0,20
GX010808.MP4,82.08200000000001,23.809523809523807,38.095238095238095,38.095238095238095,21
GX010808.MP4,82.4824,30.76923076923077,38.46153846153847,30.76923076923077,26
GX010808.MP4,82.8828,45.83333333333333,25.0,29.166666666666668,24
GX010808.MP4,83.28320000000001,25.0,45.83333333333333,29.166666666666668,24
GX010808.MP4,83.6836,34.78260869565217,39.130434782608695,26.08695652173913,23
GX010808.MP4,84.084,11.538461538461538,65.38461538461539,23.076923076923077,26
GX010808.MP4,84.48440000000001,33.33333333333333,33.33333333333333,33.33333333333333,21
GX010808.MP4,84.8848,15.0,50.0,35.0,20
GX010808.MP4,85.2852,6.896551724137931,48.275862068965516,44.827586206896555,29
GX010808.MP4,85.68560000000001,15.384615384615385,53.84615384615385,30.76923076923077,26
GX010808.MP4,86.086,3.7037037037037033,66.66666666666666,29.629629629629626,27
GX010808.MP4,86.4864,13.333333333333334,53.333333333333336,33.33333333333333,30
GX010808.MP4,86.88680000000001,32.0,40.0,28.000000000000004,25
GX010808.MP4,87.2872,14.814814814814813,55.55555555555556,29.629629629629626,27
GX010808.MP4,87.6876,18.75,53.125,28.125,32
GX010808.MP4,88.08800000000001,17.857142857142858,57.14285714285714,25.0,28
GX010808.MP4,88.4884,13.793103448275861,58.620689655172406,27.586206896551722,29
GX010808.MP4,88.8888,25.0,50.0,25.0,20
GX010808.MP4,89.28920000000001,15.0,70.0,15.0,20
GX010808.MP4,89.6896,20.0,44.0,36.0,25
GX010808.MP4,90.09,31.25,28.125,40.625,32
GX010808.MP4,90.49040000000001,31.818181818181817,45.45454545454545,22.727272727272727,22
GX010808.MP4,90.8908,29.629629629629626,40.74074074074074,29.629629629629626,27
GX010808.MP4,91.2912,12.82051282051282,71.7948717948718,15.384615384615385,39
GX010808.MP4,91.69160000000001,22.22222222222222,72.22222222222221,5.555555555555555,18
GX010808.MP4,92.092,21.73913043478261,47.82608695652174,30.434782608695656,23
GX010808.MP4,92.4924,33.33333333333333,0.0,66.66666666666666,3
GX010808.MP4,92.89280000000001,20.0,66.66666666666666,13.333333333333334,15
GX010808.MP4,93.2932,30.76923076923077,23.076923076923077,46.15384615384615,26
GX010808.MP4,93.6936,43.333333333333336,43.333333333333336,13.333333333333334,30
GX010808.MP4,94.09400000000001,13.88888888888889,41.66666666666667,44.44444444444444,36
GX010808.MP4,94.4944,19.444444444444446,38.88888888888889,41.66666666666667,36
GX010808.MP4,94.8948,18.51851851851852,33.33333333333333,48.148148148148145,27
GX010808.MP4,95.29520000000001,7.6923076923076925,38.46153846153847,53.84615384615385,26
GX010808.MP4,95.6956,4.761904761904762,76.19047619047619,19.047619047619047,21
GX010808.MP4,96.096,11.11111111111111,66.66666666666666,22.22222222222222,9
GX010808.MP4,96.49640000000001,20.0,60.0,20.0,15
GX010808.MP4,96.8968,48.148148148148145,33.33333333333333,18.51851851851852,27
GX010808.MP4,97.2972,16.666666666666664,69.44444444444444,13.88888888888889,36
GX010808.MP4,97.69760000000001,7.317073170731707,92.6829268292683,0.0,41
GX010808.MP4,98.098,9.375,78.125,12.5,32
GX010808.MP4,98.4984,36.36363636363637,54.54545454545454,9.090909090909092,11
GX010808.MP4,98.89880000000001,19.230769230769234,26.923076923076923,53.84615384615385,26
GX010808.MP4,99.2992,16.666666666666664,22.22222222222222,61.111111111111114,36
GX010808.MP4,99.6996,27.77777777777778,11.11111111111111,61.111111111111114,18
GX010808.MP4,100.10000000000001,36.36363636363637,18.181818181818183,45.45454545454545,11
GX010808.MP4,100.5004,55.55555555555556,0.0,44.44444444444444,9
GX010808.MP4,100.9008,8.0,56.00000000000001,36.0,25
GX010808.MP4,101.30120000000001,9.523809523809524,52.38095238095239,38.095238095238095,21
GX010808.MP4,101.7016,8.0,44.0,48.0,25
GX010808.MP4,102.102,50.0,30.0,20.0,30
GX010808.MP4,102.50240000000001,52.38095238095239,38.095238095238095,9.523809523809524,21
GX010808.MP4,102.9028,14.705882352941178,73.52941176470588,11.76470588235294,34
GX010808.MP4,103.3032,24.324324324324326,59.45945945945946,16.216216216216218,37
GX010808.MP4,103.70360000000001,34.78260869565217,43.47826086956522,21.73913043478261,23
GX010808.MP4,104.104,35.0,45.0,20.0,20
GX010808.MP4,104.5044,50.0,14.285714285714285,35.714285714285715,14
GX010808.MP4,104.90480000000001,30.0,40.0,30.0,20
GX010808.MP4,105.3052,26.31578947368421,68.42105263157895,5.263157894736842,19
GX010808.MP4,105.7056,30.0,60.0,10.0,10
GX010808.MP4,106.10600000000001,25.0,50.0,25.0,8
GX010808.MP4,106.5064,33.33333333333333,46.666666666666664,20.0,15
GX010808.MP4,106.9068,40.0,30.0,30.0,30
GX010808.MP4,107.30720000000001,36.666666666666664,40.0,23.333333333333332,30
GX010808.MP4,107.7076,9.523809523809524,23.809523809523807,66.66666666666666,21
GX010808.MP4,108.108,55.172413793103445,27.586206896551722,17.24137931034483,29
GX010808.MP4,108.50840000000001,12.121212121212121,81.81818181818183,6.0606060606060606,33
GX010808.MP4,108.9088,5.555555555555555,72.22222222222221,22.22222222222222,18
GX010808.MP4,109.3092,8.0,72.0,20.0,25
GX010808.MP4,109.70960000000001,0.0,77.77777777777779,22.22222222222222,9
GX010808.MP4,110.11,31.818181818181817,18.181818181818183,50.0,22
GX010808.MP4,110.5104,17.24137931034483,37.93103448275862,44.827586206896555,29
GX010808.MP4,110.91080000000001,23.076923076923077,53.84615384615385,23.076923076923077,26
GX010808.MP4,111.3112,26.47058823529412,50.0,23.52941176470588,34
GX010808.MP4,111.7116,21.73913043478261,39.130434782608695,39.130434782608695,23
GX010808.MP4,112.11200000000001,20.689655172413794,44.827586206896555,34.48275862068966,29
GX010808.MP4,112.5124,6.666666666666667,86.66666666666667,6.666666666666667,30
GX010808.MP4,112.9128,5.88235294117647,91.17647058823529,2.941176470588235,34
GX010808.MP4,113.31320000000001,10.526315789473683,89.47368421052632,0.0,19
GX010808.MP4,113.7136,7.4074074074074066,88.88888888888889,3.7037037037037033,27
GX010808.MP4,114.114,25.0,65.0,10.0,20
GX010808.MP4,114.51440000000001,36.36363636363637,45.45454545454545,18.181818181818183,11
GX010808.MP4,114.9148,44.44444444444444,11.11111111111111,44.44444444444444,9
GX010808.MP4,115.3152,30.76923076923077,46.15384615384615,23.076923076923077,26
GX010808.MP4,115.71560000000001,20.0,53.333333333333336,26.666666666666668,15
GX010808.MP4,116.116,6.25,87.5,6.25,16
GX010808.MP4,116.5164,21.428571428571427,71.42857142857143,7.142857142857142,14
GX010808.MP4,116.91680000000001,9.090909090909092,81.81818181818183,9.090909090909092,11
GX010808.MP4,117.3172,12.5,25.0,62.5,8
GX010808.MP4,117.7176,0.0,77.77777777777779,22.22222222222222,9
GX010808.MP4,118.11800000000001,42.857142857142854,28.57142857142857,28.57142857142857,7
GX010808.MP4,118.5184,14.814814814814813,25.925925925925924,59.25925925925925,27
GX010808.MP4,118.9188,17.647058823529413,35.294117647058826,47.05882352941176,17
GX010808.MP4,119.3192,17.857142857142858,42.857142857142854,39.285714285714285,28
GX010808.MP4,119.7196,45.94594594594595,45.94594594594595,8.108108108108109,37
GX010808.MP4,120.12,12.5,83.33333333333334,4.166666666666666,24
GX010808.MP4,120.5204,46.875,9.375,43.75,32
GX010808.MP4,120.9208,36.36363636363637,39.39393939393939,24.242424242424242,33
GX010808.MP4,121.3212,25.0,45.83333333333333,29.166666666666668,24
GX010808.MP4,121.7216,26.08695652173913,39.130434782608695,34.78260869565217,23
GX010808.MP4,122.122,20.0,28.000000000000004,52.0,25
GX010808.MP4,122.5224,28.57142857142857,33.33333333333333,38.095238095238095,21
GX010808.MP4,122.9228,80.0,20.0,0.0,5
GX010808.MP4,123.3232,10.526315789473683,84.21052631578947,5.263157894736842,38
GX010808.MP4,123.7236,4.545454545454546,81.81818181818183,13.636363636363635,22
GX010808.MP4,124.124,55.00000000000001,35.0,10.0,20
GX010808.MP4,124.5244,23.076923076923077,46.15384615384615,30.76923076923077,13
GX010808.MP4,124.9248,34.78260869565217,56.52173913043478,8.695652173913043,23
GX010808.MP4,125.3252,28.125,50.0,21.875,32
GX010808.MP4,125.7256,14.285714285714285,46.42857142857143,39.285714285714285,28
GX010808.MP4,126.126,30.76923076923077,46.15384615384615,23.076923076923077,13
GX010808.MP4,126.5264,18.75,68.75,12.5,16
GX010808.MP4,126.9268,41.17647058823529,41.17647058823529,17.647058823529413,17
GX010808.MP4,127.3272,50.0,26.923076923076923,23.076923076923077,26
GX010808.MP4,127.7276,54.166666666666664,20.833333333333336,25.0,24
GX010808.MP4,128.12800000000001,50.0,37.5,12.5,16
GX010808.MP4,128.5284,42.857142857142854,38.095238095238095,19.047619047619047,21
GX010808.MP4,128.9288,41.66666666666667,41.66666666666667,16.666666666666664,24
GX010808.MP4,129.32920000000001,38.46153846153847,38.46153846153847,23.076923076923077,13
GX010808.MP4,129.7296,36.36363636363637,54.54545454545454,9.090909090909092,11
GX010808.MP4,130.13,50.0,26.923076923076923,23.076923076923077,26
GX010808.MP4,130.53040000000001,25.0,57.14285714285714,17.857142857142858,28
GX010808.MP4,130.9308,33.33333333333333,40.0,26.666666666666668,15
GX010808.MP4,131.3312,50.0,34.61538461538461,15.384615384615385,26
GX010808.MP4,131.73160000000001,52.17391304347826,47.82608695652174,0.0,23
GX010808.MP4,132.132,42.857142857142854,50.0,7.142857142857142,14
GX010808.MP4,132.5324,30.0,40.0,30.0,20
GX010808.MP4,132.93280000000001,18.181818181818183,40.909090909090914,40.909090909090914,22
GX010808.MP4,133.3332,35.0,35.0,30.0,20
GX010808.MP4,133.7336,24.242424242424242,51.515151515151516,24.242424242424242,33
GX010808.MP4,134.13400000000001,16.129032258064516,61.29032258064516,22.58064516129032,31
GX010808.MP4,134.5344,26.47058823529412,44.11764705882353,29.411764705882355,34
GX010808.MP4,134.9348,20.689655172413794,41.37931034482759,37.93103448275862,29
GX010808.MP4,135.33520000000001,13.793103448275861,34.48275862068966,51.724137931034484,29
GX010808.MP4,135.7356,22.727272727272727,50.0,27.27272727272727,22
GX010808.MP4,136.136,13.043478260869565,30.434782608695656,56.52173913043478,23
GX010808.MP4,136.53640000000001,20.833333333333336,45.83333333333333,33.33333333333333,24
GX010808.MP4,136.9368,13.636363636363635,40.909090909090914,45.45454545454545,22
GX010808.MP4,137.3372,17.391304347826086,34.78260869565217,47.82608695652174,23
GX010808.MP4,137.73760000000001,22.727272727272727,45.45454545454545,31.818181818181817,22
GX010808.MP4,138.138,25.0,58.333333333333336,16.666666666666664,24
GX010808.MP4,138.5384,25.0,42.857142857142854,32.142857142857146,28
GX010808.MP4,138.93880000000001,20.0,40.0,40.0,25
GX010808.MP4,139.3392,18.181818181818183,36.36363636363637,45.45454545454545,22
GX010808.MP4,139.7396,31.25,25.0,43.75,32
GX010808.MP4,140.14000000000001,18.181818181818183,31.818181818181817,50.0,22
GX010808.MP4,140.5404,43.47826086956522,30.434782608695656,26.08695652173913,23
GX010808.MP4,140.9408,28.57142857142857,46.42857142857143,25.0,28
GX010808.MP4,141.34120000000001,13.043478260869565,56.52173913043478,30.434782608695656,23
GX010808.MP4,141.7416,5.263157894736842,68.42105263157895,26.31578947368421,19
GX010808.MP4,142.142,25.0,41.66666666666667,33.33333333333333,24
GX010808.MP4,142.54240000000001,5.0,40.0,55.00000000000001,20
GX010808.MP4,142.9428,38.70967741935484,45.16129032258064,16.129032258064516,31
GX010808.MP4,143.3432,26.923076923076923,42.30769230769231,30.76923076923077,26
GX010808.MP4,143.74360000000001,31.03448275862069,41.37931034482759,27.586206896551722,29
GX010808.MP4,144.144,17.391304347826086,60.86956521739131,21.73913043478261,23
GX010808.MP4,144.5444,13.513513513513514,56.75675675675676,29.72972972972973,37
GX010808.MP4,144.94480000000001,43.75,40.625,15.625,32
GX010808.MP4,145.3452,19.230769230769234,69.23076923076923,11.538461538461538,26
GX010808.MP4,145.7456,21.428571428571427,53.57142857142857,25.0,28
GX010808.MP4,146.14600000000002,26.666666666666668,50.0,23.333333333333332,30
GX010808.MP4,146.5464,20.0,40.0,40.0,25
GX010808.MP4,146.9468,21.73913043478261,34.78260869565217,43.47826086956522,23
GX010808.MP4,147.34720000000002,29.411764705882355,64.70588235294117,5.88235294117647,17
GX010808.MP4,147.7476,9.375,50.0,40.625,32
GX010808.MP4,148.148,19.35483870967742,35.483870967741936,45.16129032258064,31
GX010808.MP4,148.54840000000002,28.000000000000004,40.0,32.0,25
GX010808.MP4,148.9488,28.000000000000004,48.0,24.0,25
GX010808.MP4,149.3492,35.0,40.0,25.0,20
GX010808.MP4,149.74960000000002,22.58064516129032,32.25806451612903,45.16129032258064,31
GX010808.MP4,150.15,42.42424242424242,39.39393939393939,18.181818181818183,33
GX010808.MP4,150.5504,15.625,62.5,21.875,32
GX010808.MP4,150.95080000000002,40.625,37.5,21.875,32
GX010808.MP4,151.3512,37.142857142857146,28.57142857142857,34.285714285714285,35
GX010808.MP4,151.7516,30.434782608695656,17.391304347826086,52.17391304347826,23
GX010808.MP4,152.15200000000002,26.923076923076923,46.15384615384615,26.923076923076923,26
GX010808.MP4,152.5524,25.0,50.0,25.0,36
GX010808.MP4,152.9528,65.9090909090909,22.727272727272727,11.363636363636363,44
GX010808.MP4,153.35320000000002,61.53846153846154,20.51282051282051,17.94871794871795,39
GX010808.MP4,153.7536,24.324324324324326,40.54054054054054,35.13513513513514,37
GX010808.MP4,154.154,6.25,34.375,59.375,32
GX010808.MP4,154.55440000000002,28.57142857142857,32.142857142857146,39.285714285714285,28
GX010808.MP4,154.9548,39.39393939393939,33.33333333333333,27.27272727272727,33
GX010808.MP4,155.3552,26.666666666666668,46.666666666666664,26.666666666666668,45
GX010808.MP4,155.75560000000002,38.46153846153847,41.02564102564102,20.51282051282051,39
GX010808.MP4,156.156,48.484848484848484,18.181818181818183,33.33333333333333,33
GX010808.MP4,156.5564,27.027027027027028,45.94594594594595,27.027027027027028,37
GX010808.MP4,156.95680000000002,20.588235294117645,55.88235294117647,23.52941176470588,34
GX010808.MP4,157.3572,27.586206896551722,55.172413793103445,17.24137931034483,29
GX010808.MP4,157.7576,42.857142857142854,25.71428571428571,31.428571428571427,35
GX010808.MP4,158.15800000000002,23.076923076923077,38.46153846153847,38.46153846153847,39
GX010808.MP4,158.5584,51.724137931034484,27.586206896551722,20.689655172413794,29
GX010808.MP4,158.9588,13.043478260869565,47.82608695652174,39.130434782608695,23
GX010808.MP4,159.35920000000002,16.666666666666664,26.666666666666668,56.666666666666664,30
GX010808.MP4,159.7596,34.78260869565217,47.82608695652174,17.391304347826086,23
GX010808.MP4,160.16,23.52941176470588,35.294117647058826,41.17647058823529,17
GX010808.MP4,160.56040000000002,14.285714285714285,78.57142857142857,7.142857142857142,14
GX010808.MP4,160.9608,35.294117647058826,52.94117647058824,11.76470588235294,17
GX010808.MP4,161.3612,57.14285714285714,21.428571428571427,21.428571428571427,14
GX010808.MP4,161.76160000000002,37.5,43.75,18.75,32
GX010808.MP4,162.162,27.27272727272727,33.33333333333333,39.39393939393939,33
GX010808.MP4,162.5624,23.076923076923077,50.0,26.923076923076923,26
GX010808.MP4,162.96280000000002,34.61538461538461,46.15384615384615,19.230769230769234,26
GX010808.MP4,163.3632,57.89473684210527,21.052631578947366,21.052631578947366,19
GX010808.MP4,163.7636,25.925925925925924,48.148148148148145,25.925925925925924,27
GX010808.MP4,164.16400000000002,28.57142857142857,42.857142857142854,28.57142857142857,21
GX010808.MP4,164.5644,48.148148148148145,37.03703703703704,14.814814814814813,27
GX010808.MP4,164.9648,51.85185185185185,40.74074074074074,7.4074074074074066,27
GX010808.MP4,165.36520000000002,42.857142857142854,21.428571428571427,35.714285714285715,14
GX010808.MP4,165.7656,66.66666666666666,28.57142857142857,4.761904761904762,21
GX010808.MP4,166.166,62.5,8.333333333333332,29.166666666666668,24
GX010808.MP4,166.56640000000002,66.66666666666666,25.925925925925924,7.4074074074074066,27
GX010808.MP4,166.9668,60.0,20.0,20.0,30
GX010808.MP4,167.3672,35.714285714285715,57.14285714285714,7.142857142857142,28
GX010808.MP4,167.76760000000002,50.0,32.142857142857146,17.857142857142858,28
GX010808.MP4,168.168,35.483870967741936,48.38709677419355,16.129032258064516,31
GX010808.MP4,168.5684,37.5,37.5,25.0,24
GX010808.MP4,168.96880000000002,25.0,66.66666666666666,8.333333333333332,24
GX010808.MP4,169.3692,44.827586206896555,44.827586206896555,10.344827586206897,29
GX010808.MP4,169.7696,43.24324324324324,32.432432432432435,24.324324324324326,37
GX010808.MP4,170.17000000000002,40.0,53.333333333333336,6.666666666666667,30
GX010808.MP4,170.5704,12.121212121212121,60.60606060606061,27.27272727272727,33
GX010808.MP4,170.9708,30.303030303030305,48.484848484848484,21.21212121212121,33
GX010808.MP4,171.37120000000002,42.10526315789473,28.947368421052634,28.947368421052634,38
GX010808.MP4,171.7716,36.84210526315789,44.73684210526316,18.421052631578945,38
GX010808.MP4,172.172,22.857142857142858,45.714285714285715,31.428571428571427,35
GX010808.MP4,172.57240000000002,33.33333333333333,28.57142857142857,38.095238095238095,21
GX010808.MP4,172.9728,37.5,37.5,25.0,32
GX010808.MP4,173.3732,33.33333333333333,50.0,16.666666666666664,18
GX010808.MP4,173.77360000000002,43.47826086956522,26.08695652173913,30.434782608695656,23
GX010808.MP4,174.174,56.666666666666664,26.666666666666668,16.666666666666664,30
GX010808.MP4,174.5744,29.411764705882355,52.94117647058824,17.647058823529413,17
GX010808.MP4,174.97480000000002,37.03703703703704,37.03703703703704,25.925925925925924,27
GX010808.MP4,175.3752,38.46153846153847,42.30769230769231,19.230769230769234,26
GX010808.MP4,175.7756,30.303030303030305,33.33333333333333,36.36363636363637,33
GX010808.MP4,176.17600000000002,20.0,40.0,40.0,20
GX010808.MP4,176.5764,40.54054054054054,35.13513513513514,24.324324324324326,37
GX010808.MP4,176.9768,28.000000000000004,48.0,24.0,25
GX010808.MP4,177.37720000000002,60.0,20.0,20.0,15
GX010808.MP4,177.7776,0.0,96.15384615384616,3.8461538461538463,26
GX010808.MP4,178.178,35.714285714285715,57.14285714285714,7.142857142857142,28
GX010808.MP4,178.57840000000002,32.142857142857146,64.28571428571429,3.571428571428571,28
GX010808.MP4,178.9788,3.571428571428571,82.14285714285714,14.285714285714285,28
GX010808.MP4,179.3792,9.523809523809524,76.19047619047619,14.285714285714285,21
GX010808.MP4,179.77960000000002,22.58064516129032,38.70967741935484,38.70967741935484,31
GX010808.MP4,180.18,60.86956521739131,17.391304347826086,21.73913043478261,23
GX010808.MP4,180.5804,18.181818181818183,63.63636363636363,18.181818181818183,22
GX010808.MP4,180.98080000000002,34.61538461538461,26.923076923076923,38.46153846153847,26
GX010808.MP4,181.3812,34.61538461538461,46.15384615384615,19.230769230769234,26
GX010808.MP4,181.7816,25.0,67.85714285714286,7.142857142857142,28
GX010808.MP4,182.18200000000002,56.25,31.25,12.5,16
GX010808.MP4,182.5824,60.0,40.0,0.0,15
GX010808.MP4,182.9828,16.0,80.0,4.0,25
GX010808.MP4,183.38320000000002,30.0,70.0,0.0,20
GX010808.MP4,183.7836,11.11111111111111,88.88888888888889,0.0,9
GX010808.MP4,184.184,32.142857142857146,60.71428571428571,7.142857142857142,28
GX010808.MP4,184.58440000000002,28.125,46.875,25.0,32
GX010808.MP4,184.9848,27.27272727272727,45.45454545454545,27.27272727272727,11
GX010808.MP4,185.3852,35.0,45.0,20.0,20
GX010808.MP4,185.78560000000002,27.27272727272727,54.54545454545454,18.181818181818183,11
GX010808.MP4,186.186,27.27272727272727,63.63636363636363,9.090909090909092,11
GX010808.MP4,186.5864,15.384615384615385,69.23076923076923,15.384615384615385,13
GX010808.MP4,186.98680000000002,33.33333333333333,44.44444444444444,22.22222222222222,9
GX010808.MP4,187.3872,21.052631578947366,47.368421052631575,31.57894736842105,19
GX010808.MP4,187.7876,46.15384615384615,46.15384615384615,7.6923076923076925,13
GX010808.MP4,188.18800000000002,40.0,50.0,10.0,30
GX010808.MP4,188.5884,19.047619047619047,80.95238095238095,0.0,21
GX010808.MP4,188.9888,28.000000000000004,56.00000000000001,16.0,25
GX010808.MP4,189.38920000000002,40.0,52.0,8.0,25
GX010808.MP4,189.7896,39.285714285714285,53.57142857142857,7.142857142857142,28
GX010808.MP4,190.19,33.33333333333333,52.38095238095239,14.285714285714285,21
GX010808.MP4,190.59040000000002,37.93103448275862,48.275862068965516,13.793103448275861,29
GX010808.MP4,190.9908,42.857142857142854,35.714285714285715,21.428571428571427,28
GX010808.MP4,191.3912,34.375,46.875,18.75,32
GX010808.MP4,191.79160000000002,24.137931034482758,55.172413793103445,20.689655172413794,29
GX010808.MP4,192.192,46.15384615384615,38.46153846153847,15.384615384615385,26
GX010808.MP4,192.5924,37.93103448275862,48.275862068965516,13.793103448275861,29
GX010808.MP4,192.99280000000002,36.0,56.00000000000001,8.0,25
GX010808.MP4,193.3932,41.17647058823529,47.05882352941176,11.76470588235294,17
GX010808.MP4,193.7936,45.45454545454545,45.45454545454545,9.090909090909092,11
GX010808.MP4,194.19400000000002,33.33333333333333,66.66666666666666,0.0,12
GX010808.MP4,194.5944,8.823529411764707,76.47058823529412,14.705882352941178,34
GX010808.MP4,194.9948,11.76470588235294,79.41176470588235,8.823529411764707,34
GX010808.MP4,195.39520000000002,26.08695652173913,30.434782608695656,43.47826086956522,23
GX010808.MP4,195.7956,44.827586206896555,51.724137931034484,3.4482758620689653,29
GX010808.MP4,196.196,41.37931034482759,51.724137931034484,6.896551724137931,29
GX010808.MP4,196.59640000000002,13.333333333333334,53.333333333333336,33.33333333333333,15
GX010808.MP4,196.9968,16.666666666666664,50.0,33.33333333333333,18
GX010808.MP4,197.3972,15.0,60.0,25.0,20
GX010808.MP4,197.79760000000002,33.33333333333333,47.61904761904761,19.047619047619047,21
GX010808.MP4,198.198,21.428571428571427,64.28571428571429,14.285714285714285,14
GX010808.MP4,198.5984,23.52941176470588,76.47058823529412,0.0,17
GX010808.MP4,198.99880000000002,8.333333333333332,91.66666666666666,0.0,12
GX010808.MP4,199.3992,0.0,88.23529411764706,11.76470588235294,17
GX010808.MP4,199.7996,34.78260869565217,56.52173913043478,8.695652173913043,23
GX010808.MP4,200.20000000000002,21.875,78.125,0.0,32
GX010808.MP4,200.6004,8.333333333333332,79.16666666666666,12.5,24
GX010808.MP4,201.0008,21.428571428571427,64.28571428571429,14.285714285714285,28
GX010808.MP4,201.40120000000002,26.923076923076923,46.15384615384615,26.923076923076923,26
GX010808.MP4,201.8016,27.586206896551722,62.06896551724138,10.344827586206897,29
GX010808.MP4,202.202,21.428571428571427,57.14285714285714,21.428571428571427,14
GX010808.MP4,202.60240000000002,46.42857142857143,42.857142857142854,10.714285714285714,28
GX010808.MP4,203.0028,27.586206896551722,72.41379310344827,0.0,29
GX010808.MP4,203.4032,40.74074074074074,48.148148148148145,11.11111111111111,27
GX010808.MP4,203.80360000000002,12.0,60.0,28.000000000000004,25
GX010808.MP4,204.204,15.0,85.0,0.0,20
GX010808.MP4,204.6044,22.727272727272727,63.63636363636363,13.636363636363635,22
GX010808.MP4,205.00480000000002,14.285714285714285,80.95238095238095,4.761904761904762,21
GX010808.MP4,205.4052,15.0,70.0,15.0,20
GX010808.MP4,205.8056,21.052631578947366,73.68421052631578,5.263157894736842,19
GX010808.MP4,206.20600000000002,10.0,55.00000000000001,35.0,20
GX010808.MP4,206.6064,16.129032258064516,51.61290322580645,32.25806451612903,31
GX010808.MP4,207.0068,25.925925925925924,51.85185185185185,22.22222222222222,27
GX010808.MP4,207.40720000000002,19.230769230769234,69.23076923076923,11.538461538461538,26
GX010808.MP4,207.8076,17.857142857142858,78.57142857142857,3.571428571428571,28
GX010808.MP4,208.208,30.0,55.00000000000001,15.0,20
GX010808.MP4,208.60840000000002,45.0,55.00000000000001,0.0,20
GX010808.MP4,209.0088,31.818181818181817,54.54545454545454,13.636363636363635,22
GX010808.MP4,209.4092,25.0,55.00000000000001,20.0,20
GX010808.MP4,209.80960000000002,0.0,83.33333333333334,16.666666666666664,6
GX010808.MP4,210.21,11.538461538461538,65.38461538461539,23.076923076923077,26
GX010808.MP4,210.6104,0.0,50.0,50.0,2
GX010808.MP4,211.01080000000002,25.0,50.0,25.0,8
GX010808.MP4,211.4112,16.666666666666664,83.33333333333334,0.0,12
GX010808.MP4,211.8116,20.0,80.0,0.0,5
GX010808.MP4,212.21200000000002,13.636363636363635,81.81818181818183,4.545454545454546,22
GX010808.MP4,212.6124,21.052631578947366,68.42105263157895,10.526315789473683,19
GX010808.MP4,213.0128,38.46153846153847,61.53846153846154,0.0,13
GX010808.MP4,213.41320000000002,27.77777777777778,66.66666666666666,5.555555555555555,18
GX010808.MP4,213.8136,23.076923076923077,61.53846153846154,15.384615384615385,26
GX010808.MP4,214.214,0.0,80.95238095238095,19.047619047619047,21
GX010808.MP4,214.61440000000002,29.03225806451613,64.51612903225806,6.451612903225806,31
GX010808.MP4,215.0148,0.0,56.25,43.75,32
GX010808.MP4,215.4152,4.3478260869565215,69.56521739130434,26.08695652173913,23
GX010808.MP4,215.81560000000002,8.333333333333332,75.0,16.666666666666664,12
GX010808.MP4,216.216,3.4482758620689653,82.75862068965517,13.793103448275861,29
GX010808.MP4,216.6164,3.7037037037037033,81.48148148148148,14.814814814814813,27
GX010808.MP4,217.01680000000002,8.108108108108109,81.08108108108108,10.81081081081081,37
GX010808.MP4,217.4172,17.24137931034483,79.3103448275862,3.4482758620689653,29
GX010808.MP4,217.8176,14.285714285714285,85.71428571428571,0.0,7
GX010808.MP4,218.21800000000002,11.11111111111111,33.33333333333333,55.55555555555556,18
GX010808.MP4,218.6184,38.46153846153847,46.15384615384615,15.384615384615385,13
GX010808.MP4,219.0188,10.714285714285714,78.57142857142857,10.714285714285714,28
GX010808.MP4,219.41920000000002,12.903225806451612,74.19354838709677,12.903225806451612,31
GX010808.MP4,219.8196,27.77777777777778,52.77777777777778,19.444444444444446,36
GX010808.MP4,220.22,37.5,56.25,6.25,16
GX010808.MP4,220.62040000000002,51.85185185185185,29.629629629629626,18.51851851851852,27
GX010808.MP4,221.0208,44.0,24.0,32.0,25
GX010808.MP4,221.4212,27.77777777777778,38.88888888888889,33.33333333333333,18
GX010808.MP4,221.82160000000002,41.66666666666667,50.0,8.333333333333332,12
GX010808.MP4,222.222,26.08695652173913,26.08695652173913,47.82608695652174,23
GX010808.MP4,222.6224,14.285714285714285,66.66666666666666,19.047619047619047,21
GX010808.MP4,223.02280000000002,45.83333333333333,45.83333333333333,8.333333333333332,24
GX010808.MP4,223.4232,38.88888888888889,55.55555555555556,5.555555555555555,18
GX010808.MP4,223.8236,40.0,20.0,40.0,10
GX010808.MP4,224.22400000000002,33.33333333333333,55.55555555555556,11.11111111111111,9
GX010808.MP4,224.6244,33.33333333333333,37.5,29.166666666666668,24
GX010808.MP4,225.0248,17.391304347826086,43.47826086956522,39.130434782608695,23
GX010808.MP4,225.42520000000002,0.0,100.0,0.0,12
GX010808.MP4,225.8256,40.0,28.000000000000004,32.0,25
GX010808.MP4,226.226,0.0,33.33333333333333,66.66666666666666,3
GX010808.MP4,226.62640000000002,10.0,45.0,45.0,20
GX010808.MP4,227.0268,13.793103448275861,68.96551724137932,17.24137931034483,29
GX010808.MP4,227.4272,26.923076923076923,61.53846153846154,11.538461538461538,26
GX010808.MP4,227.82760000000002,24.137931034482758,55.172413793103445,20.689655172413794,29
GX010808.MP4,228.228,50.0,44.44444444444444,5.555555555555555,18
GX010808.MP4,228.6284,6.666666666666667,73.33333333333333,20.0,15
GX010808.MP4,229.02880000000002,15.789473684210526,78.94736842105263,5.263157894736842,19
GX010808.MP4,229.4292,11.11111111111111,66.66666666666666,22.22222222222222,27
GX010808.MP4,229.8296,7.4074074074074066,77.77777777777779,14.814814814814813,27
GX010808.MP4,230.23000000000002,3.8461538461538463,73.07692307692307,23.076923076923077,26
GX010808.MP4,230.6304,13.636363636363635,77.27272727272727,9.090909090909092,22
GX010808.MP4,231.0308,15.789473684210526,84.21052631578947,0.0,19
GX010808.MP4,231.43120000000002,32.142857142857146,46.42857142857143,21.428571428571427,28
GX010808.MP4,231.8316,8.823529411764707,58.82352941176471,32.35294117647059,34
GX010808.MP4,232.232,17.647058823529413,64.70588235294117,17.647058823529413,17
GX010808.MP4,232.63240000000002,8.333333333333332,83.33333333333334,8.333333333333332,12
GX010808.MP4,233.0328,13.333333333333334,86.66666666666667,0.0,15
GX010808.MP4,233.4332,21.21212121212121,45.45454545454545,33.33333333333333,33
GX010808.MP4,233.83360000000002,12.5,62.5,25.0,32
GX010808.MP4,234.234,27.27272727272727,68.18181818181817,4.545454545454546,22
GX010808.MP4,234.6344,23.52941176470588,47.05882352941176,29.411764705882355,17
GX010808.MP4,235.03480000000002,31.03448275862069,55.172413793103445,13.793103448275861,29
GX010808.MP4,235.4352,22.22222222222222,61.111111111111114,16.666666666666664,18
GX010808.MP4,235.8356,25.0,68.75,6.25,16
GX010808.MP4,236.23600000000002,20.0,73.33333333333333,6.666666666666667,15
GX010808.MP4,236.6364,25.0,59.375,15.625,32
GX010808.MP4,237.0368,14.814814814814813,62.96296296296296,22.22222222222222,27
GX010808.MP4,237.43720000000002,15.384615384615385,50.0,34.61538461538461,26
GX010808.MP4,237.8376,0.0,91.66666666666666,8.333333333333332,12
GX010808.MP4,238.238,11.11111111111111,88.88888888888889,0.0,18
GX010808.MP4,238.6384,8.333333333333332,54.166666666666664,37.5,24
GX010808.MP4,239.0388,28.125,62.5,9.375,32
GX010808.MP4,239.4392,20.689655172413794,65.51724137931035,13.793103448275861,29
GX010808.MP4,239.8396,50.0,33.33333333333333,16.666666666666664,12
GX010808.MP4,240.24,33.33333333333333,60.0,6.666666666666667,15
GX010808.MP4,240.6404,12.0,80.0,8.0,25
GX010808.MP4,241.0408,28.000000000000004,56.00000000000001,16.0,25
GX010808.MP4,241.4412,20.0,73.33333333333333,6.666666666666667,30
GX010808.MP4,241.8416,12.121212121212121,66.66666666666666,21.21212121212121,33
GX010808.MP4,242.242,17.24137931034483,65.51724137931035,17.24137931034483,29
GX010808.MP4,242.6424,9.090909090909092,36.36363636363637,54.54545454545454,33
GX010808.MP4,243.0428,36.0,48.0,16.0,25
GX010808.MP4,243.4432,73.33333333333333,20.0,6.666666666666667,15
GX010808.MP4,243.8436,42.857142857142854,57.14285714285714,0.0,14
GX010808.MP4,244.244,39.130434782608695,47.82608695652174,13.043478260869565,23
GX010808.MP4,244.6444,16.666666666666664,63.33333333333333,20.0,30
GX010808.MP4,245.0448,25.71428571428571,65.71428571428571,8.571428571428571,35
GX010808.MP4,245.4452,25.0,68.75,6.25,32
GX010808.MP4,245.8456,10.0,73.33333333333333,16.666666666666664,30
GX010808.MP4,246.246,16.0,60.0,24.0,25
GX010808.MP4,246.6464,13.043478260869565,82.6086956521739,4.3478260869565215,23
GX010808.MP4,247.0468,13.043478260869565,82.6086956521739,4.3478260869565215,23
GX010808.MP4,247.4472,10.0,75.0,15.0,20
GX010808.MP4,247.8476,25.806451612903224,67.74193548387096,6.451612903225806,31
GX010808.MP4,248.248,14.705882352941178,67.64705882352942,17.647058823529413,34
GX010808.MP4,248.6484,17.857142857142858,67.85714285714286,14.285714285714285,28
GX010808.MP4,249.0488,14.814814814814813,66.66666666666666,18.51851851851852,27
GX010808.MP4,249.4492,8.695652173913043,73.91304347826086,17.391304347826086,23
GX010808.MP4,249.8496,5.0,60.0,35.0,20
GX010808.MP4,250.25,17.647058823529413,70.58823529411765,11.76470588235294,17
GX010808.MP4,250.6504,3.7037037037037033,74.07407407407408,22.22222222222222,27
GX010808.MP4,251.0508,13.793103448275861,68.96551724137932,17.24137931034483,29
GX010808.MP4,251.4512,16.0,84.0,0.0,25
GX010808.MP4,251.8516,19.230769230769234,65.38461538461539,15.384615384615385,26
GX010808.MP4,252.252,8.695652173913043,73.91304347826086,17.391304347826086,23
GX010808.MP4,252.6524,12.903225806451612,74.19354838709677,12.903225806451612,31
GX010808.MP4,253.0528,13.636363636363635,63.63636363636363,22.727272727272727,22
GX010808.MP4,253.4532,18.181818181818183,72.72727272727273,9.090909090909092,22
GX010808.MP4,253.8536,13.043478260869565,69.56521739130434,17.391304347826086,23
GX010808.MP4,254.254,6.666666666666667,73.33333333333333,20.0,30
GX010808.MP4,254.6544,11.538461538461538,69.23076923076923,19.230769230769234,26
GX010808.MP4,255.0548,7.4074074074074066,85.18518518518519,7.4074074074074066,27
GX010808.MP4,255.4552,26.08695652173913,60.86956521739131,13.043478260869565,23
GX010808.MP4,255.8556,25.925925925925924,55.55555555555556,18.51851851851852,27
GX010808.MP4,256.25600000000003,33.33333333333333,55.55555555555556,11.11111111111111,27
GX010808.MP4,256.6564,25.0,53.57142857142857,21.428571428571427,28
GX010808.MP4,257.0568,28.000000000000004,52.0,20.0,25
GX010808.MP4,257.4572,8.333333333333332,41.66666666666667,50.0,24
GX010808.MP4,257.8576,13.043478260869565,52.17391304347826,34.78260869565217,23
GX010808.MP4,258.258,27.77777777777778,50.0,22.22222222222222,36
GX010808.MP4,258.65840000000003,20.833333333333336,70.83333333333334,8.333333333333332,24
GX010808.MP4,259.0588,6.666666666666667,90.0,3.3333333333333335,30
GX010808.MP4,259.4592,24.0,56.00000000000001,20.0,25
GX010808.MP4,259.8596,11.538461538461538,57.692307692307686,30.76923076923077,26
GX010808.MP4,260.26,13.636363636363635,77.27272727272727,9.090909090909092,22
GX010808.MP4,260.6604,6.451612903225806,74.19354838709677,19.35483870967742,31
GX010808.MP4,261.06080000000003,8.333333333333332,66.66666666666666,25.0,24
GX010808.MP4,261.4612,35.294117647058826,58.82352941176471,5.88235294117647,17
GX010808.MP4,261.8616,42.10526315789473,31.57894736842105,26.31578947368421,19
GX010808.MP4,262.262,46.42857142857143,46.42857142857143,7.142857142857142,28
GX010808.MP4,262.6624,24.324324324324326,70.27027027027027,5.405405405405405,37
GX010808.MP4,263.0628,41.66666666666667,33.33333333333333,25.0,24
GX010808.MP4,263.46320000000003,25.0,55.00000000000001,20.0,20
GX010808.MP4,263.8636,18.51851851851852,51.85185185185185,29.629629629629626,27
GX010808.MP4,264.264,33.33333333333333,53.84615384615385,12.82051282051282,39
GX010808.MP4,264.6644,34.375,59.375,6.25,32
GX010808.MP4,265.0648,27.77777777777778,61.111111111111114,11.11111111111111,36
GX010808.MP4,265.4652,15.151515151515152,60.60606060606061,24.242424242424242,33
GX010808.MP4,265.86560000000003,21.428571428571427,39.285714285714285,39.285714285714285,28
GX010808.MP4,266.266,34.285714285714285,31.428571428571427,34.285714285714285,35
GX010808.MP4,266.6664,11.11111111111111,51.85185185185185,37.03703703703704,27
GX010808.MP4,267.0668,8.571428571428571,60.0,31.428571428571427,35
GX010808.MP4,267.4672,11.11111111111111,62.96296296296296,25.925925925925924,27
GX010808.MP4,267.8676,28.000000000000004,56.00000000000001,16.0,25
GX010808.MP4,268.26800000000003,6.451612903225806,64.51612903225806,29.03225806451613,31
GX010808.MP4,268.6684,16.666666666666664,52.77777777777778,30.555555555555557,36
GX010808.MP4,269.0688,20.0,35.0,45.0,20
GX010808.MP4,269.4692,29.166666666666668,62.5,8.333333333333332,24
GX010808.MP4,269.8696,14.285714285714285,80.95238095238095,4.761904761904762,21
GX010808.MP4,270.27,30.76923076923077,58.97435897435898,10.256410256410255,39
GX010808.MP4,270.67040000000003,31.03448275862069,41.37931034482759,27.586206896551722,29
GX010808.MP4,271.0708,30.0,56.666666666666664,13.333333333333334,30
GX010808.MP4,271.4712,20.0,73.33333333333333,6.666666666666667,30
GX010808.MP4,271.8716,24.137931034482758,65.51724137931035,10.344827586206897,29
GX010808.MP4,272.272,30.76923076923077,57.692307692307686,11.538461538461538,26
GX010808.MP4,272.6724,21.428571428571427,75.0,3.571428571428571,28
GX010808.MP4,273.07280000000003,52.38095238095239,38.095238095238095,9.523809523809524,21
GX010808.MP4,273.4732,40.74074074074074,51.85185185185185,7.4074074074074066,27
GX010808.MP4,273.8736,7.6923076923076925,61.53846153846154,30.76923076923077,13
GX010808.MP4,274.274,40.74074074074074,33.33333333333333,25.925925925925924,27
GX010808.MP4,274.6744,32.0,68.0,0.0,25
GX010808.MP4,275.0748,31.818181818181817,63.63636363636363,4.545454545454546,22
GX010808.MP4,275.47520000000003,57.14285714285714,28.57142857142857,14.285714285714285,28
GX010808.MP4,275.8756,59.375,37.5,3.125,32
GX010808.MP4,276.276,17.24137931034483,58.620689655172406,24.137931034482758,29
GX010808.MP4,276.6764,20.0,68.57142857142857,11.428571428571429,35
GX010808.MP4,277.0768,52.38095238095239,33.33333333333333,14.285714285714285,21
GX010808.MP4,277.4772,8.823529411764707,73.52941176470588,17.647058823529413,34
GX010808.MP4,277.87760000000003,17.94871794871795,64.1025641025641,17.94871794871795,39
GX010808.MP4,278.278,22.58064516129032,58.06451612903226,19.35483870967742,31
GX010808.MP4,278.6784,32.0,40.0,28.000000000000004,25
GX010808.MP4,279.0788,32.142857142857146,53.57142857142857,14.285714285714285,28
GX010808.MP4,279.4792,7.142857142857142,64.28571428571429,28.57142857142857,14
GX010808.MP4,279.8796,15.384615384615385,69.23076923076923,15.384615384615385,13
GX010808.MP4,280.28000000000003,11.76470588235294,58.82352941176471,29.411764705882355,17
GX010808.MP4,280.6804,25.0,37.5,37.5,8
GX010808.MP4,281.0808,0.0,54.54545454545454,45.45454545454545,11
GX010808.MP4,281.4812,57.14285714285714,42.857142857142854,0.0,7
GX010808.MP4,281.8816,40.74074074074074,44.44444444444444,14.814814814814813,27
GX010808.MP4,282.282,19.35483870967742,64.51612903225806,16.129032258064516,31
GX010808.MP4,282.68240000000003,22.727272727272727,54.54545454545454,22.727272727272727,22
GX010808.MP4,283.0828,21.951219512195124,70.73170731707317,7.317073170731707,41
GX010808.MP4,283.4832,13.333333333333334,73.33333333333333,13.333333333333334,15
GX010808.MP4,283.8836,20.0,52.5,27.500000000000004,40
GX010808.MP4,284.284,28.205128205128204,53.84615384615385,17.94871794871795,39
GX010808.MP4,284.6844,36.0,48.0,16.0,25
GX010808.MP4,285.08480000000003,19.230769230769234,69.23076923076923,11.538461538461538,26
GX010808.MP4,285.4852,7.4074074074074066,74.07407407407408,18.51851851851852,27
GX010808.MP4,285.8856,10.344827586206897,68.96551724137932,20.689655172413794,29
GX010808.MP4,286.286,36.0,64.0,0.0,25
GX010808.MP4,286.6864,31.25,56.25,12.5,16
GX010808.MP4,287.0868,0.0,100.0,0.0,8
GX010808.MP4,287.48720000000003,4.545454545454546,90.9090909090909,4.545454545454546,22
GX010808.MP4,287.8876,9.67741935483871,77.41935483870968,12.903225806451612,31
GX010808.MP4,288.288,11.11111111111111,11.11111111111111,77.77777777777779,18
GX010808.MP4,288.6884,16.666666666666664,80.0,3.3333333333333335,30
GX010808.MP4,289.0888,16.666666666666664,75.0,8.333333333333332,24
GX010808.MP4,289.4892,13.333333333333334,73.33333333333333,13.333333333333334,30
GX010808.MP4,289.88960000000003,9.523809523809524,33.33333333333333,57.14285714285714,21
GX010808.MP4,290.29,9.523809523809524,64.28571428571429,26.190476190476193,42
GX010808.MP4,290.6904,51.61290322580645,41.935483870967744,6.451612903225806,31
GX010808.MP4,291.0908,29.411764705882355,50.0,20.588235294117645,34
GX010808.MP4,291.4912,26.923076923076923,38.46153846153847,34.61538461538461,26
GX010808.MP4,291.8916,21.875,46.875,31.25,32
GX010808.MP4,292.29200000000003,43.47826086956522,47.82608695652174,8.695652173913043,23
GX010808.MP4,292.6924,28.57142857142857,42.857142857142854,28.57142857142857,21
GX010808.MP4,293.0928,48.0,28.000000000000004,24.0,25
GX010808.MP4,293.4932,66.66666666666666,22.22222222222222,11.11111111111111,18
GX010808.MP4,293.8936,7.4074074074074066,92.5925925925926,0.0,27
GX010808.MP4,294.294,51.724137931034484,44.827586206896555,3.4482758620689653,29
GX010808.MP4,294.69440000000003,22.727272727272727,59.09090909090909,18.181818181818183,22
GX010808.MP4,295.0948,0.0,100.0,0.0,19
GX010808.MP4,295.4952,61.53846153846154,38.46153846153847,0.0,26
GX010808.MP4,295.8956,66.66666666666666,26.666666666666668,6.666666666666667,30
GX010808.MP4,296.296,26.08695652173913,47.82608695652174,26.08695652173913,23
GX010808.MP4,296.6964,8.571428571428571,85.71428571428571,5.714285714285714,35
GX010808.MP4,297.09680000000003,50.0,27.27272727272727,22.727272727272727,22
GX010808.MP4,297.4972,29.411764705882355,41.17647058823529,29.411764705882355,34
GX010808.MP4,297.8976,15.384615384615385,65.38461538461539,19.230769230769234,26
GX010808.MP4,298.298,61.53846153846154,26.923076923076923,11.538461538461538,26
GX010808.MP4,298.6984,68.18181818181817,22.727272727272727,9.090909090909092,22
GX010808.MP4,299.0988,33.33333333333333,50.0,16.666666666666664,24
GX010808.MP4,299.49920000000003,41.37931034482759,41.37931034482759,17.24137931034483,29
GX010808.MP4,299.8996,20.0,60.0,20.0,20
GX010808.MP4,300.3,45.714285714285715,40.0,14.285714285714285,35
GX010808.MP4,300.7004,47.82608695652174,43.47826086956522,8.695652173913043,23
GX010808.MP4,301.1008,50.0,38.46153846153847,11.538461538461538,26
GX010808.MP4,301.5012,64.28571428571429,28.57142857142857,7.142857142857142,28
GX010808.MP4,301.90160000000003,40.0,45.0,15.0,20
GX010808.MP4,302.302,50.0,40.0,10.0,10
GX010808.MP4,302.7024,33.33333333333333,33.33333333333333,33.33333333333333,9
GX010808.MP4,303.1028,54.54545454545454,36.36363636363637,9.090909090909092,11
GX010808.MP4,303.5032,16.666666666666664,25.0,58.333333333333336,12
GX010808.MP4,303.9036,50.0,50.0,0.0,10
GX010808.MP4,304.30400000000003,7.142857142857142,57.14285714285714,35.714285714285715,14
GX010808.MP4,304.7044,31.57894736842105,57.89473684210527,10.526315789473683,19
GX010808.MP4,305.1048,56.25,25.0,18.75,16
GX010808.MP4,305.5052,38.46153846153847,30.76923076923077,30.76923076923077,26
GX010808.MP4,305.9056,47.05882352941176,35.294117647058826,17.647058823529413,17
GX010808.MP4,306.306,19.230769230769234,42.30769230769231,38.46153846153847,26
GX010808.MP4,306.70640000000003,28.57142857142857,35.714285714285715,35.714285714285715,14
GX010808.MP4,307.1068,24.242424242424242,57.57575757575758,18.181818181818183,33
GX010808.MP4,307.5072,30.303030303030305,39.39393939393939,30.303030303030305,33
GX010808.MP4,307.9076,32.0,44.0,24.0,25
GX010808.MP4,308.308,28.57142857142857,46.42857142857143,25.0,28
GX010808.MP4,308.7084,33.33333333333333,36.11111111111111,30.555555555555557,36
GX010808.MP4,309.10880000000003,43.47826086956522,52.17391304347826,4.3478260869565215,23
GX010808.MP4,309.5092,50.0,50.0,0.0,18
GX010808.MP4,309.9096,18.51851851851852,55.55555555555556,25.925925925925924,27
GX010808.MP4,310.31,8.0,52.0,40.0,25
GX010808.MP4,310.7104,31.03448275862069,44.827586206896555,24.137931034482758,29
GX010808.MP4,311.1108,20.833333333333336,45.83333333333333,33.33333333333333,24
GX010808.MP4,311.51120000000003,52.38095238095239,42.857142857142854,4.761904761904762,21
GX010808.MP4,311.9116,12.5,75.0,12.5,32
GX010808.MP4,312.312,17.24137931034483,58.620689655172406,24.137931034482758,29
GX010808.MP4,312.7124,15.789473684210526,52.63157894736842,31.57894736842105,19
GX010808.MP4,313.1128,50.0,36.36363636363637,13.636363636363635,22
GX010808.MP4,313.5132,50.0,40.909090909090914,9.090909090909092,22
GX010808.MP4,313.91360000000003,45.83333333333333,37.5,16.666666666666664,24
GX010808.MP4,314.314,34.61538461538461,38.46153846153847,26.923076923076923,26
GX010808.MP4,314.7144,63.1578947368421,31.57894736842105,5.263157894736842,19
GX010808.MP4,315.1148,38.46153846153847,46.15384615384615,15.384615384615385,26
GX010808.MP4,315.5152,54.83870967741935,25.806451612903224,19.35483870967742,31
GX010808.MP4,315.9156,48.275862068965516,34.48275862068966,17.24137931034483,29
GX010808.MP4,316.31600000000003,25.925925925925924,48.148148148148145,25.925925925925924,27
GX010808.MP4,316.7164,25.0,53.57142857142857,21.428571428571427,28
GX010808.MP4,317.1168,34.61538461538461,53.84615384615385,11.538461538461538,26
GX010808.MP4,317.5172,31.818181818181817,59.09090909090909,9.090909090909092,22
GX010808.MP4,317.9176,27.586206896551722,44.827586206896555,27.586206896551722,29
GX010808.MP4,318.318,34.48275862068966,44.827586206896555,20.689655172413794,29
GX010808.MP4,318.71840000000003,53.84615384615385,26.923076923076923,19.230769230769234,26
GX010808.MP4,319.1188,11.11111111111111,44.44444444444444,44.44444444444444,27
GX010808.MP4,319.5192,18.181818181818183,54.54545454545454,27.27272727272727,22
GX010808.MP4,319.9196,11.11111111111111,83.33333333333334,5.555555555555555,18
GX010808.MP4,320.32,29.411764705882355,64.70588235294117,5.88235294117647,17
GX010808.MP4,320.7204,37.03703703703704,51.85185185185185,11.11111111111111,27
GX010808.MP4,321.12080000000003,40.625,50.0,9.375,32
GX010808.MP4,321.5212,73.68421052631578,21.052631578947366,5.263157894736842,19
GX010808.MP4,321.9216,29.166666666666668,25.0,45.83333333333333,24
GX010808.MP4,322.322,44.44444444444444,44.44444444444444,11.11111111111111,36
GX010808.MP4,322.7224,36.36363636363637,63.63636363636363,0.0,22
GX010808.MP4,323.1228,27.027027027027028,64.86486486486487,8.108108108108109,37
GX010808.MP4,323.52320000000003,21.875,56.25,21.875,32
GX010808.MP4,323.9236,40.625,43.75,15.625,32
GX010808.MP4,324.324,31.818181818181817,47.72727272727273,20.454545454545457,44
GX010808.MP4,324.7244,19.230769230769234,57.692307692307686,23.076923076923077,26
GX010808.MP4,325.1248,10.0,75.0,15.0,20
GX010808.MP4,325.5252,7.142857142857142,67.85714285714286,25.0,28
GX010808.MP4,325.92560000000003,25.71428571428571,62.857142857142854,11.428571428571429,35
GX010808.MP4,326.326,19.444444444444446,69.44444444444444,11.11111111111111,36
GX010808.MP4,326.7264,26.31578947368421,60.526315789473685,13.157894736842104,38
GX010808.MP4,327.1268,21.951219512195124,53.65853658536586,24.390243902439025,41
GX010808.MP4,327.5272,17.647058823529413,47.05882352941176,35.294117647058826,17
GX010808.MP4,327.9276,6.451612903225806,64.51612903225806,29.03225806451613,31
GX010808.MP4,328.32800000000003,37.142857142857146,45.714285714285715,17.142857142857142,35
GX010808.MP4,328.7284,40.909090909090914,45.45454545454545,13.636363636363635,22
GX010808.MP4,329.1288,38.46153846153847,50.0,11.538461538461538,26
GX010808.MP4,329.5292,51.85185185185185,29.629629629629626,18.51851851851852,27
GX010808.MP4,329.9296,27.586206896551722,48.275862068965516,24.137931034482758,29
GX010808.MP4,330.33,40.909090909090914,31.818181818181817,27.27272727272727,22
GX010808.MP4,330.73040000000003,45.45454545454545,27.27272727272727,27.27272727272727,22
GX010808.MP4,331.1308,20.0,80.0,0.0,5
GX010808.MP4,331.5312,25.0,66.66666666666666,8.333333333333332,12
GX010808.MP4,331.9316,0.0,38.095238095238095,61.904761904761905,21
GX010808.MP4,332.332,50.0,50.0,0.0,2
GX010808.MP4,332.7324,50.0,50.0,0.0,14
GX010808.MP4,333.13280000000003,11.538461538461538,69.23076923076923,19.230769230769234,26
GX010808.MP4,333.5332,0.0,100.0,0.0,10
GX010808.MP4,333.9336,18.75,40.625,40.625,32
GX010808.MP4,334.334,10.0,55.00000000000001,35.0,20
GX010808.MP4,334.7344,6.25,62.5,31.25,16
GX010808.MP4,335.1348,17.391304347826086,60.86956521739131,21.73913043478261,23
GX010808.MP4,335.53520000000003,28.000000000000004,52.0,20.0,25
GX010808.MP4,335.9356,58.333333333333336,37.5,4.166666666666666,24
GX010808.MP4,336.336,65.51724137931035,27.586206896551722,6.896551724137931,29
GX010808.MP4,336.7364,16.666666666666664,61.111111111111114,22.22222222222222,18
GX010808.MP4,337.1368,11.11111111111111,66.66666666666666,22.22222222222222,18
GX010808.MP4,337.5372,26.31578947368421,42.10526315789473,31.57894736842105,19
GX010808.MP4,337.93760000000003,13.636363636363635,63.63636363636363,22.727272727272727,22
GX010808.MP4,338.338,47.82608695652174,30.434782608695656,21.73913043478261,23
GX010808.MP4,338.7384,57.57575757575758,30.303030303030305,12.121212121212121,33
GX010808.MP4,339.1388,65.0,30.0,5.0,20
GX010808.MP4,339.5392,30.76923076923077,46.15384615384615,23.076923076923077,26
GX010808.MP4,339.9396,20.0,68.0,12.0,25
GX010808.MP4,340.34000000000003,15.789473684210526,78.94736842105263,5.263157894736842,19
GX010808.MP4,340.7404,23.076923076923077,76.92307692307693,0.0,13
GX010808.MP4,341.1408,19.047619047619047,76.19047619047619,4.761904761904762,21
GX010808.MP4,341.5412,25.0,45.0,30.0,20
GX010808.MP4,341.9416,21.428571428571427,32.142857142857146,46.42857142857143,28
GX010808.MP4,342.342,0.0,100.0,0.0,7
GX010808.MP4,342.74240000000003,5.0,70.0,25.0,20
GX010808.MP4,343.1428,5.405405405405405,78.37837837837837,16.216216216216218,37
GX010808.MP4,343.5432,0.0,75.0,25.0,16
GX010808.MP4,343.9436,21.052631578947366,63.1578947368421,15.789473684210526,19
GX010808.MP4,344.344,47.61904761904761,42.857142857142854,9.523809523809524,21
GX010808.MP4,344.7444,14.814814814814813,11.11111111111111,74.07407407407408,27
GX010808.MP4,345.14480000000003,17.391304347826086,8.695652173913043,73.91304347826086,23
GX010808.MP4,345.5452,15.789473684210526,52.63157894736842,31.57894736842105,19
GX010808.MP4,345.9456,16.666666666666664,76.66666666666667,6.666666666666667,30
GX010808.MP4,346.346,53.84615384615385,46.15384615384615,0.0,13
GX010808.MP4,346.7464,31.57894736842105,57.89473684210527,10.526315789473683,19
GX010808.MP4,347.1468,25.806451612903224,61.29032258064516,12.903225806451612,31
GX010808.MP4,347.54720000000003,28.57142857142857,50.0,21.428571428571427,14
GX010808.MP4,347.9476,15.151515151515152,45.45454545454545,39.39393939393939,33
GX010808.MP4,348.348,41.17647058823529,29.411764705882355,29.411764705882355,17
GX010808.MP4,348.7484,18.75,62.5,18.75,16
GX010808.MP4,349.1488,17.647058823529413,58.82352941176471,23.52941176470588,17
GX010808.MP4,349.5492,24.0,68.0,8.0,25
GX010808.MP4,349.94960000000003,18.181818181818183,63.63636363636363,18.181818181818183,11
GX010808.MP4,350.35,31.57894736842105,47.368421052631575,21.052631578947366,19
GX010808.MP4,350.7504,73.52941176470588,23.52941176470588,2.941176470588235,34
GX010808.MP4,351.1508,16.666666666666664,50.0,33.33333333333333,12
GX010808.MP4,351.5512,15.0,70.0,15.0,20
GX010808.MP4,351.9516,33.33333333333333,45.83333333333333,20.833333333333336,24
GX010808.MP4,352.35200000000003,20.0,65.0,15.0,20
GX010808.MP4,352.7524,30.76923076923077,50.0,19.230769230769234,26
GX010808.MP4,353.1528,36.36363636363637,36.36363636363637,27.27272727272727,22
GX010808.MP4,353.5532,26.08695652173913,52.17391304347826,21.73913043478261,23
GX010808.MP4,353.9536,31.818181818181817,59.09090909090909,9.090909090909092,22
GX010808.MP4,354.354,29.03225806451613,54.83870967741935,16.129032258064516,31
GX010808.MP4,354.75440000000003,24.324324324324326,59.45945945945946,16.216216216216218,37
GX010808.MP4,355.1548,31.03448275862069,55.172413793103445,13.793103448275861,29
GX010808.MP4,355.5552,26.666666666666668,60.0,13.333333333333334,30
GX010808.MP4,355.9556,30.0,60.0,10.0,30
GX010808.MP4,356.356,20.588235294117645,61.76470588235294,17.647058823529413,34
GX010808.MP4,356.7564,28.57142857142857,60.71428571428571,10.714285714285714,28
GX010808.MP4,357.15680000000003,15.0,65.0,20.0,20
GX010808.MP4,357.5572,20.833333333333336,54.166666666666664,25.0,24
GX010808.MP4,357.9576,12.903225806451612,48.38709677419355,38.70967741935484,31
GX010808.MP4,358.358,41.37931034482759,34.48275862068966,24.137931034482758,29
GX010808.MP4,358.7584,42.857142857142854,42.857142857142854,14.285714285714285,28
GX010808.MP4,359.1588,32.25806451612903,51.61290322580645,16.129032258064516,31
GX010808.MP4,359.55920000000003,36.36363636363637,50.0,13.636363636363635,22
GX010808.MP4,359.9596,14.285714285714285,71.42857142857143,14.285714285714285,21
GX010808.MP4,360.36,26.08695652173913,56.52173913043478,17.391304347826086,23
GX010808.MP4,360.7604,0.0,40.0,60.0,5
GX010808.MP4,361.1608,0.0,100.0,0.0,3
GX010808.MP4,361.5612,31.25,56.25,12.5,16
GX010808.MP4,361.96160000000003,26.31578947368421,42.10526315789473,31.57894736842105,19
GX010808.MP4,362.362,28.57142857142857,42.857142857142854,28.57142857142857,21
GX010808.MP4,362.7624,35.714285714285715,42.857142857142854,21.428571428571427,14
GX010808.MP4,363.1628,0.0,70.0,30.0,20
GX010808.MP4,363.5632,18.75,62.5,18.75,16
GX010808.MP4,363.9636,18.181818181818183,81.81818181818183,0.0,11
GX010808.MP4,364.36400000000003,23.52941176470588,64.70588235294117,11.76470588235294,17
GX010808.MP4,364.7644,42.857142857142854,57.14285714285714,0.0,14
GX010808.MP4,365.1648,24.137931034482758,68.96551724137932,6.896551724137931,29
GX010808.MP4,365.5652,23.809523809523807,61.904761904761905,14.285714285714285,21
GX010808.MP4,365.9656,20.0,52.0,28.000000000000004,25
GX010808.MP4,366.366,50.0,43.333333333333336,6.666666666666667,30
GX010808.MP4,366.76640000000003,47.05882352941176,47.05882352941176,5.88235294117647,34
GX010808.MP4,367.1668,26.923076923076923,53.84615384615385,19.230769230769234,26
GX010808.MP4,367.5672,22.727272727272727,45.45454545454545,31.818181818181817,22
GX010808.MP4,367.9676,29.166666666666668,41.66666666666667,29.166666666666668,24
GX010808.MP4,368.368,35.0,40.0,25.0,20
GX010808.MP4,368.7684,38.095238095238095,38.095238095238095,23.809523809523807,21
GX010808.MP4,369.16880000000003,12.0,64.0,24.0,25
GX010808.MP4,369.5692,15.789473684210526,42.10526315789473,42.10526315789473,19
GX010808.MP4,369.9696,0.0,100.0,0.0,17
GX010808.MP4,370.37,0.0,100.0,0.0,14
GX010808.MP4,370.7704,19.047619047619047,61.904761904761905,19.047619047619047,21
GX010808.MP4,371.1708,29.166666666666668,62.5,8.333333333333332,24
GX010808.MP4,371.57120000000003,17.24137931034483,58.620689655172406,24.137931034482758,29
GX010808.MP4,371.9716,6.666666666666667,73.33333333333333,20.0,15
GX010808.MP4,372.372,41.66666666666667,52.77777777777778,5.555555555555555,36
GX010808.MP4,372.7724,18.51851851851852,77.77777777777779,3.7037037037037033,27
GX010808.MP4,373.1728,11.11111111111111,66.66666666666666,22.22222222222222,27
GX010808.MP4,373.5732,40.625,31.25,28.125,32
GX010808.MP4,373.97360000000003,48.275862068965516,51.724137931034484,0.0,29
GX010808.MP4,374.374,22.22222222222222,66.66666666666666,11.11111111111111,27
GX010808.MP4,374.7744,4.0,88.0,8.0,25
GX010808.MP4,375.1748,9.375,75.0,15.625,32
GX010808.MP4,375.5752,29.166666666666668,37.5,33.33333333333333,24
GX010808.MP4,375.9756,21.052631578947366,63.1578947368421,15.789473684210526,19
GX010808.MP4,376.37600000000003,37.03703703703704,29.629629629629626,33.33333333333333,27
GX010808.MP4,376.7764,16.129032258064516,38.70967741935484,45.16129032258064,31
GX010808.MP4,377.1768,11.538461538461538,53.84615384615385,34.61538461538461,26
GX010808.MP4,377.5772,19.230769230769234,46.15384615384615,34.61538461538461,26
GX010808.MP4,377.9776,18.75,46.875,34.375,32
GX010808.MP4,378.378,40.476190476190474,38.095238095238095,21.428571428571427,42
GX010808.MP4,378.77840000000003,13.157894736842104,47.368421052631575,39.473684210526315,38
GX010808.MP4,379.1788,26.08695652173913,56.52173913043478,17.391304347826086,23
GX010808.MP4,379.5792,18.181818181818183,36.36363636363637,45.45454545454545,22
GX010808.MP4,379.9796,27.27272727272727,51.515151515151516,21.21212121212121,33
GX010808.MP4,380.38,25.0,55.00000000000001,20.0,20
GX010808.MP4,380.7804,62.857142857142854,25.71428571428571,11.428571428571429,35
GX010808.MP4,381.18080000000003,41.17647058823529,38.23529411764706,20.588235294117645,34
GX010808.MP4,381.5812,16.0,60.0,24.0,25
GX010808.MP4,381.9816,11.538461538461538,57.692307692307686,30.76923076923077,26
GX010808.MP4,382.382,0.0,73.68421052631578,26.31578947368421,19
GX010808.MP4,382.7824,47.61904761904761,47.61904761904761,4.761904761904762,21
GX010808.MP4,383.1828,47.61904761904761,42.857142857142854,9.523809523809524,21
GX010808.MP4,383.58320000000003,36.0,36.0,28.000000000000004,25
GX010808.MP4,383.9836,20.833333333333336,54.166666666666664,25.0,24
GX010808.MP4,384.384,20.689655172413794,58.620689655172406,20.689655172413794,29
GX010808.MP4,384.7844,50.0,30.0,20.0,20
GX010808.MP4,385.1848,41.02564102564102,38.46153846153847,20.51282051282051,39
GX010808.MP4,385.5852,26.666666666666668,46.666666666666664,26.666666666666668,30
GX010808.MP4,385.98560000000003,43.75,31.25,25.0,16
GX010808.MP4,386.386,21.428571428571427,42.857142857142854,35.714285714285715,28
GX010808.MP4,386.7864,38.46153846153847,42.30769230769231,19.230769230769234,26
GX010808.MP4,387.1868,22.727272727272727,50.0,27.27272727272727,22
GX010808.MP4,387.5872,28.000000000000004,52.0,20.0,25
GX010808.MP4,387.9876,25.925925925925924,40.74074074074074,33.33333333333333,27
GX010808.MP4,388.38800000000003,38.095238095238095,47.61904761904761,14.285714285714285,21
GX010808.MP4,388.7884,37.5,37.5,25.0,16
GX010808.MP4,389.1888,44.0,40.0,16.0,25
GX010808.MP4,389.5892,45.0,35.0,20.0,20
GX010808.MP4,389.9896,44.44444444444444,37.03703703703704,18.51851851851852,27
GX010808.MP4,390.39,16.0,52.0,32.0,25
GX010808.MP4,390.79040000000003,19.230769230769234,42.30769230769231,38.46153846153847,26
GX010808.MP4,391.1908,29.411764705882355,58.82352941176471,11.76470588235294,17
GX010808.MP4,391.5912,28.57142857142857,67.85714285714286,3.571428571428571,28
GX010808.MP4,391.9916,25.0,45.0,30.0,20
GX010808.MP4,392.392,30.76923076923077,34.61538461538461,34.61538461538461,26
GX010808.MP4,392.7924,25.0,50.0,25.0,24
GX010808.MP4,393.19280000000003,46.666666666666664,43.333333333333336,10.0,30
GX010808.MP4,393.5932,30.0,53.333333333333336,16.666666666666664,30
GX010808.MP4,393.9936,29.629629629629626,70.37037037037037,0.0,27
GX010808.MP4,394.394,28.000000000000004,48.0,24.0,25
GX010808.MP4,394.7944,41.66666666666667,45.83333333333333,12.5,24
GX010808.MP4,395.1948,33.33333333333333,61.111111111111114,5.555555555555555,18
GX010808.MP4,395.59520000000003,42.10526315789473,52.63157894736842,5.263157894736842,19
GX010808.MP4,395.9956,42.857142857142854,42.857142857142854,14.285714285714285,21
GX010808.MP4,396.396,28.57142857142857,71.42857142857143,0.0,14
GX010808.MP4,396.7964,26.31578947368421,42.10526315789473,31.57894736842105,19
GX010808.MP4,397.1968,25.0,25.0,50.0,12
GX010808.MP4,397.5972,42.10526315789473,52.63157894736842,5.263157894736842,19
GX010808.MP4,397.99760000000003,27.586206896551722,55.172413793103445,17.24137931034483,29
GX010808.MP4,398.398,27.586206896551722,41.37931034482759,31.03448275862069,29
GX010808.MP4,398.7984,24.0,44.0,32.0,25
GX010808.MP4,399.1988,40.0,56.00000000000001,4.0,25
GX010808.MP4,399.5992,30.0,46.666666666666664,23.333333333333332,30
GX010808.MP4,399.9996,30.0,60.0,10.0,30
GX010808.MP4,400.40000000000003,37.93103448275862,44.827586206896555,17.24137931034483,29
GX010808.MP4,400.8004,34.375,46.875,18.75,32
GX010808.MP4,401.2008,51.61290322580645,41.935483870967744,6.451612903225806,31
GX010808.MP4,401.6012,53.333333333333336,36.666666666666664,10.0,30
GX010808.MP4,402.0016,33.33333333333333,50.0,16.666666666666664,24
GX010808.MP4,402.402,43.47826086956522,34.78260869565217,21.73913043478261,23
GX010808.MP4,402.80240000000003,16.666666666666664,53.333333333333336,30.0,30
GX010808.MP4,403.2028,14.814814814814813,66.66666666666666,18.51851851851852,27
GX010808.MP4,403.6032,33.33333333333333,44.44444444444444,22.22222222222222,27
GX010808.MP4,404.0036,80.0,20.0,0.0,10
GX010808.MP4,404.404,36.36363636363637,9.090909090909092,54.54545454545454,11
GX010808.MP4,404.8044,27.27272727272727,18.181818181818183,54.54545454545454,11
GX010808.MP4,405.20480000000003,35.294117647058826,17.647058823529413,47.05882352941176,17
GX010808.MP4,405.6052,40.0,20.0,40.0,20
GX010808.MP4,406.0056,50.0,31.25,18.75,16
GX010808.MP4,406.406,40.0,53.333333333333336,6.666666666666667,15
GX010808.MP4,406.8064,55.55555555555556,33.33333333333333,11.11111111111111,27
GX010808.MP4,407.2068,51.724137931034484,41.37931034482759,6.896551724137931,29
GX010808.MP4,407.60720000000003,29.411764705882355,58.82352941176471,11.76470588235294,17
GX010808.MP4,408.0076,12.0,56.00000000000001,32.0,25
GX010808.MP4,408.408,26.666666666666668,46.666666666666664,26.666666666666668,15
GX010808.MP4,408.8084,28.000000000000004,44.0,28.000000000000004,25
GX010808.MP4,409.2088,29.411764705882355,29.411764705882355,41.17647058823529,17
GX010808.MP4,409.6092,20.0,55.00000000000001,25.0,20
GX010808.MP4,410.00960000000003,22.727272727272727,36.36363636363637,40.909090909090914,22
GX010808.MP4,410.41,18.75,75.0,6.25,16
GX010808.MP4,410.8104,70.96774193548387,19.35483870967742,9.67741935483871,31
GX010808.MP4,411.2108,54.166666666666664,45.83333333333333,0.0,24
GX010808.MP4,411.6112,16.666666666666664,58.333333333333336,25.0,24
GX010808.MP4,412.0116,10.526315789473683,78.94736842105263,10.526315789473683,19
GX010808.MP4,412.41200000000003,47.05882352941176,41.17647058823529,11.76470588235294,17
GX010808.MP4,412.8124,19.230769230769234,61.53846153846154,19.230769230769234,26
GX010808.MP4,413.2128,41.66666666666667,41.66666666666667,16.666666666666664,36
GX010808.MP4,413.6132,30.76923076923077,42.30769230769231,26.923076923076923,26
GX010808.MP4,414.0136,39.130434782608695,43.47826086956522,17.391304347826086,23
GX010808.MP4,414.414,42.857142857142854,38.095238095238095,19.047619047619047,21
GX010808.MP4,414.81440000000003,37.5,41.66666666666667,20.833333333333336,24
GX010808.MP4,415.2148,19.047619047619047,47.61904761904761,33.33333333333333,21
GX010808.MP4,415.6152,16.666666666666664,77.77777777777779,5.555555555555555,18
GX010808.MP4,416.0156,35.714285714285715,50.0,14.285714285714285,14
GX010808.MP4,416.416,31.25,37.5,31.25,16
GX010808.MP4,416.8164,30.434782608695656,43.47826086956522,26.08695652173913,23
GX010808.MP4,417.21680000000003,23.076923076923077,53.84615384615385,23.076923076923077,26
GX010808.MP4,417.6172,41.935483870967744,32.25806451612903,25.806451612903224,31
GX010808.MP4,418.0176,25.0,25.0,50.0,24
GX010808.MP4,418.418,26.31578947368421,36.84210526315789,36.84210526315789,19
GX010808.MP4,418.8184,25.0,50.0,25.0,20
GX010808.MP4,419.2188,27.77777777777778,33.33333333333333,38.88888888888889,18
GX010808.MP4,419.61920000000003,41.37931034482759,41.37931034482759,17.24137931034483,29
GX010808.MP4,420.0196,20.833333333333336,33.33333333333333,45.83333333333333,24
GX010808.MP4,420.42,35.294117647058826,47.05882352941176,17.647058823529413,17
GX010808.MP4,420.8204,15.0,60.0,25.0,20
GX010808.MP4,421.2208,33.33333333333333,42.857142857142854,23.809523809523807,21
GX010808.MP4,421.6212,36.0,36.0,28.000000000000004,25
GX010808.MP4,422.02160000000003,34.61538461538461,42.30769230769231,23.076923076923077,26
GX010808.MP4,422.422,17.647058823529413,58.82352941176471,23.52941176470588,17
GX010808.MP4,422.8224,54.54545454545454,31.818181818181817,13.636363636363635,22
GX010808.MP4,423.2228,47.368421052631575,47.368421052631575,5.263157894736842,19
GX010808.MP4,423.6232,22.727272727272727,45.45454545454545,31.818181818181817,22
GX010808.MP4,424.0236,23.809523809523807,42.857142857142854,33.33333333333333,21
GX010808.MP4,424.42400000000004,26.666666666666668,43.333333333333336,30.0,30
GX010808.MP4,424.8244,41.37931034482759,44.827586206896555,13.793103448275861,29
GX010808.MP4,425.2248,31.57894736842105,42.10526315789473,26.31578947368421,38
GX010808.MP4,425.6252,16.0,56.00000000000001,28.000000000000004,25
GX010808.MP4,426.0256,26.666666666666668,60.0,13.333333333333334,15
GX010808.MP4,426.426,19.230769230769234,38.46153846153847,42.30769230769231,26
GX010808.MP4,426.82640000000004,30.434782608695656,52.17391304347826,17.391304347826086,23
GX010808.MP4,427.2268,33.33333333333333,52.38095238095239,14.285714285714285,21
GX010808.MP4,427.6272,18.75,50.0,31.25,32
GX010808.MP4,428.0276,34.61538461538461,26.923076923076923,38.46153846153847,26
GX010808.MP4,428.428,19.230769230769234,61.53846153846154,19.230769230769234,26
GX010808.MP4,428.8284,4.761904761904762,66.66666666666666,28.57142857142857,21
GX010808.MP4,429.22880000000004,25.0,56.25,18.75,16
GX010808.MP4,429.6292,42.10526315789473,42.10526315789473,15.789473684210526,19
GX010808.MP4,430.0296,23.076923076923077,53.84615384615385,23.076923076923077,26
GX010808.MP4,430.43,27.77777777777778,44.44444444444444,27.77777777777778,18
GX010808.MP4,430.8304,15.0,40.0,45.0,20
GX010808.MP4,431.2308,24.137931034482758,51.724137931034484,24.137931034482758,29
GX010808.MP4,431.63120000000004,24.137931034482758,10.344827586206897,65.51724137931035,29
GX010808.MP4,432.0316,33.33333333333333,45.83333333333333,20.833333333333336,24
GX010808.MP4,432.432,15.0,35.0,50.0,20
GX010808.MP4,432.8324,33.33333333333333,41.66666666666667,25.0,24
GX010808.MP4,433.2328,15.384615384615385,61.53846153846154,23.076923076923077,26
GX010808.MP4,433.6332,25.806451612903224,29.03225806451613,45.16129032258064,31
GX010808.MP4,434.03360000000004,60.0,32.0,8.0,25
GX010808.MP4,434.434,45.45454545454545,40.909090909090914,13.636363636363635,22
GX010808.MP4,434.8344,43.333333333333336,36.666666666666664,20.0,30
GX010808.MP4,435.2348,55.55555555555556,44.44444444444444,0.0,27
GX010808.MP4,435.6352,38.095238095238095,47.61904761904761,14.285714285714285,21
GX010808.MP4,436.0356,40.625,50.0,9.375,32
GX010808.MP4,436.43600000000004,40.0,55.00000000000001,5.0,20
GX010808.MP4,436.8364,50.0,25.0,25.0,16
GX010808.MP4,437.2368,14.285714285714285,78.57142857142857,7.142857142857142,14
GX010808.MP4,437.6372,35.714285714285715,57.14285714285714,7.142857142857142,28
GX010808.MP4,438.0376,25.0,68.75,6.25,16
GX010808.MP4,438.438,20.0,60.0,20.0,15
GX010808.MP4,438.83840000000004,12.5,33.33333333333333,54.166666666666664,24
GX010808.MP4,439.2388,64.51612903225806,25.806451612903224,9.67741935483871,31
GX010808.MP4,439.6392,23.809523809523807,47.61904761904761,28.57142857142857,21
GX010808.MP4,440.0396,26.666666666666668,50.0,23.333333333333332,30
GX010808.MP4,440.44,33.33333333333333,61.111111111111114,5.555555555555555,36
GX010808.MP4,440.8404,37.83783783783784,59.45945945945946,2.7027027027027026,37
GX010808.MP4,441.24080000000004,24.242424242424242,63.63636363636363,12.121212121212121,33
GX010808.MP4,441.6412,35.0,40.0,25.0,20
GX010808.MP4,442.0416,5.263157894736842,73.68421052631578,21.052631578947366,19
GX010808.MP4,442.442,0.0,69.56521739130434,30.434782608695656,23
GX010808.MP4,442.8424,11.11111111111111,59.25925925925925,29.629629629629626,27
GX010808.MP4,443.2428,8.333333333333332,63.888888888888886,27.77777777777778,36
GX010808.MP4,443.64320000000004,12.903225806451612,70.96774193548387,16.129032258064516,31
GX010808.MP4,444.0436,10.714285714285714,75.0,14.285714285714285,28
GX010808.MP4,444.444,3.571428571428571,75.0,21.428571428571427,28
GX010808.MP4,444.8444,21.73913043478261,65.21739130434783,13.043478260869565,23
GX010808.MP4,445.2448,16.666666666666664,66.66666666666666,16.666666666666664,12
GX010808.MP4,445.6452,18.181818181818183,72.72727272727273,9.090909090909092,11
GX010808.MP4,446.04560000000004,25.0,62.5,12.5,24
GX010808.MP4,446.446,4.761904761904762,71.42857142857143,23.809523809523807,21
GX010808.MP4,446.8464,11.76470588235294,67.64705882352942,20.588235294117645,34
GX010808.MP4,447.2468,7.142857142857142,71.42857142857143,21.428571428571427,28
GX010808.MP4,447.6472,10.0,56.666666666666664,33.33333333333333,30
GX010808.MP4,448.0476,3.0303030303030303,66.66666666666666,30.303030303030305,33
GX010808.MP4,448.44800000000004,18.181818181818183,45.45454545454545,36.36363636363637,33
GX010808.MP4,448.8484,13.636363636363635,59.09090909090909,27.27272727272727,22
GX010808.MP4,449.2488,29.03225806451613,45.16129032258064,25.806451612903224,31
GX010808.MP4,449.6492,26.08695652173913,47.82608695652174,26.08695652173913,23
GX010808.MP4,450.0496,11.76470588235294,58.82352941176471,29.411764705882355,34
GX010808.MP4,450.45,17.391304347826086,34.78260869565217,47.82608695652174,23
GX010808.MP4,450.85040000000004,14.285714285714285,46.42857142857143,39.285714285714285,28
GX010808.MP4,451.2508,14.705882352941178,50.0,35.294117647058826,34
GX010808.MP4,451.6512,12.121212121212121,63.63636363636363,24.242424242424242,33
GX010808.MP4,452.0516,14.285714285714285,71.42857142857143,14.285714285714285,21
GX010808.MP4,452.452,10.714285714285714,71.42857142857143,17.857142857142858,28
GX010808.MP4,452.8524,14.285714285714285,71.42857142857143,14.285714285714285,28
GX010808.MP4,453.25280000000004,21.428571428571427,60.71428571428571,17.857142857142858,28
GX010808.MP4,453.6532,3.125,43.75,53.125,32
GX010808.MP4,454.0536,17.857142857142858,53.57142857142857,28.57142857142857,28
GX010808.MP4,454.454,11.76470588235294,64.70588235294117,23.52941176470588,34
GX010808.MP4,454.8544,17.142857142857142,54.285714285714285,28.57142857142857,35
GX010808.MP4,455.2548,6.666666666666667,53.333333333333336,40.0,30
GX010808.MP4,455.65520000000004,10.344827586206897,48.275862068965516,41.37931034482759,29
GX010808.MP4,456.0556,15.384615384615385,46.15384615384615,38.46153846153847,26
GX010808.MP4,456.456,13.043478260869565,47.82608695652174,39.130434782608695,23
GX010808.MP4,456.8564,25.0,33.33333333333333,41.66666666666667,24
GX010808.MP4,457.2568,15.384615384615385,38.46153846153847,46.15384615384615,26
GX010808.MP4,457.6572,18.51851851851852,44.44444444444444,37.03703703703704,27
GX010808.MP4,458.05760000000004,9.523809523809524,57.14285714285714,33.33333333333333,21
GX010808.MP4,458.458,9.090909090909092,72.72727272727273,18.181818181818183,22
GX010808.MP4,458.8584,7.6923076923076925,69.23076923076923,23.076923076923077,26
GX010808.MP4,459.2588,7.4074074074074066,66.66666666666666,25.925925925925924,27
GX010808.MP4,459.6592,13.043478260869565,39.130434782608695,47.82608695652174,23
GX010808.MP4,460.0596,8.0,72.0,20.0,25
GX010808.MP4,460.46000000000004,10.526315789473683,57.89473684210527,31.57894736842105,19
GX010808.MP4,460.8604,8.333333333333332,75.0,16.666666666666664,24
GX010808.MP4,461.2608,10.714285714285714,60.71428571428571,28.57142857142857,28
GX010808.MP4,461.6612,16.129032258064516,61.29032258064516,22.58064516129032,31
GX010808.MP4,462.0616,11.11111111111111,48.148148148148145,40.74074074074074,27
GX010808.MP4,462.462,20.689655172413794,55.172413793103445,24.137931034482758,29
GX010808.MP4,462.86240000000004,27.586206896551722,58.620689655172406,13.793103448275861,29
GX010808.MP4,463.2628,22.22222222222222,55.55555555555556,22.22222222222222,27
GX010808.MP4,463.6632,0.0,55.00000000000001,45.0,20
GX010808.MP4,464.0636,10.0,63.33333333333333,26.666666666666668,30
GX010808.MP4,464.464,7.6923076923076925,57.692307692307686,34.61538461538461,26
GX010808.MP4,464.8644,7.6923076923076925,76.92307692307693,15.384615384615385,26
GX010808.MP4,465.26480000000004,25.0,62.5,12.5,16
GX010808.MP4,465.6652,0.0,84.61538461538461,15.384615384615385,13
GX010808.MP4,466.0656,18.51851851851852,40.74074074074074,40.74074074074074,27
GX010808.MP4,466.466,4.0,68.0,28.000000000000004,25
GX010808.MP4,466.8664,6.451612903225806,70.96774193548387,22.58064516129032,31
GX010808.MP4,467.2668,8.0,68.0,24.0,25
GX010808.MP4,467.66720000000004,8.333333333333332,54.166666666666664,37.5,24
GX010808.MP4,468.0676,23.076923076923077,38.46153846153847,38.46153846153847,26
GX010808.MP4,468.468,10.714285714285714,57.14285714285714,32.142857142857146,28
GX010808.MP4,468.8684,3.3333333333333335,53.333333333333336,43.333333333333336,30
GX010808.MP4,469.2688,4.166666666666666,83.33333333333334,12.5,24
GX010808.MP4,469.6692,3.225806451612903,48.38709677419355,48.38709677419355,31
GX010808.MP4,470.06960000000004,23.076923076923077,46.15384615384615,30.76923076923077,26
GX010808.MP4,470.47,23.076923076923077,42.30769230769231,34.61538461538461,26
GX010808.MP4,470.8704,13.043478260869565,56.52173913043478,30.434782608695656,23
GX010808.MP4,471.2708,6.0606060606060606,66.66666666666666,27.27272727272727,33
GX010808.MP4,471.6712,16.129032258064516,58.06451612903226,25.806451612903224,31
GX010808.MP4,472.0716,13.793103448275861,62.06896551724138,24.137931034482758,29
GX010808.MP4,472.47200000000004,16.666666666666664,46.666666666666664,36.666666666666664,30
GX010808.MP4,472.8724,10.526315789473683,57.89473684210527,31.57894736842105,19
GX010808.MP4,473.2728,5.555555555555555,83.33333333333334,11.11111111111111,18
GX010808.MP4,473.6732,16.666666666666664,55.55555555555556,27.77777777777778,18
GX010808.MP4,474.0736,9.090909090909092,59.09090909090909,31.818181818181817,22
GX010808.MP4,474.474,0.0,0.0,0.0,0
GX010808.MP4,474.87440000000004,0.0,0.0,0.0,0
GX010808.MP4,475.2748,0.0,16.666666666666664,83.33333333333334,6
GX010808.MP4,475.6752,26.666666666666668,40.0,33.33333333333333,15
GX010808.MP4,476.0756,9.090909090909092,86.36363636363636,4.545454545454546,22
GX010808.MP4,476.476,0.0,100.0,0.0,6
GX010808.MP4,476.8764,7.142857142857142,57.14285714285714,35.714285714285715,14
GX010808.MP4,477.2768,28.57142857142857,42.857142857142854,28.57142857142857,28
GX010808.MP4,477.6772,9.523809523809524,23.809523809523807,66.66666666666666,21
GX010808.MP4,478.0776,13.793103448275861,55.172413793103445,31.03448275862069,29
GX010808.MP4,478.478,28.57142857142857,46.42857142857143,25.0,28
GX010808.MP4,478.8784,8.0,44.0,48.0,25
GX010808.MP4,479.2788,13.043478260869565,43.47826086956522,43.47826086956522,23
GX010808.MP4,479.6792,18.51851851851852,44.44444444444444,37.03703703703704,27
GX010808.MP4,480.0796,38.70967741935484,54.83870967741935,6.451612903225806,31
GX010808.MP4,480.48,53.57142857142857,42.857142857142854,3.571428571428571,28
GX010808.MP4,480.8804,29.03225806451613,67.74193548387096,3.225806451612903,31
GX010808.MP4,481.2808,9.090909090909092,50.0,40.909090909090914,22
GX010808.MP4,481.6812,20.0,40.0,40.0,30
GX010808.MP4,482.0816,5.0,45.0,50.0,20
GX010808.MP4,482.482,23.076923076923077,34.61538461538461,42.30769230769231,26
GX010808.MP4,482.8824,29.411764705882355,47.05882352941176,23.52941176470588,17
GX010808.MP4,483.2828,24.137931034482758,48.275862068965516,27.586206896551722,29
GX010808.MP4,483.6832,8.333333333333332,62.5,29.166666666666668,24
GX010808.MP4,484.0836,51.28205128205128,33.33333333333333,15.384615384615385,39
GX010808.MP4,484.484,34.285714285714285,60.0,5.714285714285714,35
GX010808.MP4,484.8844,29.166666666666668,50.0,20.833333333333336,24
GX010808.MP4,485.2848,26.08695652173913,52.17391304347826,21.73913043478261,23
GX010808.MP4,485.6852,22.58064516129032,41.935483870967744,35.483870967741936,31
GX010808.MP4,486.0856,20.0,50.0,30.0,30
GX010808.MP4,486.486,19.047619047619047,52.38095238095239,28.57142857142857,21
GX010808.MP4,486.8864,25.0,62.5,12.5,24
GX010808.MP4,487.2868,54.54545454545454,33.33333333333333,12.121212121212121,33
GX010808.MP4,487.6872,31.818181818181817,50.0,18.181818181818183,22
GX010808.MP4,488.0876,45.16129032258064,51.61290322580645,3.225806451612903,31
GX010808.MP4,488.488,20.0,64.0,16.0,25
GX010808.MP4,488.8884,33.33333333333333,42.857142857142854,23.809523809523807,21
GX010808.MP4,489.2888,8.333333333333332,58.333333333333336,33.33333333333333,24
GX010808.MP4,489.6892,34.78260869565217,47.82608695652174,17.391304347826086,23
GX010808.MP4,490.0896,31.57894736842105,52.63157894736842,15.789473684210526,19
GX010808.MP4,490.49,17.24137931034483,58.620689655172406,24.137931034482758,29
GX010808.MP4,490.8904,20.689655172413794,55.172413793103445,24.137931034482758,29
GX010808.MP4,491.2908,15.625,46.875,37.5,32
GX010808.MP4,491.6912,48.38709677419355,38.70967741935484,12.903225806451612,31
GX010808.MP4,492.0916,24.324324324324326,59.45945945945946,16.216216216216218,37
GX010808.MP4,492.492,25.71428571428571,45.714285714285715,28.57142857142857,35
GX010808.MP4,492.8924,29.03225806451613,54.83870967741935,16.129032258064516,31
GX010808.MP4,493.2928,31.25,62.5,6.25,32
GX010808.MP4,493.6932,34.285714285714285,45.714285714285715,20.0,35
GX010808.MP4,494.0936,26.08695652173913,52.17391304347826,21.73913043478261,23
GX010808.MP4,494.494,20.0,53.333333333333336,26.666666666666668,30
GX010808.MP4,494.8944,70.96774193548387,29.03225806451613,0.0,31
GX010808.MP4,495.2948,12.5,54.166666666666664,33.33333333333333,24
GX010808.MP4,495.6952,19.444444444444446,63.888888888888886,16.666666666666664,36
GX010808.MP4,496.0956,18.51851851851852,51.85185185185185,29.629629629629626,27
GX010808.MP4,496.496,13.157894736842104,68.42105263157895,18.421052631578945,38
GX010808.MP4,496.8964,15.384615384615385,66.66666666666666,17.94871794871795,39
GX010808.MP4,497.2968,36.0,60.0,4.0,25
GX010808.MP4,497.6972,22.22222222222222,55.55555555555556,22.22222222222222,27
GX010808.MP4,498.0976,25.925925925925924,55.55555555555556,18.51851851851852,27
GX010808.MP4,498.498,23.333333333333332,56.666666666666664,20.0,30
GX010808.MP4,498.8984,36.666666666666664,33.33333333333333,30.0,30
GX010808.MP4,499.2988,29.629629629629626,51.85185185185185,18.51851851851852,27
GX010808.MP4,499.6992,31.25,53.125,15.625,32
GX010808.MP4,500.0996,22.58064516129032,48.38709677419355,29.03225806451613,31
GX010808.MP4,500.5,21.428571428571427,50.0,28.57142857142857,28
GX010808.MP4,500.9004,31.57894736842105,52.63157894736842,15.789473684210526,19
GX010808.MP4,501.3008,27.27272727272727,60.60606060606061,12.121212121212121,33
GX010808.MP4,501.70120000000003,29.629629629629626,66.66666666666666,3.7037037037037033,27
GX010808.MP4,502.1016,21.428571428571427,42.857142857142854,35.714285714285715,28
GX010808.MP4,502.502,11.538461538461538,69.23076923076923,19.230769230769234,26
GX010808.MP4,502.9024,22.22222222222222,33.33333333333333,44.44444444444444,18
GX010808.MP4,503.3028,46.666666666666664,46.666666666666664,6.666666666666667,15
GX010808.MP4,503.7032,31.03448275862069,58.620689655172406,10.344827586206897,29
GX010808.MP4,504.10360000000003,30.434782608695656,34.78260869565217,34.78260869565217,23
GX010808.MP4,504.504,33.33333333333333,38.88888888888889,27.77777777777778,36
GX010808.MP4,504.9044,28.57142857142857,54.285714285714285,17.142857142857142,35
GX010808.MP4,505.3048,36.666666666666664,56.666666666666664,6.666666666666667,30
GX010808.MP4,505.7052,18.51851851851852,59.25925925925925,22.22222222222222,27
GX010808.MP4,506.1056,32.25806451612903,54.83870967741935,12.903225806451612,31
GX010808.MP4,506.50600000000003,44.11764705882353,44.11764705882353,11.76470588235294,34
GX010808.MP4,506.9064,38.46153846153847,46.15384615384615,15.384615384615385,26
GX010808.MP4,507.3068,41.37931034482759,41.37931034482759,17.24137931034483,29
GX010808.MP4,507.7072,56.25,34.375,9.375,32
GX010808.MP4,508.1076,54.83870967741935,38.70967741935484,6.451612903225806,31
GX010808.MP4,508.508,31.57894736842105,68.42105263157895,0.0,19
GX010808.MP4,508.90840000000003,28.125,68.75,3.125,32
GX010808.MP4,509.3088,25.0,33.33333333333333,41.66666666666667,24
GX010808.MP4,509.7092,14.285714285714285,51.42857142857142,34.285714285714285,35
GX010808.MP4,510.1096,50.0,25.0,25.0,24
GX010808.MP4,510.51,37.5,29.166666666666668,33.33333333333333,24
GX010808.MP4,510.9104,28.000000000000004,32.0,40.0,25
GX010808.MP4,511.31080000000003,36.0,48.0,16.0,25
GX010808.MP4,511.7112,23.076923076923077,26.923076923076923,50.0,26
GX010808.MP4,512.1116,42.30769230769231,42.30769230769231,15.384615384615385,26
GX010808.MP4,512.5120000000001,42.30769230769231,38.46153846153847,19.230769230769234,26
GX010808.MP4,512.9124,23.076923076923077,38.46153846153847,38.46153846153847,13
GX010808.MP4,513.3128,14.285714285714285,35.714285714285715,50.0,14
GX010808.MP4,513.7132,12.5,43.75,43.75,16
GX010808.MP4,514.1136,35.714285714285715,50.0,14.285714285714285,14
GX010808.MP4,514.514,61.53846153846154,30.76923076923077,7.6923076923076925,26
GX010808.MP4,514.9144,48.148148148148145,29.629629629629626,22.22222222222222,27
GX010808.MP4,515.3148,46.15384615384615,34.61538461538461,19.230769230769234,26
GX010808.MP4,515.7152,53.333333333333336,40.0,6.666666666666667,15
GX010808.MP4,516.1156,33.33333333333333,55.55555555555556,11.11111111111111,27
GX010808.MP4,516.516,47.61904761904761,19.047619047619047,33.33333333333333,21
GX010808.MP4,516.9164,46.666666666666664,23.333333333333332,30.0,30
GX010808.MP4,517.3168000000001,50.0,32.35294117647059,17.647058823529413,34
GX010808.MP4,517.7172,36.36363636363637,45.45454545454545,18.181818181818183,22
GX010808.MP4,518.1176,51.85185185185185,40.74074074074074,7.4074074074074066,27
GX010808.MP4,518.518,47.61904761904761,38.095238095238095,14.285714285714285,21
GX010808.MP4,518.9184,47.61904761904761,38.095238095238095,14.285714285714285,21
GX010808.MP4,519.3188,33.33333333333333,48.148148148148145,18.51851851851852,27
GX010808.MP4,519.7192,50.0,50.0,0.0,18
GX010808.MP4,520.1196,46.666666666666664,20.0,33.33333333333333,15
GX010808.MP4,520.52,27.77777777777778,44.44444444444444,27.77777777777778,18
GX010808.MP4,520.9204,50.0,37.5,12.5,16
GX010808.MP4,521.3208,55.55555555555556,33.33333333333333,11.11111111111111,18
GX010808.MP4,521.7212,10.526315789473683,36.84210526315789,52.63157894736842,19
GX010808.MP4,522.1216000000001,21.73913043478261,43.47826086956522,34.78260869565217,23
GX010808.MP4,522.522,58.06451612903226,6.451612903225806,35.483870967741936,31
GX010808.MP4,522.9224,25.0,43.75,31.25,16
GX010808.MP4,523.3228,42.857142857142854,38.095238095238095,19.047619047619047,21
GX010808.MP4,523.7232,52.63157894736842,42.10526315789473,5.263157894736842,19
GX010808.MP4,524.1236,43.47826086956522,52.17391304347826,4.3478260869565215,23
GX010808.MP4,524.524,44.44444444444444,38.88888888888889,16.666666666666664,18
GX010808.MP4,524.9244,47.61904761904761,42.857142857142854,9.523809523809524,21
GX010808.MP4,525.3248,75.0,18.75,6.25,16
GX010808.MP4,525.7252,45.45454545454545,36.36363636363637,18.181818181818183,22
GX010808.MP4,526.1256,21.73913043478261,60.86956521739131,17.391304347826086,23
GX010808.MP4,526.526,30.0,70.0,0.0,20
GX010808.MP4,526.9264000000001,41.66666666666667,29.166666666666668,29.166666666666668,24
GX010808.MP4,527.3268,23.076923076923077,46.15384615384615,30.76923076923077,26
GX010808.MP4,527.7272,37.5,29.166666666666668,33.33333333333333,24
GX010808.MP4,528.1276,38.095238095238095,38.095238095238095,23.809523809523807,21
GX010808.MP4,528.528,44.44444444444444,44.44444444444444,11.11111111111111,9
GX010808.MP4,528.9284,37.5,43.75,18.75,16
GX010808.MP4,529.3288,81.81818181818183,9.090909090909092,9.090909090909092,11
GX010808.MP4,529.7292,38.88888888888889,55.55555555555556,5.555555555555555,18
GX010808.MP4,530.1296,37.5,62.5,0.0,16
GX010808.MP4,530.53,21.73913043478261,60.86956521739131,17.391304347826086,23
GX010808.MP4,530.9304,22.22222222222222,72.22222222222221,5.555555555555555,18
GX010808.MP4,531.3308,12.5,62.5,25.0,16
GX010808.MP4,531.7312000000001,16.0,76.0,8.0,25
GX010808.MP4,532.1316,11.76470588235294,82.35294117647058,5.88235294117647,17
GX010808.MP4,532.532,13.333333333333334,73.33333333333333,13.333333333333334,15
GX010808.MP4,532.9324,40.0,44.0,16.0,25
GX010808.MP4,533.3328,32.142857142857146,57.14285714285714,10.714285714285714,28
GX010808.MP4,533.7332,32.35294117647059,35.294117647058826,32.35294117647059,34
GX010808.MP4,534.1336,37.93103448275862,44.827586206896555,17.24137931034483,29
GX010808.MP4,534.534,45.16129032258064,35.483870967741936,19.35483870967742,31
GX010808.MP4,534.9344,42.10526315789473,42.10526315789473,15.789473684210526,19
GX010808.MP4,535.3348,50.0,41.66666666666667,8.333333333333332,12
GX010808.MP4,535.7352,47.368421052631575,31.57894736842105,21.052631578947366,19
GX010808.MP4,536.1356,33.33333333333333,38.095238095238095,28.57142857142857,21
GX010808.MP4,536.5360000000001,33.33333333333333,50.0,16.666666666666664,18
GX010808.MP4,536.9364,39.130434782608695,56.52173913043478,4.3478260869565215,23
GX010808.MP4,537.3368,25.0,57.14285714285714,17.857142857142858,28
GX010808.MP4,537.7372,69.23076923076923,15.384615384615385,15.384615384615385,13
GX010808.MP4,538.1376,54.54545454545454,27.27272727272727,18.181818181818183,22
GX010808.MP4,538.538,47.05882352941176,41.17647058823529,11.76470588235294,17
GX010808.MP4,538.9384,61.111111111111114,38.88888888888889,0.0,18
GX010808.MP4,539.3388,57.89473684210527,26.31578947368421,15.789473684210526,19
GX010808.MP4,539.7392,42.857142857142854,28.57142857142857,28.57142857142857,14
GX010808.MP4,540.1396,42.10526315789473,36.84210526315789,21.052631578947366,19
GX010808.MP4,540.54,53.84615384615385,23.076923076923077,23.076923076923077,13
GX010808.MP4,540.9404,71.42857142857143,28.57142857142857,0.0,14
GX010808.MP4,541.3408000000001,53.84615384615385,38.46153846153847,7.6923076923076925,13
GX010808.MP4,541.7412,52.94117647058824,29.411764705882355,17.647058823529413,17
GX010808.MP4,542.1416,43.75,56.25,0.0,16
GX010808.MP4,542.542,36.84210526315789,57.89473684210527,5.263157894736842,19
GX010808.MP4,542.9424,53.84615384615385,34.61538461538461,11.538461538461538,26
GX010808.MP4,543.3428,15.625,62.5,21.875,32
GX010808.MP4,543.7432,39.130434782608695,43.47826086956522,17.391304347826086,23
GX010808.MP4,544.1436,35.294117647058826,35.294117647058826,29.411764705882355,17
GX010808.MP4,544.544,56.25,25.0,18.75,16
GX010808.MP4,544.9444,55.00000000000001,15.0,30.0,20
GX010808.MP4,545.3448,0.0,75.0,25.0,4
GX010808.MP4,545.7452,0.0,72.72727272727273,27.27272727272727,11
GX010808.MP4,546.1456000000001,33.33333333333333,44.44444444444444,22.22222222222222,9
GX010808.MP4,546.546,15.789473684210526,57.89473684210527,26.31578947368421,19
GX010808.MP4,546.9464,41.17647058823529,23.52941176470588,35.294117647058826,17
GX010808.MP4,547.3468,23.52941176470588,64.70588235294117,11.76470588235294,17
GX010808.MP4,547.7472,22.727272727272727,63.63636363636363,13.636363636363635,22
GX010808.MP4,548.1476,35.294117647058826,52.94117647058824,11.76470588235294,17
GX010808.MP4,548.548,16.666666666666664,66.66666666666666,16.666666666666664,18
GX010808.MP4,548.9484,16.0,68.0,16.0,25
GX010808.MP4,549.3488,27.27272727272727,54.54545454545454,18.181818181818183,22
GX010808.MP4,549.7492,25.0,64.28571428571429,10.714285714285714,28
GX010808.MP4,550.1496,10.256410256410255,74.35897435897436,15.384615384615385,39
GX010808.MP4,550.55,22.727272727272727,45.45454545454545,31.818181818181817,22
GX010808.MP4,550.9504000000001,40.0,45.0,15.0,20
GX010808.MP4,551.3508,50.0,31.818181818181817,18.181818181818183,22
GX010808.MP4,551.7512,62.96296296296296,29.629629629629626,7.4074074074074066,27
GX010808.MP4,552.1516,31.818181818181817,63.63636363636363,4.545454545454546,22
GX010808.MP4,552.552,23.52941176470588,70.58823529411765,5.88235294117647,17
GX010808.MP4,552.9524,34.78260869565217,60.86956521739131,4.3478260869565215,23
GX010808.MP4,553.3528,28.000000000000004,72.0,0.0,25
GX010808.MP4,553.7532,27.27272727272727,54.54545454545454,18.181818181818183,11
GX010808.MP4,554.1536,53.333333333333336,20.0,26.666666666666668,15
GX010808.MP4,554.554,50.0,50.0,0.0,10
GX010808.MP4,554.9544,0.0,100.0,0.0,2
GX010808.MP4,555.3548,22.22222222222222,55.55555555555556,22.22222222222222,9
GX010808.MP4,555.7552000000001,13.636363636363635,22.727272727272727,63.63636363636363,22
GX010808.MP4,556.1556,27.77777777777778,38.88888888888889,33.33333333333333,18
GX010808.MP4,556.556,23.52941176470588,47.05882352941176,29.411764705882355,17
GX010808.MP4,556.9564,60.71428571428571,39.285714285714285,0.0,28
GX010808.MP4,557.3568,15.789473684210526,68.42105263157895,15.789473684210526,19
GX010808.MP4,557.7572,34.78260869565217,43.47826086956522,21.73913043478261,23
GX010808.MP4,558.1576,40.0,50.0,10.0,20
GX010808.MP4,558.558,0.0,27.27272727272727,72.72727272727273,11
GX010808.MP4,558.9584,14.285714285714285,21.428571428571427,64.28571428571429,14
GX010808.MP4,559.3588,60.0,40.0,0.0,10
GX010808.MP4,559.7592,64.28571428571429,21.428571428571427,14.285714285714285,14
GX010808.MP4,560.1596,26.31578947368421,31.57894736842105,42.10526315789473,19
GX010808.MP4,560.5600000000001,50.0,30.0,20.0,20
GX010808.MP4,560.9604,40.0,46.666666666666664,13.333333333333334,15
GX010808.MP4,561.3608,40.909090909090914,40.909090909090914,18.181818181818183,22
GX010808.MP4,561.7612,23.809523809523807,61.904761904761905,14.285714285714285,21
GX010808.MP4,562.1616,33.33333333333333,33.33333333333333,33.33333333333333,15
GX010808.MP4,562.562,31.57894736842105,42.10526315789473,26.31578947368421,19
GX010808.MP4,562.9624,33.33333333333333,38.095238095238095,28.57142857142857,21
GX010808.MP4,563.3628,20.0,48.0,32.0,25
GX010808.MP4,563.7632,16.666666666666664,58.333333333333336,25.0,12
GX010808.MP4,564.1636,46.666666666666664,46.666666666666664,6.666666666666667,15
GX010808.MP4,564.564,31.25,43.75,25.0,16
GX010808.MP4,564.9644,40.909090909090914,31.818181818181817,27.27272727272727,22
GX010808.MP4,565.3648000000001,56.52173913043478,30.434782608695656,13.043478260869565,23
GX010808.MP4,565.7652,15.0,55.00000000000001,30.0,20
GX010808.MP4,566.1656,20.0,70.0,10.0,10
GX010808.MP4,566.566,32.0,52.0,16.0,25
GX010808.MP4,566.9664,30.434782608695656,60.86956521739131,8.695652173913043,23
GX010808.MP4,567.3668,11.11111111111111,88.88888888888889,0.0,27
GX010808.MP4,567.7672,10.526315789473683,89.47368421052632,0.0,19
GX010808.MP4,568.1676,10.526315789473683,89.47368421052632,0.0,19
GX010808.MP4,568.568,21.73913043478261,73.91304347826086,4.3478260869565215,23
GX010808.MP4,568.9684,47.368421052631575,36.84210526315789,15.789473684210526,19
GX010808.MP4,569.3688,42.857142857142854,0.0,57.14285714285714,14
GX010808.MP4,569.7692,64.70588235294117,29.411764705882355,5.88235294117647,17
GX010808.MP4,570.1696000000001,64.28571428571429,21.428571428571427,14.285714285714285,14
GX010808.MP4,570.57,46.666666666666664,26.666666666666668,26.666666666666668,15
GX010808.MP4,570.9704,45.83333333333333,25.0,29.166666666666668,24
GX010808.MP4,571.3708,38.095238095238095,38.095238095238095,23.809523809523807,21
GX010808.MP4,571.7712,41.17647058823529,23.52941176470588,35.294117647058826,17
GX010808.MP4,572.1716,39.130434782608695,47.82608695652174,13.043478260869565,23
GX010808.MP4,572.572,50.0,27.27272727272727,22.727272727272727,22
GX010808.MP4,572.9724,41.66666666666667,29.166666666666668,29.166666666666668,24
GX010808.MP4,573.3728,24.0,32.0,44.0,25
GX010808.MP4,573.7732,38.70967741935484,29.03225806451613,32.25806451612903,31
GX010808.MP4,574.1736,38.095238095238095,28.57142857142857,33.33333333333333,21
GX010808.MP4,574.574,33.33333333333333,23.809523809523807,42.857142857142854,21
GX010808.MP4,574.9744000000001,36.36363636363637,22.727272727272727,40.909090909090914,22
GX010808.MP4,575.3748,30.434782608695656,26.08695652173913,43.47826086956522,23
GX010808.MP4,575.7752,18.51851851851852,11.11111111111111,70.37037037037037,27
GX010808.MP4,576.1756,30.434782608695656,30.434782608695656,39.130434782608695,23
GX010808.MP4,576.576,20.0,46.666666666666664,33.33333333333333,15
GX010808.MP4,576.9764,24.0,32.0,44.0,25
GX010808.MP4,577.3768,7.142857142857142,21.428571428571427,71.42857142857143,14
GX010808.MP4,577.7772,5.0,60.0,35.0,20
GX010808.MP4,578.1776,20.0,60.0,20.0,15
GX010808.MP4,578.578,0.0,83.33333333333334,16.666666666666664,6
GX010808.MP4,578.9784,25.0,40.0,35.0,20
GX010808.MP4,579.3788,25.0,29.166666666666668,45.83333333333333,24
GX010808.MP4,579.7792000000001,13.636363636363635,31.818181818181817,54.54545454545454,22
GX010808.MP4,580.1796,33.33333333333333,11.11111111111111,55.55555555555556,18
GX010808.MP4,580.58,68.96551724137932,10.344827586206897,20.689655172413794,29
GX010808.MP4,580.9804,59.45945945945946,5.405405405405405,35.13513513513514,37
GX010808.MP4,581.3808,51.61290322580645,22.58064516129032,25.806451612903224,31
GX010808.MP4,581.7812,72.22222222222221,13.88888888888889,13.88888888888889,36
GX010808.MP4,582.1816,28.000000000000004,16.0,56.00000000000001,25
GX010808.MP4,582.582,26.08695652173913,26.08695652173913,47.82608695652174,23
GX010808.MP4,582.9824,25.0,10.0,65.0,20
GX010808.MP4,583.3828,19.047619047619047,38.095238095238095,42.857142857142854,21
GX010808.MP4,583.7832,28.57142857142857,28.57142857142857,42.857142857142854,14
GX010808.MP4,584.1836,43.47826086956522,26.08695652173913,30.434782608695656,23
GX010808.MP4,584.5840000000001,25.0,10.0,65.0,20
GX010808.MP4,584.9844,22.727272727272727,54.54545454545454,22.727272727272727,22
GX010808.MP4,585.3848,63.63636363636363,13.636363636363635,22.727272727272727,22
GX010808.MP4,585.7852,44.44444444444444,16.666666666666664,38.88888888888889,18
GX010808.MP4,586.1856,40.0,30.0,30.0,20
GX010808.MP4,586.586,50.0,22.22222222222222,27.77777777777778,18
GX010808.MP4,586.9864,23.52941176470588,52.94117647058824,23.52941176470588,17
GX010808.MP4,587.3868,61.111111111111114,16.666666666666664,22.22222222222222,18
GX010808.MP4,587.7872,38.46153846153847,23.076923076923077,38.46153846153847,13
GX010808.MP4,588.1876,20.0,20.0,60.0,25
GX010808.MP4,588.588,4.545454545454546,22.727272727272727,72.72727272727273,22
GX010808.MP4,588.9884,26.31578947368421,42.10526315789473,31.57894736842105,19
GX010808.MP4,589.3888000000001,16.666666666666664,22.22222222222222,61.111111111111114,18
GX010808.MP4,589.7892,23.52941176470588,23.52941176470588,52.94117647058824,17
GX010808.MP4,590.1896,47.368421052631575,21.052631578947366,31.57894736842105,19
GX010808.MP4,590.59,33.33333333333333,25.0,41.66666666666667,24
GX010808.MP4,590.9904,36.84210526315789,21.052631578947366,42.10526315789473,19
GX010808.MP4,591.3908,29.166666666666668,29.166666666666668,41.66666666666667,24
GX010808.MP4,591.7912,34.78260869565217,30.434782608695656,34.78260869565217,23
GX010808.MP4,592.1916,36.84210526315789,36.84210526315789,26.31578947368421,19
GX010808.MP4,592.592,23.076923076923077,57.692307692307686,19.230769230769234,26
GX010808.MP4,592.9924,34.48275862068966,41.37931034482759,24.137931034482758,29
GX010808.MP4,593.3928,25.0,39.285714285714285,35.714285714285715,28
GX010808.MP4,593.7932,14.814814814814813,37.03703703703704,48.148148148148145,27
GX010808.MP4,594.1936000000001,27.27272727272727,36.36363636363637,36.36363636363637,22
GX010808.MP4,594.594,17.391304347826086,52.17391304347826,30.434782608695656,23
GX010808.MP4,594.9944,24.137931034482758,27.586206896551722,48.275862068965516,29
GX010808.MP4,595.3948,38.46153846153847,11.538461538461538,50.0,26
GX010808.MP4,595.7952,43.75,12.5,43.75,32
GX010808.MP4,596.1956,50.0,19.230769230769234,30.76923076923077,26
GX010808.MP4,596.596,44.44444444444444,25.925925925925924,29.629629629629626,27
GX010808.MP4,596.9964,42.30769230769231,30.76923076923077,26.923076923076923,26
GX010808.MP4,597.3968,60.0,12.0,28.000000000000004,25
GX010808.MP4,597.7972,50.0,13.333333333333334,36.666666666666664,30
GX010808.MP4,598.1976,41.66666666666667,33.33333333333333,25.0,24
GX010808.MP4,598.598,29.411764705882355,41.17647058823529,29.411764705882355,17
GX010808.MP4,598.9984000000001,50.0,40.909090909090914,9.090909090909092,22
GX010808.MP4,599.3988,52.0,36.0,12.0,25
GX010808.MP4,599.7992,65.38461538461539,30.76923076923077,3.8461538461538463,26
GX010808.MP4,600.1996,44.44444444444444,38.88888888888889,16.666666666666664,18
GX010808.MP4,600.6,63.63636363636363,27.27272727272727,9.090909090909092,11
GX010808.MP4,601.0004,62.5,31.25,6.25,16
GX010808.MP4,601.4008,42.10526315789473,36.84210526315789,21.052631578947366,19
GX010808.MP4,601.8012,53.84615384615385,38.46153846153847,7.6923076923076925,26
GX010808.MP4,602.2016,45.0,35.0,20.0,20
GX010808.MP4,602.602,42.857142857142854,28.57142857142857,28.57142857142857,14
GX010808.MP4,603.0024,20.833333333333336,54.166666666666664,25.0,24
GX010808.MP4,603.4028,37.5,37.5,25.0,16
GX010808.MP4,603.8032000000001,58.333333333333336,16.666666666666664,25.0,24
GX010808.MP4,604.2036,50.0,33.33333333333333,16.666666666666664,12
GX010808.MP4,604.604,0.0,100.0,0.0,23
GX010808.MP4,605.0044,45.45454545454545,40.909090909090914,13.636363636363635,22
GX010808.MP4,605.4048,16.666666666666664,83.33333333333334,0.0,18
GX010808.MP4,605.8052,13.043478260869565,60.86956521739131,26.08695652173913,23
GX010808.MP4,606.2056,72.72727272727273,18.181818181818183,9.090909090909092,11
GX010808.MP4,606.606,7.142857142857142,57.14285714285714,35.714285714285715,14
GX010808.MP4,607.0064,41.17647058823529,5.88235294117647,52.94117647058824,17
GX010808.MP4,607.4068,38.095238095238095,57.14285714285714,4.761904761904762,21
GX010808.MP4,607.8072,47.05882352941176,29.411764705882355,23.52941176470588,17
GX010808.MP4,608.2076,33.33333333333333,33.33333333333333,33.33333333333333,12
GX010808.MP4,608.6080000000001,26.923076923076923,61.53846153846154,11.538461538461538,26
GX010808.MP4,609.0084,30.0,50.0,20.0,20
GX010808.MP4,609.4088,20.689655172413794,68.96551724137932,10.344827586206897,29
GX010808.MP4,609.8092,19.230769230769234,73.07692307692307,7.6923076923076925,26
GX010808.MP4,610.2096,28.57142857142857,46.42857142857143,25.0,28
GX010808.MP4,610.61,52.17391304347826,26.08695652173913,21.73913043478261,23
GX010808.MP4,611.0104,37.5,45.83333333333333,16.666666666666664,24
GX010808.MP4,611.4108,25.0,54.166666666666664,20.833333333333336,24
GX010808.MP4,611.8112,50.0,40.909090909090914,9.090909090909092,22
GX010808.MP4,612.2116,52.63157894736842,36.84210526315789,10.526315789473683,19
GX010808.MP4,612.612,46.15384615384615,26.923076923076923,26.923076923076923,26
GX010808.MP4,613.0124,33.33333333333333,22.22222222222222,44.44444444444444,18
GX010808.MP4,613.4128000000001,41.66666666666667,37.5,20.833333333333336,24
GX010808.MP4,613.8132,22.22222222222222,55.55555555555556,22.22222222222222,18
GX010808.MP4,614.2136,38.23529411764706,32.35294117647059,29.411764705882355,34
GX010808.MP4,614.614,22.22222222222222,55.55555555555556,22.22222222222222,18
GX010808.MP4,615.0144,25.925925925925924,44.44444444444444,29.629629629629626,27
GX010808.MP4,615.4148,28.57142857142857,21.428571428571427,50.0,28
GX010808.MP4,615.8152,44.0,24.0,32.0,25
GX010808.MP4,616.2156,43.75,12.5,43.75,16
GX010808.MP4,616.616,34.48275862068966,62.06896551724138,3.4482758620689653,29
GX010808.MP4,617.0164,40.74074074074074,25.925925925925924,33.33333333333333,27
GX010808.MP4,617.4168,38.88888888888889,16.666666666666664,44.44444444444444,18
GX010808.MP4,617.8172,36.36363636363637,36.36363636363637,27.27272727272727,22
GX010808.MP4,618.2176000000001,19.047619047619047,61.904761904761905,19.047619047619047,21
GX010808.MP4,618.618,57.89473684210527,31.57894736842105,10.526315789473683,19
GX010808.MP4,619.0184,38.095238095238095,23.809523809523807,38.095238095238095,21
GX010808.MP4,619.4188,50.0,35.0,15.0,20
GX010808.MP4,619.8192,34.48275862068966,41.37931034482759,24.137931034482758,29
GX010808.MP4,620.2196,45.0,20.0,35.0,20
GX010808.MP4,620.62,64.70588235294117,23.52941176470588,11.76470588235294,17
GX010808.MP4,621.0204,39.130434782608695,34.78260869565217,26.08695652173913,23
GX010808.MP4,621.4208,53.333333333333336,26.666666666666668,20.0,15
GX010808.MP4,621.8212,70.0,20.0,10.0,10
GX010808.MP4,622.2216,58.333333333333336,25.0,16.666666666666664,12
GX010808.MP4,622.622,57.14285714285714,14.285714285714285,28.57142857142857,14
GX010808.MP4,623.0224000000001,57.14285714285714,21.428571428571427,21.428571428571427,14
GX010808.MP4,623.4228,57.14285714285714,35.714285714285715,7.142857142857142,14
GX010808.MP4,623.8232,36.84210526315789,52.63157894736842,10.526315789473683,19
GX010808.MP4,624.2236,58.82352941176471,35.294117647058826,5.88235294117647,17
GX010808.MP4,624.624,47.368421052631575,36.84210526315789,15.789473684210526,19
GX010808.MP4,625.0244,43.75,37.5,18.75,16
GX010808.MP4,625.4248,41.17647058823529,47.05882352941176,11.76470588235294,17
GX010808.MP4,625.8252,35.294117647058826,41.17647058823529,23.52941176470588,17
GX010808.MP4,626.2256,37.5,50.0,12.5,16
GX010808.MP4,626.626,16.666666666666664,50.0,33.33333333333333,12
GX010808.MP4,627.0264,23.076923076923077,30.76923076923077,46.15384615384615,13
GX010808.MP4,627.4268,60.0,30.0,10.0,10
GX010808.MP4,627.8272000000001,46.666666666666664,40.0,13.333333333333334,15
GX010808.MP4,628.2276,38.46153846153847,42.30769230769231,19.230769230769234,26
GX010808.MP4,628.628,65.0,25.0,10.0,20
GX010808.MP4,629.0284,58.82352941176471,23.52941176470588,17.647058823529413,17
GX010808.MP4,629.4288,26.31578947368421,47.368421052631575,26.31578947368421,19
GX010808.MP4,629.8292,29.629629629629626,59.25925925925925,11.11111111111111,27
GX010808.MP4,630.2296,31.57894736842105,26.31578947368421,42.10526315789473,19
GX010808.MP4,630.63,38.46153846153847,46.15384615384615,15.384615384615385,26
GX010808.MP4,631.0304,21.73913043478261,56.52173913043478,21.73913043478261,23
GX010808.MP4,631.4308,14.285714285714285,57.14285714285714,28.57142857142857,21
GX010808.MP4,631.8312,30.0,45.0,25.0,20
GX010808.MP4,632.2316,39.130434782608695,13.043478260869565,47.82608695652174,23
GX010808.MP4,632.6320000000001,66.66666666666666,26.666666666666668,6.666666666666667,30
GX010808.MP4,633.0324,45.45454545454545,18.181818181818183,36.36363636363637,11
GX010808.MP4,633.4328,37.5,37.5,25.0,16
GX010808.MP4,633.8332,60.0,20.0,20.0,15
GX010808.MP4,634.2336,37.5,25.0,37.5,24
GX010808.MP4,634.634,13.636363636363635,81.81818181818183,4.545454545454546,22
GX010808.MP4,635.0344,55.00000000000001,10.0,35.0,20
GX010808.MP4,635.4348,42.10526315789473,31.57894736842105,26.31578947368421,19
GX010808.MP4,635.8352,63.63636363636363,33.33333333333333,3.0303030303030303,33
GX010808.MP4,636.2356,26.923076923076923,50.0,23.076923076923077,26
GX010808.MP4,636.636,42.857142857142854,42.857142857142854,14.285714285714285,21
GX010808.MP4,637.0364,51.85185185185185,18.51851851851852,29.629629629629626,27
GX010808.MP4,637.4368000000001,57.14285714285714,39.285714285714285,3.571428571428571,28
GX010808.MP4,637.8372,45.45454545454545,31.818181818181817,22.727272727272727,22
GX010808.MP4,638.2376,6.896551724137931,68.96551724137932,24.137931034482758,29
GX010808.MP4,638.638,21.052631578947366,57.89473684210527,21.052631578947366,19
GX010808.MP4,639.0384,19.047619047619047,52.38095238095239,28.57142857142857,21
GX010808.MP4,639.4388,6.25,62.5,31.25,16
GX010808.MP4,639.8392,39.130434782608695,39.130434782608695,21.73913043478261,23
GX010808.MP4,640.2396,25.925925925925924,51.85185185185185,22.22222222222222,27
GX010808.MP4,640.64,37.03703703703704,55.55555555555556,7.4074074074074066,27
GX010808.MP4,641.0404,28.000000000000004,52.0,20.0,25
GX010808.MP4,641.4408,24.137931034482758,48.275862068965516,27.586206896551722,29
GX010808.MP4,641.8412,18.181818181818183,72.72727272727273,9.090909090909092,33
GX010808.MP4,642.2416000000001,8.695652173913043,91.30434782608695,0.0,23
GX010808.MP4,642.642,0.0,100.0,0.0,12
GX010808.MP4,643.0424,14.285714285714285,85.71428571428571,0.0,14
GX010808.MP4,643.4428,66.66666666666666,16.666666666666664,16.666666666666664,6
GX010808.MP4,643.8432,33.33333333333333,66.66666666666666,0.0,6
GX010808.MP4,644.2436,13.043478260869565,65.21739130434783,21.73913043478261,23
GX010808.MP4,644.644,20.833333333333336,66.66666666666666,12.5,24
GX010808.MP4,645.0444,40.74074074074074,51.85185185185185,7.4074074074074066,27
GX010808.MP4,645.4448,42.30769230769231,42.30769230769231,15.384615384615385,26
GX010808.MP4,645.8452,44.44444444444444,11.11111111111111,44.44444444444444,27
GX010808.MP4,646.2456,34.61538461538461,46.15384615384615,19.230769230769234,26
GX010808.MP4,646.646,26.08695652173913,47.82608695652174,26.08695652173913,23
GX010808.MP4,647.0464000000001,45.0,40.0,15.0,20
GX010808.MP4,647.4468,38.46153846153847,38.46153846153847,23.076923076923077,13
GX010808.MP4,647.8472,26.31578947368421,26.31578947368421,47.368421052631575,19
GX010808.MP4,648.2476,25.0,66.66666666666666,8.333333333333332,12
GX010808.MP4,648.648,20.0,26.666666666666668,53.333333333333336,15
GX010808.MP4,649.0484,47.61904761904761,23.809523809523807,28.57142857142857,21
GX010808.MP4,649.4488,54.54545454545454,22.727272727272727,22.727272727272727,22
GX010808.MP4,649.8492,44.44444444444444,22.22222222222222,33.33333333333333,18
GX010808.MP4,650.2496,41.37931034482759,34.48275862068966,24.137931034482758,29
GX010808.MP4,650.65,43.75,34.375,21.875,32
GX010808.MP4,651.0504,29.629629629629626,48.148148148148145,22.22222222222222,27
GX010808.MP4,651.4508,30.76923076923077,34.61538461538461,34.61538461538461,26
GX010808.MP4,651.8512000000001,60.0,20.0,20.0,30
GX010808.MP4,652.2516,64.28571428571429,28.57142857142857,7.142857142857142,28
GX010808.MP4,652.652,55.55555555555556,25.925925925925924,18.51851851851852,27
GX010808.MP4,653.0524,53.57142857142857,35.714285714285715,10.714285714285714,28
GX010808.MP4,653.4528,50.0,43.333333333333336,6.666666666666667,30
GX010808.MP4,653.8532,40.0,44.0,16.0,25
GX010808.MP4,654.2536,30.76923076923077,65.38461538461539,3.8461538461538463,26
GX010808.MP4,654.654,42.10526315789473,47.368421052631575,10.526315789473683,19
GX010808.MP4,655.0544,60.0,32.0,8.0,25
GX010808.MP4,655.4548,48.275862068965516,37.93103448275862,13.793103448275861,29
GX010808.MP4,655.8552,25.0,58.333333333333336,16.666666666666664,12
GX010808.MP4,656.2556,19.047619047619047,76.19047619047619,4.761904761904762,21
GX010808.MP4,656.6560000000001,5.88235294117647,76.47058823529412,17.647058823529413,17
GX010808.MP4,657.0564,40.0,46.666666666666664,13.333333333333334,15
GX010808.MP4,657.4568,59.09090909090909,4.545454545454546,36.36363636363637,22
GX010808.MP4,657.8572,38.70967741935484,48.38709677419355,12.903225806451612,31
GX010808.MP4,658.2576,33.33333333333333,38.88888888888889,27.77777777777778,18
GX010808.MP4,658.658,6.666666666666667,86.66666666666667,6.666666666666667,15
GX010808.MP4,659.0584,52.38095238095239,23.809523809523807,23.809523809523807,21
GX010808.MP4,659.4588,64.70588235294117,17.647058823529413,17.647058823529413,17
GX010808.MP4,659.8592,56.666666666666664,33.33333333333333,10.0,30
GX010808.MP4,660.2596,53.333333333333336,26.666666666666668,20.0,30
GX010808.MP4,660.66,56.25,25.0,18.75,32
GX010808.MP4,661.0604,60.86956521739131,13.043478260869565,26.08695652173913,23
GX010808.MP4,661.4608000000001,48.148148148148145,33.33333333333333,18.51851851851852,27
GX010808.MP4,661.8612,47.368421052631575,31.57894736842105,21.052631578947366,19
GX010808.MP4,662.2616,54.166666666666664,37.5,8.333333333333332,24
GX010808.MP4,662.662,53.57142857142857,17.857142857142858,28.57142857142857,28
GX010808.MP4,663.0624,45.83333333333333,25.0,29.166666666666668,24
GX010808.MP4,663.4628,46.42857142857143,28.57142857142857,25.0,28
GX010808.MP4,663.8632,56.52173913043478,30.434782608695656,13.043478260869565,23
GX010808.MP4,664.2636,57.692307692307686,19.230769230769234,23.076923076923077,26
GX010808.MP4,664.664,65.21739130434783,13.043478260869565,21.73913043478261,23
GX010808.MP4,665.0644,52.38095238095239,19.047619047619047,28.57142857142857,21
GX010808.MP4,665.4648,40.74074074074074,37.03703703703704,22.22222222222222,27
GX010808.MP4,665.8652,38.88888888888889,11.11111111111111,50.0,18
GX010808.MP4,666.2656000000001,48.148148148148145,25.925925925925924,25.925925925925924,27
GX010808.MP4,666.666,39.130434782608695,26.08695652173913,34.78260869565217,23
GX010808.MP4,667.0664,48.148148148148145,33.33333333333333,18.51851851851852,27
GX010808.MP4,667.4668,25.0,56.25,18.75,32
GX010808.MP4,667.8672,57.14285714285714,28.57142857142857,14.285714285714285,21
GX010808.MP4,668.2676,33.33333333333333,33.33333333333333,33.33333333333333,21
GX010808.MP4,668.668,36.84210526315789,36.84210526315789,26.31578947368421,19
GX010808.MP4,669.0684,66.66666666666666,22.22222222222222,11.11111111111111,27
GX010808.MP4,669.4688,42.857142857142854,42.857142857142854,14.285714285714285,28
GX010808.MP4,669.8692,58.333333333333336,29.166666666666668,12.5,24
GX010808.MP4,670.2696,45.45454545454545,54.54545454545454,0.0,22
GX010808.MP4,670.67,40.909090909090914,45.45454545454545,13.636363636363635,22
GX010808.MP4,671.0704000000001,34.48275862068966,48.275862068965516,17.24137931034483,29
GX010808.MP4,671.4708,53.333333333333336,26.666666666666668,20.0,30
GX010808.MP4,671.8712,41.37931034482759,37.93103448275862,20.689655172413794,29
GX010808.MP4,672.2716,64.70588235294117,26.47058823529412,8.823529411764707,34
GX010808.MP4,672.672,64.70588235294117,29.411764705882355,5.88235294117647,17
GX010808.MP4,673.0724,60.86956521739131,34.78260869565217,4.3478260869565215,23
GX010808.MP4,673.4728,70.58823529411765,23.52941176470588,5.88235294117647,17
GX010808.MP4,673.8732,65.0,25.0,10.0,20
GX010808.MP4,674.2736,60.71428571428571,39.285714285714285,0.0,28
GX010808.MP4,674.674,58.06451612903226,19.35483870967742,22.58064516129032,31
GX010808.MP4,675.0744,78.57142857142857,14.285714285714285,7.142857142857142,14
GX010808.MP4,675.4748,17.857142857142858,60.71428571428571,21.428571428571427,28
GX010808.MP4,675.8752000000001,17.647058823529413,35.294117647058826,47.05882352941176,17
GX010808.MP4,676.2756,42.42424242424242,33.33333333333333,24.242424242424242,33
GX010808.MP4,676.676,63.33333333333333,16.666666666666664,20.0,30
GX010808.MP4,677.0764,31.428571428571427,68.57142857142857,0.0,35
GX010808.MP4,677.4768,21.428571428571427,71.42857142857143,7.142857142857142,28
GX010808.MP4,677.8772,13.043478260869565,78.26086956521739,8.695652173913043,23
GX010808.MP4,678.2776,20.0,70.0,10.0,30
GX010808.MP4,678.678,40.0,45.714285714285715,14.285714285714285,35
GX010808.MP4,679.0784,24.324324324324326,70.27027027027027,5.405405405405405,37
GX010808.MP4,679.4788,87.5,0.0,12.5,16
GX010808.MP4,679.8792,46.15384615384615,5.128205128205128,48.717948717948715,39
GX010808.MP4,680.2796,63.63636363636363,30.303030303030305,6.0606060606060606,33
GX010808.MP4,680.6800000000001,48.148148148148145,40.74074074074074,11.11111111111111,27
GX010808.MP4,681.0804,60.0,35.0,5.0,20
GX010808.MP4,681.4808,65.78947368421053,21.052631578947366,13.157894736842104,38
GX010808.MP4,681.8812,65.38461538461539,19.230769230769234,15.384615384615385,26
GX010808.MP4,682.2816,55.55555555555556,30.555555555555557,13.88888888888889,36
GX010808.MP4,682.682,64.70588235294117,26.47058823529412,8.823529411764707,34
GX010808.MP4,683.0824,68.57142857142857,22.857142857142858,8.571428571428571,35
GX010808.MP4,683.4828,74.28571428571429,25.71428571428571,0.0,35
GX010808.MP4,683.8832,67.74193548387096,22.58064516129032,9.67741935483871,31
GX010808.MP4,684.2836,22.58064516129032,67.74193548387096,9.67741935483871,31
GX010808.MP4,684.684,44.44444444444444,30.555555555555557,25.0,36
GX010808.MP4,685.0844,34.48275862068966,34.48275862068966,31.03448275862069,29
GX010808.MP4,685.4848000000001,61.76470588235294,5.88235294117647,32.35294117647059,34
GX010808.MP4,685.8852,57.57575757575758,15.151515151515152,27.27272727272727,33
GX010808.MP4,686.2856,48.0,24.0,28.000000000000004,25
GX010808.MP4,686.686,30.76923076923077,38.46153846153847,30.76923076923077,39
GX010808.MP4,687.0864,24.324324324324326,59.45945945945946,16.216216216216218,37
GX010808.MP4,687.4868,24.137931034482758,55.172413793103445,20.689655172413794,29
GX010808.MP4,687.8872,45.23809523809524,42.857142857142854,11.904761904761903,42
GX010808.MP4,688.2876,38.46153846153847,57.692307692307686,3.8461538461538463,26
GX010808.MP4,688.688,17.857142857142858,64.28571428571429,17.857142857142858,28
GX010808.MP4,689.0884,37.142857142857146,28.57142857142857,34.285714285714285,35
GX010808.MP4,689.4888,34.375,28.125,37.5,32
GX010808.MP4,689.8892,51.515151515151516,24.242424242424242,24.242424242424242,33
GX010808.MP4,690.2896000000001,41.66666666666667,38.88888888888889,19.444444444444446,36
GX010808.MP4,690.69,33.33333333333333,33.33333333333333,33.33333333333333,15
GX010808.MP4,691.0904,32.432432432432435,32.432432432432435,35.13513513513514,37
GX010808.MP4,691.4908,41.37931034482759,24.137931034482758,34.48275862068966,29
GX010808.MP4,691.8912,51.724137931034484,17.24137931034483,31.03448275862069,29
GX010808.MP4,692.2916,62.06896551724138,13.793103448275861,24.137931034482758,29
GX010808.MP4,692.692,48.275862068965516,17.24137931034483,34.48275862068966,29
GX010808.MP4,693.0924,52.94117647058824,29.411764705882355,17.647058823529413,34
GX010808.MP4,693.4928,45.94594594594595,24.324324324324326,29.72972972972973,37
GX010808.MP4,693.8932,46.15384615384615,23.076923076923077,30.76923076923077,39
GX010808.MP4,694.2936,46.875,21.875,31.25,32
GX010808.MP4,694.694,51.35135135135135,21.62162162162162,27.027027027027028,37
GX010808.MP4,695.0944000000001,48.38709677419355,22.58064516129032,29.03225806451613,31
GX010808.MP4,695.4948,44.44444444444444,22.22222222222222,33.33333333333333,36
GX010808.MP4,695.8952,44.11764705882353,23.52941176470588,32.35294117647059,34
GX010808.MP4,696.2956,47.368421052631575,13.157894736842104,39.473684210526315,38
GX010808.MP4,696.696,41.935483870967744,16.129032258064516,41.935483870967744,31
GX010808.MP4,697.0964,47.22222222222222,19.444444444444446,33.33333333333333,36
GX010808.MP4,697.4968,37.5,22.5,40.0,40
GX010808.MP4,697.8972,51.35135135135135,27.027027027027028,21.62162162162162,37
GX010808.MP4,698.2976,56.75675675675676,18.91891891891892,24.324324324324326,37
GX010808.MP4,698.698,29.72972972972973,29.72972972972973,40.54054054054054,37
GX010808.MP4,699.0984,50.0,26.31578947368421,23.684210526315788,38
GX010808.MP4,699.4988,50.0,14.705882352941178,35.294117647058826,34
GX010808.MP4,699.8992000000001,67.74193548387096,12.903225806451612,19.35483870967742,31
GX010808.MP4,700.2996,56.25,12.5,31.25,32
GX010808.MP4,700.7,55.55555555555556,22.22222222222222,22.22222222222222,27
GX010808.MP4,701.1004,72.0,12.0,16.0,25
GX010808.MP4,701.5008,61.53846153846154,19.230769230769234,19.230769230769234,26
GX010808.MP4,701.9012,33.33333333333333,36.36363636363637,30.303030303030305,33
GX010808.MP4,702.3016,63.63636363636363,18.181818181818183,18.181818181818183,22
GX010808.MP4,702.702,61.53846153846154,19.230769230769234,19.230769230769234,26
GX010808.MP4,703.1024,15.0,45.0,40.0,40
GX010808.MP4,703.5028,6.666666666666667,73.33333333333333,20.0,15
GX010808.MP4,703.9032,35.714285714285715,57.14285714285714,7.142857142857142,14
GX010808.MP4,704.3036,27.77777777777778,44.44444444444444,27.77777777777778,18
GX010808.MP4,704.7040000000001,41.17647058823529,41.17647058823529,17.647058823529413,17
GX010808.MP4,705.1044,25.0,33.33333333333333,41.66666666666667,12
GX010808.MP4,705.5048,38.46153846153847,26.923076923076923,34.61538461538461,26
GX010808.MP4,705.9052,56.52173913043478,26.08695652173913,17.391304347826086,23
GX010808.MP4,706.3056,40.909090909090914,45.45454545454545,13.636363636363635,22
GX010808.MP4,706.706,30.434782608695656,39.130434782608695,30.434782608695656,23
GX010808.MP4,707.1064,48.0,28.000000000000004,24.0,25
GX010808.MP4,707.5068,46.666666666666664,20.0,33.33333333333333,15
GX010808.MP4,707.9072,34.78260869565217,26.08695652173913,39.130434782608695,23
GX010808.MP4,708.3076,33.33333333333333,16.666666666666664,50.0,18
GX010808.MP4,708.708,22.22222222222222,62.96296296296296,14.814814814814813,27
GX010808.MP4,709.1084,78.26086956521739,21.73913043478261,0.0,23
GX010808.MP4,709.5088000000001,54.83870967741935,25.806451612903224,19.35483870967742,31
GX010808.MP4,709.9092,56.666666666666664,20.0,23.333333333333332,30
GX010808.MP4,710.3096,78.125,15.625,6.25,32
GX010808.MP4,710.71,61.53846153846154,30.76923076923077,7.6923076923076925,13
GX010808.MP4,711.1104,41.17647058823529,35.294117647058826,23.52941176470588,17
GX010808.MP4,711.5108,70.58823529411765,17.647058823529413,11.76470588235294,17
GX010808.MP4,711.9112,50.0,20.0,30.0,20
GX010808.MP4,712.3116,57.89473684210527,31.57894736842105,10.526315789473683,19
GX010808.MP4,712.712,37.5,50.0,12.5,8
GX010808.MP4,713.1124,47.82608695652174,43.47826086956522,8.695652173913043,23
GX010808.MP4,713.5128,40.0,16.0,44.0,25
GX010808.MP4,713.9132,73.68421052631578,5.263157894736842,21.052631578947366,38
GX010808.MP4,714.3136000000001,42.10526315789473,36.84210526315789,21.052631578947366,38
GX010808.MP4,714.714,72.41379310344827,17.24137931034483,10.344827586206897,29
GX010808.MP4,715.1144,41.37931034482759,31.03448275862069,27.586206896551722,29
GX010808.MP4,715.5148,5.263157894736842,15.789473684210526,78.94736842105263,19
GX010808.MP4,715.9152,29.629629629629626,29.629629629629626,40.74074074074074,27
GX010808.MP4,716.3156,33.33333333333333,16.666666666666664,50.0,24
GX010808.MP4,716.716,41.17647058823529,29.411764705882355,29.411764705882355,17
GX010808.MP4,717.1164,14.705882352941178,67.64705882352942,17.647058823529413,34
GX010808.MP4,717.5168,30.434782608695656,56.52173913043478,13.043478260869565,23
GX010808.MP4,717.9172,54.54545454545454,18.181818181818183,27.27272727272727,11
GX010808.MP4,718.3176,60.86956521739131,21.73913043478261,17.391304347826086,23
GX010808.MP4,718.718,30.76923076923077,30.76923076923077,38.46153846153847,26
GX010808.MP4,719.1184000000001,34.78260869565217,17.391304347826086,47.82608695652174,23
GX010808.MP4,719.5188,51.85185185185185,29.629629629629626,18.51851851851852,27
GX010808.MP4,719.9192,34.78260869565217,30.434782608695656,34.78260869565217,23
GX010808.MP4,720.3196,25.0,25.0,50.0,24
GX010808.MP4,720.72,17.24137931034483,31.03448275862069,51.724137931034484,29
GX010808.MP4,721.1204,52.0,28.000000000000004,20.0,25
GX010808.MP4,721.5208,26.923076923076923,15.384615384615385,57.692307692307686,26
GX010808.MP4,721.9212,50.0,16.666666666666664,33.33333333333333,24
GX010808.MP4,722.3216,36.0,36.0,28.000000000000004,25
GX010808.MP4,722.722,50.0,27.27272727272727,22.727272727272727,22
GX010808.MP4,723.1224,50.0,16.666666666666664,33.33333333333333,18
GX010808.MP4,723.5228,29.166666666666668,16.666666666666664,54.166666666666664,24
GX010808.MP4,723.9232000000001,36.36363636363637,18.181818181818183,45.45454545454545,22
GX010808.MP4,724.3236,46.42857142857143,14.285714285714285,39.285714285714285,28
GX010808.MP4,724.724,52.63157894736842,15.789473684210526,31.57894736842105,19
GX010808.MP4,725.1244,54.166666666666664,20.833333333333336,25.0,24
GX010808.MP4,725.5248,50.0,25.0,25.0,24
GX010808.MP4,725.9252,41.37931034482759,41.37931034482759,17.24137931034483,29
GX010808.MP4,726.3256,50.0,13.636363636363635,36.36363636363637,22
GX010808.MP4,726.726,25.0,75.0,0.0,16
GX010808.MP4,727.1264,53.84615384615385,15.384615384615385,30.76923076923077,13
GX010808.MP4,727.5268,0.0,100.0,0.0,17
GX010808.MP4,727.9272,33.33333333333333,57.57575757575758,9.090909090909092,33
GX010808.MP4,728.3276,60.0,6.666666666666667,33.33333333333333,15
GX010808.MP4,728.7280000000001,66.66666666666666,25.0,8.333333333333332,12
GX010808.MP4,729.1284,42.857142857142854,0.0,57.14285714285714,21
GX010808.MP4,729.5288,50.0,8.333333333333332,41.66666666666667,12
GX010808.MP4,729.9292,50.0,27.27272727272727,22.727272727272727,22
GX010808.MP4,730.3296,78.125,18.75,3.125,32
GX010808.MP4,730.73,71.875,18.75,9.375,32
GX010808.MP4,731.1304,37.03703703703704,48.148148148148145,14.814814814814813,27
GX010808.MP4,731.5308,52.63157894736842,31.57894736842105,15.789473684210526,19
GX010808.MP4,731.9312,47.82608695652174,26.08695652173913,26.08695652173913,23
GX010808.MP4,732.3316,44.44444444444444,18.51851851851852,37.03703703703704,27
GX010808.MP4,732.732,54.54545454545454,31.818181818181817,13.636363636363635,22
GX010808.MP4,733.1324,20.0,60.0,20.0,20
GX010808.MP4,733.5328000000001,45.0,35.0,20.0,20
GX010808.MP4,733.9332,45.16129032258064,16.129032258064516,38.70967741935484,31
GX010808.MP4,734.3336,12.0,76.0,12.0,25
GX010808.MP4,734.734,65.38461538461539,11.538461538461538,23.076923076923077,26
GX010808.MP4,735.1344,57.14285714285714,35.714285714285715,7.142857142857142,28
GX010808.MP4,735.5348,24.0,64.0,12.0,25
GX010808.MP4,735.9352,47.82608695652174,34.78260869565217,17.391304347826086,23
GX010808.MP4,736.3356,45.16129032258064,38.70967741935484,16.129032258064516,31
GX010808.MP4,736.736,68.75,18.75,12.5,16
GX010808.MP4,737.1364,70.58823529411765,0.0,29.411764705882355,17
GX010808.MP4,737.5368,57.14285714285714,21.428571428571427,21.428571428571427,14
GX010808.MP4,737.9372,38.46153846153847,3.8461538461538463,57.692307692307686,26
GX010808.MP4,738.3376000000001,58.82352941176471,11.76470588235294,29.411764705882355,34
GX010808.MP4,738.738,36.666666666666664,40.0,23.333333333333332,30
GX010808.MP4,739.1384,24.0,64.0,12.0,25
GX010808.MP4,739.5388,6.666666666666667,93.33333333333333,0.0,15
GX010808.MP4,739.9392,51.724137931034484,3.4482758620689653,44.827586206896555,29
GX010808.MP4,740.3396,51.85185185185185,25.925925925925924,22.22222222222222,27
GX010808.MP4,740.74,13.043478260869565,69.56521739130434,17.391304347826086,23
GX010808.MP4,741.1404,37.93103448275862,10.344827586206897,51.724137931034484,29
GX010808.MP4,741.5408,35.0,30.0,35.0,20
GX010808.MP4,741.9412,33.33333333333333,33.33333333333333,33.33333333333333,12
GX010808.MP4,742.3416,25.0,60.0,15.0,20
GX010808.MP4,742.742,41.17647058823529,23.52941176470588,35.294117647058826,17
GX010808.MP4,743.1424000000001,34.48275862068966,55.172413793103445,10.344827586206897,29
GX010808.MP4,743.5428,35.0,55.00000000000001,10.0,20
GX010808.MP4,743.9432,50.0,35.714285714285715,14.285714285714285,28
GX010808.MP4,744.3436,38.70967741935484,38.70967741935484,22.58064516129032,31
GX010808.MP4,744.744,45.714285714285715,31.428571428571427,22.857142857142858,35
GX010808.MP4,745.1444,17.24137931034483,51.724137931034484,31.03448275862069,29
GX010808.MP4,745.5448,53.125,31.25,15.625,32
GX010808.MP4,745.9452,35.294117647058826,41.17647058823529,23.52941176470588,34
GX010808.MP4,746.3456,30.76923076923077,50.0,19.230769230769234,26
GX010808.MP4,746.746,30.434782608695656,43.47826086956522,26.08695652173913,23
GX010808.MP4,747.1464,52.63157894736842,36.84210526315789,10.526315789473683,19
GX010808.MP4,747.5468,56.00000000000001,20.0,24.0,25
GX010808.MP4,747.9472000000001,46.15384615384615,30.76923076923077,23.076923076923077,26
GX010808.MP4,748.3476,17.391304347826086,65.21739130434783,17.391304347826086,23
GX010808.MP4,748.748,16.666666666666664,41.66666666666667,41.66666666666667,12
GX010808.MP4,749.1484,62.5,18.75,18.75,16
GX010808.MP4,749.5488,57.14285714285714,9.523809523809524,33.33333333333333,21
GX010808.MP4,749.9492,47.368421052631575,26.31578947368421,26.31578947368421,19
GX010808.MP4,750.3496,50.0,21.875,28.125,32
GX010808.MP4,750.75,61.53846153846154,19.230769230769234,19.230769230769234,26
GX010808.MP4,751.1504,42.857142857142854,32.142857142857146,25.0,28
GX010808.MP4,751.5508,15.384615384615385,69.23076923076923,15.384615384615385,26
GX010808.MP4,751.9512,38.88888888888889,33.33333333333333,27.77777777777778,18
GX010808.MP4,752.3516,44.44444444444444,33.33333333333333,22.22222222222222,27
GX010808.MP4,752.7520000000001,50.0,30.76923076923077,19.230769230769234,26
GX010808.MP4,753.1524000000001,50.0,25.0,25.0,28
GX010808.MP4,753.5528,44.11764705882353,32.35294117647059,23.52941176470588,34
GX010808.MP4,753.9532,21.875,25.0,53.125,32
GX010808.MP4,754.3536,35.294117647058826,26.47058823529412,38.23529411764706,34
GX010808.MP4,754.754,27.586206896551722,34.48275862068966,37.93103448275862,29
GX010808.MP4,755.1544,32.25806451612903,35.483870967741936,32.25806451612903,31
GX010808.MP4,755.5548,34.285714285714285,42.857142857142854,22.857142857142858,35
GX010808.MP4,755.9552,31.11111111111111,51.11111111111111,17.77777777777778,45
GX010808.MP4,756.3556,41.66666666666667,52.77777777777778,5.555555555555555,36
GX010808.MP4,756.756,48.78048780487805,29.268292682926827,21.951219512195124,41
GX010808.MP4,757.1564,38.095238095238095,35.714285714285715,26.190476190476193,42
GX010808.MP4,757.5568000000001,43.90243902439025,36.58536585365854,19.51219512195122,41
GX010808.MP4,757.9572000000001,41.46341463414634,39.02439024390244,19.51219512195122,41
GX010808.MP4,758.3576,41.02564102564102,53.84615384615385,5.128205128205128,39
GX010808.MP4,758.758,47.22222222222222,33.33333333333333,19.444444444444446,36
GX010808.MP4,759.1584,28.947368421052634,39.473684210526315,31.57894736842105,38
GX010808.MP4,759.5588,42.42424242424242,39.39393939393939,18.181818181818183,33
GX010808.MP4,759.9592,42.5,37.5,20.0,40
GX010808.MP4,760.3596,44.73684210526316,18.421052631578945,36.84210526315789,38
GX010808.MP4,760.76,38.23529411764706,32.35294117647059,29.411764705882355,34
GX010808.MP4,761.1604,27.027027027027028,37.83783783783784,35.13513513513514,37
GX010808.MP4,761.5608,22.5,52.5,25.0,40
GX010808.MP4,761.9612,30.303030303030305,42.42424242424242,27.27272727272727,33
GX010808.MP4,762.3616000000001,39.285714285714285,46.42857142857143,14.285714285714285,28
GX010808.MP4,762.7620000000001,46.875,34.375,18.75,32
GX010808.MP4,763.1624,38.23529411764706,52.94117647058824,8.823529411764707,34
GX010808.MP4,763.5628,34.375,46.875,18.75,32
GX010808.MP4,763.9632,37.83783783783784,40.54054054054054,21.62162162162162,37
GX010808.MP4,764.3636,42.857142857142854,45.714285714285715,11.428571428571429,35
GX010808.MP4,764.764,50.0,5.555555555555555,44.44444444444444,18
GX010808.MP4,765.1644,25.925925925925924,37.03703703703704,37.03703703703704,27
GX010808.MP4,765.5648,40.0,40.0,20.0,35
GX010808.MP4,765.9652,30.76923076923077,50.0,19.230769230769234,26
GX010808.MP4,766.3656,43.333333333333336,46.666666666666664,10.0,30
GX010808.MP4,766.766,33.33333333333333,43.333333333333336,23.333333333333332,30
GX010808.MP4,767.1664000000001,29.166666666666668,45.83333333333333,25.0,24
GX010808.MP4,767.5668000000001,66.66666666666666,27.77777777777778,5.555555555555555,36
GX010808.MP4,767.9672,52.63157894736842,39.473684210526315,7.894736842105263,38
GX010808.MP4,768.3676,69.44444444444444,27.77777777777778,2.7777777777777777,36
GX010809.MP4,0.0,37.5,32.5,30.0,40
GX010809.MP4,0.40040000000000003,57.14285714285714,35.714285714285715,7.142857142857142,28
GX010809.MP4,0.8008000000000001,53.333333333333336,22.22222222222222,24.444444444444443,45
GX010809.MP4,1.2012,73.68421052631578,7.894736842105263,18.421052631578945,38
GX010809.MP4,1.6016000000000001,76.31578947368422,7.894736842105263,15.789473684210526,38
GX010809.MP4,2.0020000000000002,44.18604651162791,51.162790697674424,4.651162790697675,43
GX010809.MP4,2.4024,35.294117647058826,64.70588235294117,0.0,34
GX010809.MP4,2.8028,46.875,50.0,3.125,32
GX010809.MP4,3.2032000000000003,38.095238095238095,21.428571428571427,40.476190476190474,42
GX010809.MP4,3.6036,34.090909090909086,20.454545454545457,45.45454545454545,44
GX010809.MP4,4.0040000000000004,38.095238095238095,9.523809523809524,52.38095238095239,42
GX010809.MP4,4.4044,50.0,25.0,25.0,36
GX010809.MP4,4.8048,15.151515151515152,27.27272727272727,57.57575757575758,33
GX010809.MP4,5.2052000000000005,37.5,22.5,40.0,40
GX010809.MP4,5.6056,39.02439024390244,26.82926829268293,34.146341463414636,41
GX010809.MP4,6.006,24.324324324324326,29.72972972972973,45.94594594594595,37
GX010809.MP4,6.4064000000000005,40.0,22.5,37.5,40
GX010809.MP4,6.8068,45.45454545454545,29.545454545454547,25.0,44
GX010809.MP4,7.2072,67.3913043478261,19.565217391304348,13.043478260869565,46
GX010809.MP4,7.6076,77.55102040816327,16.3265306122449,6.122448979591836,49
GX010809.MP4,8.008000000000001,81.63265306122449,18.367346938775512,0.0,49
GX010809.MP4,8.4084,27.27272727272727,50.0,22.727272727272727,44
GX010809.MP4,8.8088,30.0,36.0,34.0,50
GX010809.MP4,9.209200000000001,25.0,29.166666666666668,45.83333333333333,48
GX010809.MP4,9.6096,29.545454545454547,34.090909090909086,36.36363636363637,44
GX010809.MP4,10.01,31.11111111111111,28.888888888888886,40.0,45
GX010809.MP4,10.410400000000001,44.18604651162791,18.6046511627907,37.2093023255814,43
GX010809.MP4,10.8108,37.735849056603776,15.09433962264151,47.16981132075472,53
GX010809.MP4,11.2112,43.13725490196079,21.568627450980394,35.294117647058826,51
GX010809.MP4,11.611600000000001,51.02040816326531,24.489795918367346,24.489795918367346,49
GX010809.MP4,12.012,33.33333333333333,22.22222222222222,44.44444444444444,45
GX010809.MP4,12.4124,41.935483870967744,25.806451612903224,32.25806451612903,31
GX010809.MP4,12.812800000000001,26.190476190476193,69.04761904761905,4.761904761904762,42
GX010809.MP4,13.2132,22.5,65.0,12.5,40
GX010809.MP4,13.6136,24.489795918367346,46.93877551020408,28.57142857142857,49
GX010809.MP4,14.014000000000001,50.0,30.555555555555557,19.444444444444446,36
GX010809.MP4,14.4144,38.0,38.0,24.0,50
GX010809.MP4,14.8148,66.66666666666666,16.666666666666664,16.666666666666664,24
GX010809.MP4,15.2152,38.70967741935484,25.806451612903224,35.483870967741936,31
GX010809.MP4,15.6156,56.00000000000001,24.0,20.0,25
GX010809.MP4,16.016000000000002,52.63157894736842,21.052631578947366,26.31578947368421,19
GX010809.MP4,16.4164,53.333333333333336,20.0,26.666666666666668,15
GX010809.MP4,16.8168,54.54545454545454,27.27272727272727,18.181818181818183,11
GX010809.MP4,17.217200000000002,47.05882352941176,29.411764705882355,23.52941176470588,17
GX010809.MP4,17.6176,43.24324324324324,21.62162162162162,35.13513513513514,37
GX010809.MP4,18.018,53.84615384615385,17.94871794871795,28.205128205128204,39
GX010809.MP4,18.418400000000002,55.26315789473685,21.052631578947366,23.684210526315788,38
GX010809.MP4,18.8188,33.33333333333333,19.444444444444446,47.22222222222222,36
GX010809.MP4,19.2192,55.55555555555556,5.555555555555555,38.88888888888889,36
GX010809.MP4,19.619600000000002,47.82608695652174,19.565217391304348,32.608695652173914,46
GX010809.MP4,20.02,45.94594594594595,21.62162162162162,32.432432432432435,37
GX010809.MP4,20.4204,43.18181818181818,38.63636363636363,18.181818181818183,44
GX010809.MP4,20.820800000000002,22.727272727272727,72.72727272727273,4.545454545454546,22
GX010809.MP4,21.2212,52.17391304347826,19.565217391304348,28.26086956521739,46
GX010809.MP4,21.6216,20.454545454545457,27.27272727272727,52.27272727272727,44
GX010809.MP4,22.022000000000002,28.000000000000004,40.0,32.0,25
GX010809.MP4,22.4224,32.35294117647059,38.23529411764706,29.411764705882355,34
GX010809.MP4,22.8228,27.027027027027028,35.13513513513514,37.83783783783784,37
GX010809.MP4,23.223200000000002,26.08695652173913,47.82608695652174,26.08695652173913,23
GX010809.MP4,23.6236,41.37931034482759,34.48275862068966,24.137931034482758,29
GX010809.MP4,24.024,9.523809523809524,90.47619047619048,0.0,21
GX010809.MP4,24.424400000000002,47.72727272727273,15.909090909090908,36.36363636363637,44
GX010809.MP4,24.8248,45.65217391304348,19.565217391304348,34.78260869565217,46
GX010809.MP4,25.2252,41.37931034482759,37.93103448275862,20.689655172413794,29
GX010809.MP4,25.625600000000002,50.0,43.75,6.25,32
GX010809.MP4,26.026,76.19047619047619,19.047619047619047,4.761904761904762,42
GX010809.MP4,26.4264,24.528301886792452,67.9245283018868,7.547169811320755,53
GX010809.MP4,26.826800000000002,40.909090909090914,45.45454545454545,13.636363636363635,44
GX010809.MP4,27.2272,51.61290322580645,45.16129032258064,3.225806451612903,31
GX010809.MP4,27.6276,59.183673469387756,14.285714285714285,26.53061224489796,49
GX010809.MP4,28.028000000000002,2.941176470588235,88.23529411764706,8.823529411764707,34
GX010809.MP4,28.4284,45.23809523809524,23.809523809523807,30.952380952380953,42
GX010809.MP4,28.8288,15.0,35.0,50.0,20
GX010809.MP4,29.229200000000002,31.57894736842105,36.84210526315789,31.57894736842105,38
GX010809.MP4,29.6296,43.333333333333336,33.33333333333333,23.333333333333332,30
GX010809.MP4,30.03,29.411764705882355,64.70588235294117,5.88235294117647,34
GX010809.MP4,30.4304,45.65217391304348,30.434782608695656,23.91304347826087,46
GX010809.MP4,30.8308,35.13513513513514,40.54054054054054,24.324324324324326,37
GX010809.MP4,31.2312,59.09090909090909,27.27272727272727,13.636363636363635,44
GX010809.MP4,31.6316,39.53488372093023,25.581395348837212,34.883720930232556,43
GX010809.MP4,32.032000000000004,32.432432432432435,32.432432432432435,35.13513513513514,37
GX010809.MP4,32.4324,24.324324324324326,35.13513513513514,40.54054054054054,37
GX010809.MP4,32.8328,33.33333333333333,43.333333333333336,23.333333333333332,30
GX010809.MP4,33.233200000000004,23.809523809523807,59.523809523809526,16.666666666666664,42
GX010809.MP4,33.6336,43.13725490196079,39.21568627450981,17.647058823529413,51
GX010809.MP4,34.034,48.97959183673469,26.53061224489796,24.489795918367346,49
GX010809.MP4,34.434400000000004,21.428571428571427,50.0,28.57142857142857,14
GX010809.MP4,34.8348,37.5,56.25,6.25,16
GX010809.MP4,35.2352,42.857142857142854,42.857142857142854,14.285714285714285,35
GX010809.MP4,35.635600000000004,50.0,34.375,15.625,32
GX010809.MP4,36.036,50.0,15.625,34.375,32
GX010809.MP4,36.4364,56.00000000000001,22.0,22.0,50
GX010809.MP4,36.836800000000004,81.3953488372093,11.627906976744185,6.976744186046512,43
GX010809.MP4,37.2372,18.421052631578945,34.21052631578947,47.368421052631575,38
GX010809.MP4,37.6376,45.94594594594595,40.54054054054054,13.513513513513514,37
GX010809.MP4,38.038000000000004,54.83870967741935,25.806451612903224,19.35483870967742,31
GX010809.MP4,38.4384,37.93103448275862,62.06896551724138,0.0,29
GX010809.MP4,38.8388,45.65217391304348,15.217391304347828,39.130434782608695,46
GX010809.MP4,39.239200000000004,15.555555555555555,75.55555555555556,8.88888888888889,45
GX010809.MP4,39.6396,65.0,30.0,5.0,20
GX010809.MP4,40.04,66.66666666666666,14.583333333333334,18.75,48
GX010809.MP4,40.440400000000004,34.883720930232556,53.48837209302325,11.627906976744185,43
GX010809.MP4,40.8408,47.368421052631575,47.368421052631575,5.263157894736842,38
GX010809.MP4,41.2412,46.15384615384615,53.84615384615385,0.0,26
GX010809.MP4,41.641600000000004,40.816326530612244,42.857142857142854,16.3265306122449,49
GX010809.MP4,42.042,22.641509433962266,62.264150943396224,15.09433962264151,53
GX010809.MP4,42.4424,19.642857142857142,58.92857142857143,21.428571428571427,56
GX010809.MP4,42.842800000000004,14.814814814814813,64.81481481481481,20.37037037037037,54
GX010809.MP4,43.2432,52.38095238095239,16.666666666666664,30.952380952380953,42
GX010809.MP4,43.6436,43.75,18.75,37.5,32
GX010809.MP4,44.044000000000004,18.91891891891892,62.16216216216216,18.91891891891892,37
GX010809.MP4,44.4444,46.15384615384615,20.51282051282051,33.33333333333333,39
GX010809.MP4,44.8448,36.0,40.0,24.0,25
GX010809.MP4,45.245200000000004,50.0,46.42857142857143,3.571428571428571,28
GX010809.MP4,45.6456,25.0,62.5,12.5,16
GX010809.MP4,46.046,100.0,0.0,0.0,2
GX010809.MP4,46.446400000000004,34.285714285714285,45.714285714285715,20.0,35
GX010809.MP4,46.8468,46.42857142857143,17.857142857142858,35.714285714285715,28
GX010809.MP4,47.2472,22.22222222222222,59.25925925925925,18.51851851851852,27
GX010809.MP4,47.647600000000004,50.0,21.73913043478261,28.26086956521739,46
GX010809.MP4,48.048,64.0,18.0,18.0,50
GX010809.MP4,48.4484,70.96774193548387,19.35483870967742,9.67741935483871,31
GX010809.MP4,48.848800000000004,33.33333333333333,41.02564102564102,25.64102564102564,39
GX010809.MP4,49.2492,50.0,31.25,18.75,32
GX010809.MP4,49.6496,38.46153846153847,23.076923076923077,38.46153846153847,26
GX010809.MP4,50.050000000000004,60.78431372549019,21.568627450980394,17.647058823529413,51
GX010809.MP4,50.4504,73.46938775510205,18.367346938775512,8.16326530612245,49
GX010809.MP4,50.8508,65.95744680851064,21.27659574468085,12.76595744680851,47
GX010809.MP4,51.251200000000004,52.94117647058824,37.254901960784316,9.803921568627452,51
GX010809.MP4,51.6516,56.36363636363636,36.36363636363637,7.2727272727272725,55
GX010809.MP4,52.052,66.66666666666666,28.888888888888886,4.444444444444445,45
GX010809.MP4,52.452400000000004,8.571428571428571,85.71428571428571,5.714285714285714,35
GX010809.MP4,52.8528,6.666666666666667,84.44444444444444,8.88888888888889,45
GX010809.MP4,53.2532,77.41935483870968,22.58064516129032,0.0,31
GX010809.MP4,53.653600000000004,80.48780487804879,14.634146341463413,4.878048780487805,41
GX010809.MP4,54.054,36.36363636363637,40.909090909090914,22.727272727272727,22
GX010809.MP4,54.4544,55.00000000000001,30.0,15.0,20
GX010809.MP4,54.854800000000004,31.57894736842105,63.1578947368421,5.263157894736842,19
GX010809.MP4,55.2552,47.05882352941176,23.52941176470588,29.411764705882355,17
GX010809.MP4,55.6556,27.586206896551722,48.275862068965516,24.137931034482758,29
GX010809.MP4,56.056000000000004,41.37931034482759,13.793103448275861,44.827586206896555,29
GX010809.MP4,56.4564,42.30769230769231,19.230769230769234,38.46153846153847,26
GX010809.MP4,56.8568,33.33333333333333,50.0,16.666666666666664,36
GX010809.MP4,57.257200000000005,28.57142857142857,48.57142857142857,22.857142857142858,35
GX010809.MP4,57.6576,20.0,70.0,10.0,30
GX010809.MP4,58.058,25.0,75.0,0.0,4
GX010809.MP4,58.458400000000005,54.54545454545454,0.0,45.45454545454545,44
GX010809.MP4,58.8588,50.0,5.88235294117647,44.11764705882353,34
GX010809.MP4,59.2592,37.5,6.25,56.25,16
GX010809.MP4,59.6596,48.78048780487805,7.317073170731707,43.90243902439025,41
GX010809.MP4,60.06,43.75,12.5,43.75,16
GX010809.MP4,60.4604,41.17647058823529,5.88235294117647,52.94117647058824,34
GX010809.MP4,60.8608,45.23809523809524,9.523809523809524,45.23809523809524,42
GX010809.MP4,61.2612,10.869565217391305,78.26086956521739,10.869565217391305,46
GX010809.MP4,61.6616,40.0,30.0,30.0,20
GX010809.MP4,62.062,69.44444444444444,13.88888888888889,16.666666666666664,36
GX010809.MP4,62.4624,28.57142857142857,59.183673469387756,12.244897959183673,49
GX010809.MP4,62.8628,76.47058823529412,5.88235294117647,17.647058823529413,51
GX010809.MP4,63.2632,25.0,67.5,7.5,40
GX010809.MP4,63.6636,50.0,16.0,34.0,50
GX010809.MP4,64.06400000000001,54.0,30.0,16.0,50
GX010809.MP4,64.4644,58.333333333333336,16.666666666666664,25.0,12
GX010809.MP4,64.8648,57.14285714285714,6.122448979591836,36.734693877551024,49
GX010809.MP4,65.26520000000001,39.473684210526315,10.526315789473683,50.0,38
GX010809.MP4,65.6656,70.45454545454545,9.090909090909092,20.454545454545457,44
GX010809.MP4,66.066,40.0,45.0,15.0,40
GX010809.MP4,66.46640000000001,54.166666666666664,29.166666666666668,16.666666666666664,24
GX010809.MP4,66.8668,51.61290322580645,22.58064516129032,25.806451612903224,31
GX010809.MP4,67.2672,52.17391304347826,34.78260869565217,13.043478260869565,23
GX010809.MP4,67.66760000000001,38.46153846153847,57.692307692307686,3.8461538461538463,26
GX010809.MP4,68.068,73.91304347826086,6.521739130434782,19.565217391304348,46
GX010809.MP4,68.4684,24.489795918367346,65.3061224489796,10.204081632653061,49
GX010809.MP4,68.86880000000001,90.0,10.0,0.0,10
GX010809.MP4,69.2692,58.06451612903226,29.03225806451613,12.903225806451612,31
GX010809.MP4,69.6696,37.5,29.166666666666668,33.33333333333333,24
GX010809.MP4,70.07000000000001,51.724137931034484,31.03448275862069,17.24137931034483,29
GX010809.MP4,70.4704,43.24324324324324,48.64864864864865,8.108108108108109,37
GX010809.MP4,70.8708,34.883720930232556,13.953488372093023,51.162790697674424,43
GX010809.MP4,71.27120000000001,31.818181818181817,54.54545454545454,13.636363636363635,22
GX010809.MP4,71.6716,53.84615384615385,5.128205128205128,41.02564102564102,39
GX010809.MP4,72.072,47.22222222222222,19.444444444444446,33.33333333333333,36
GX010809.MP4,72.47240000000001,35.714285714285715,32.142857142857146,32.142857142857146,28
GX010809.MP4,72.8728,58.333333333333336,33.33333333333333,8.333333333333332,12
GX010809.MP4,73.2732,31.25,50.0,18.75,32
GX010809.MP4,73.67360000000001,64.1025641025641,2.564102564102564,33.33333333333333,39
GX010809.MP4,74.074,86.95652173913044,13.043478260869565,0.0,23
GX010809.MP4,74.4744,32.608695652173914,45.65217391304348,21.73913043478261,46
GX010809.MP4,74.87480000000001,53.333333333333336,28.888888888888886,17.77777777777778,45
GX010809.MP4,75.2752,48.275862068965516,41.37931034482759,10.344827586206897,29
GX010809.MP4,75.6756,46.15384615384615,53.84615384615385,0.0,26
GX010809.MP4,76.07600000000001,51.162790697674424,11.627906976744185,37.2093023255814,43
GX010809.MP4,76.4764,32.69230769230769,36.53846153846153,30.76923076923077,52
GX010809.MP4,76.8768,65.38461538461539,19.230769230769234,15.384615384615385,26
GX010809.MP4,77.27720000000001,52.94117647058824,14.705882352941178,32.35294117647059,34
GX010809.MP4,77.6776,42.0,34.0,24.0,50
GX010809.MP4,78.078,24.324324324324326,70.27027027027027,5.405405405405405,37
GX010809.MP4,78.47840000000001,67.5,7.5,25.0,40
GX010809.MP4,78.8788,17.647058823529413,52.94117647058824,29.411764705882355,17
GX010809.MP4,79.2792,16.666666666666664,33.33333333333333,50.0,6
GX010809.MP4,79.67960000000001,26.666666666666668,33.33333333333333,40.0,15
GX010809.MP4,80.08,60.0,30.0,10.0,20
GX010809.MP4,80.4804,45.45454545454545,36.36363636363637,18.181818181818183,11
GX010809.MP4,80.88080000000001,44.0,40.0,16.0,25
GX010809.MP4,81.2812,46.666666666666664,51.11111111111111,2.2222222222222223,45
GX010809.MP4,81.6816,29.545454545454547,54.54545454545454,15.909090909090908,44
GX010809.MP4,82.08200000000001,52.63157894736842,0.0,47.368421052631575,19
GX010809.MP4,82.4824,46.42857142857143,14.285714285714285,39.285714285714285,28
GX010809.MP4,82.8828,29.629629629629626,11.11111111111111,59.25925925925925,27
GX010809.MP4,83.28320000000001,56.41025641025641,25.64102564102564,17.94871794871795,39
GX010809.MP4,83.6836,58.139534883720934,23.25581395348837,18.6046511627907,43
GX010809.MP4,84.084,41.02564102564102,56.41025641025641,2.564102564102564,39
GX010809.MP4,84.48440000000001,69.76744186046511,6.976744186046512,23.25581395348837,43
GX010809.MP4,84.8848,50.0,10.0,40.0,30
GX010809.MP4,85.2852,53.125,40.625,6.25,32
GX010809.MP4,85.68560000000001,57.89473684210527,3.508771929824561,38.59649122807017,57
GX010809.MP4,86.086,51.515151515151516,30.303030303030305,18.181818181818183,33
GX010809.MP4,86.4864,65.85365853658537,29.268292682926827,4.878048780487805,41
GX010809.MP4,86.88680000000001,54.285714285714285,42.857142857142854,2.857142857142857,35
GX010809.MP4,87.2872,62.857142857142854,34.285714285714285,2.857142857142857,35
GX010809.MP4,87.6876,65.85365853658537,19.51219512195122,14.634146341463413,41
GX010809.MP4,88.08800000000001,33.33333333333333,55.55555555555556,11.11111111111111,45
GX010809.MP4,88.4884,68.42105263157895,15.789473684210526,15.789473684210526,38
GX010809.MP4,88.8888,73.52941176470588,14.705882352941178,11.76470588235294,34
GX010809.MP4,89.28920000000001,78.43137254901961,5.88235294117647,15.686274509803921,51
GX010809.MP4,89.6896,75.0,3.8461538461538463,21.153846153846153,52
GX010809.MP4,90.09,71.42857142857143,8.16326530612245,20.408163265306122,49
GX010809.MP4,90.49040000000001,21.951219512195124,34.146341463414636,43.90243902439025,41
GX010809.MP4,90.8908,58.490566037735846,7.547169811320755,33.9622641509434,53
GX010809.MP4,91.2912,43.90243902439025,26.82926829268293,29.268292682926827,41
GX010809.MP4,91.69160000000001,28.26086956521739,30.434782608695656,41.30434782608695,46
GX010809.MP4,92.092,41.07142857142857,50.0,8.928571428571429,56
GX010809.MP4,92.4924,28.205128205128204,71.7948717948718,0.0,39
GX010809.MP4,92.89280000000001,46.51162790697674,30.23255813953488,23.25581395348837,43
GX010809.MP4,93.2932,52.17391304347826,36.95652173913043,10.869565217391305,46
GX010809.MP4,93.6936,62.22222222222222,26.666666666666668,11.11111111111111,45
GX010809.MP4,94.09400000000001,59.57446808510638,31.914893617021278,8.51063829787234,47
GX010809.MP4,94.4944,75.0,9.090909090909092,15.909090909090908,44
GX010809.MP4,94.8948,74.0,14.000000000000002,12.0,50
GX010809.MP4,95.29520000000001,67.3469387755102,22.448979591836736,10.204081632653061,49
GX010809.MP4,95.6956,72.0,16.0,12.0,50
GX010809.MP4,96.096,73.91304347826086,17.391304347826086,8.695652173913043,46
GX010809.MP4,96.49640000000001,20.0,70.0,10.0,30
GX010809.MP4,96.8968,59.09090909090909,20.454545454545457,20.454545454545457,44
GX010809.MP4,97.2972,57.77777777777777,15.555555555555555,26.666666666666668,45
GX010809.MP4,97.69760000000001,55.81395348837209,34.883720930232556,9.30232558139535,43
GX010809.MP4,98.098,32.608695652173914,41.30434782608695,26.08695652173913,46
GX010809.MP4,98.4984,46.666666666666664,40.0,13.333333333333334,45
GX010809.MP4,98.89880000000001,60.46511627906976,18.6046511627907,20.930232558139537,43
GX010809.MP4,99.2992,21.568627450980394,64.70588235294117,13.725490196078432,51
GX010809.MP4,99.6996,26.666666666666668,64.44444444444444,8.88888888888889,45
GX010809.MP4,100.10000000000001,29.166666666666668,50.0,20.833333333333336,48
GX010809.MP4,100.5004,73.91304347826086,21.73913043478261,4.3478260869565215,23
GX010809.MP4,100.9008,79.41176470588235,17.647058823529413,2.941176470588235,34
GX010809.MP4,101.30120000000001,66.66666666666666,30.0,3.3333333333333335,30
GX010809.MP4,101.7016,45.45454545454545,27.27272727272727,27.27272727272727,44
GX010809.MP4,102.102,48.57142857142857,40.0,11.428571428571429,35
GX010809.MP4,102.50240000000001,58.139534883720934,27.906976744186046,13.953488372093023,43
GX010809.MP4,102.9028,53.84615384615385,40.38461538461539,5.769230769230769,52
GX010809.MP4,103.3032,59.67741935483871,24.193548387096776,16.129032258064516,62
GX010809.MP4,103.70360000000001,61.224489795918366,28.57142857142857,10.204081632653061,49
GX010809.MP4,104.104,63.829787234042556,27.659574468085108,8.51063829787234,47
GX010809.MP4,104.5044,66.66666666666666,27.083333333333332,6.25,48
GX010809.MP4,104.90480000000001,56.25,22.916666666666664,20.833333333333336,48
GX010809.MP4,105.3052,44.642857142857146,42.857142857142854,12.5,56
GX010809.MP4,105.7056,64.17910447761194,2.9850746268656714,32.83582089552239,67
GX010809.MP4,106.10600000000001,48.38709677419355,25.806451612903224,25.806451612903224,31
GX010809.MP4,106.5064,47.22222222222222,30.555555555555557,22.22222222222222,36
GX010809.MP4,106.9068,40.54054054054054,40.54054054054054,18.91891891891892,37
GX010809.MP4,107.30720000000001,25.0,37.5,37.5,32
GX010809.MP4,107.7076,40.54054054054054,32.432432432432435,27.027027027027028,37
GX010809.MP4,108.108,29.82456140350877,64.91228070175438,5.263157894736842,57
GX010809.MP4,108.50840000000001,26.785714285714285,64.28571428571429,8.928571428571429,56
GX010809.MP4,108.9088,37.5,57.14285714285714,5.357142857142857,56
GX010809.MP4,109.3092,38.46153846153847,53.84615384615385,7.6923076923076925,52
GX010809.MP4,109.70960000000001,71.42857142857143,2.857142857142857,25.71428571428571,35
GX010809.MP4,110.11,58.620689655172406,27.586206896551722,13.793103448275861,29
GX010809.MP4,110.5104,53.70370370370371,18.51851851851852,27.77777777777778,54
GX010809.MP4,110.91080000000001,76.19047619047619,12.698412698412698,11.11111111111111,63
GX010809.MP4,111.3112,81.03448275862068,10.344827586206897,8.620689655172415,58
GX010809.MP4,111.7116,70.17543859649122,5.263157894736842,24.561403508771928,57
GX010809.MP4,112.11200000000001,59.09090909090909,27.27272727272727,13.636363636363635,44
GX010809.MP4,112.5124,66.0377358490566,22.641509433962266,11.320754716981133,53
GX010809.MP4,112.9128,20.3125,62.5,17.1875,64
GX010809.MP4,113.31320000000001,41.17647058823529,47.05882352941176,11.76470588235294,51
GX010809.MP4,113.7136,55.55555555555556,29.629629629629626,14.814814814814813,27
GX010809.MP4,114.114,85.71428571428571,10.714285714285714,3.571428571428571,28
GX010809.MP4,114.51440000000001,65.38461538461539,30.76923076923077,3.8461538461538463,26
GX010809.MP4,114.9148,60.0,28.57142857142857,11.428571428571429,35
GX010809.MP4,115.3152,79.3103448275862,20.689655172413794,0.0,29
GX010809.MP4,115.71560000000001,76.19047619047619,19.047619047619047,4.761904761904762,21
GX010809.MP4,116.116,47.27272727272727,12.727272727272727,40.0,55
GX010809.MP4,116.5164,52.72727272727272,14.545454545454545,32.72727272727273,55
GX010809.MP4,116.91680000000001,25.0,67.85714285714286,7.142857142857142,56
GX010809.MP4,117.3172,43.333333333333336,30.0,26.666666666666668,30
GX010809.MP4,117.7176,34.04255319148936,57.446808510638306,8.51063829787234,47
GX010809.MP4,118.11800000000001,66.66666666666666,18.75,14.583333333333334,48
GX010809.MP4,118.5184,56.25,37.5,6.25,32
GX010809.MP4,118.9188,50.0,23.076923076923077,26.923076923076923,26
GX010809.MP4,119.3192,63.41463414634146,14.634146341463413,21.951219512195124,41
GX010809.MP4,119.7196,53.191489361702125,21.27659574468085,25.53191489361702,47
GX010809.MP4,120.12,60.86956521739131,10.869565217391305,28.26086956521739,46
GX010809.MP4,120.5204,68.08510638297872,12.76595744680851,19.148936170212767,47
GX010809.MP4,120.9208,66.66666666666666,7.8431372549019605,25.49019607843137,51
GX010809.MP4,121.3212,25.925925925925924,48.148148148148145,25.925925925925924,27
GX010809.MP4,121.7216,62.06896551724138,18.96551724137931,18.96551724137931,58
GX010809.MP4,122.122,74.60317460317461,23.809523809523807,1.5873015873015872,63
GX010809.MP4,122.5224,7.6923076923076925,92.3076923076923,0.0,13
GX010809.MP4,122.9228,0.0,0.0,0.0,0
GX010809.MP4,123.3232,23.809523809523807,42.857142857142854,33.33333333333333,21
GX010809.MP4,123.7236,42.857142857142854,50.0,7.142857142857142,14
GX010809.MP4,124.124,52.63157894736842,26.31578947368421,21.052631578947366,19
GX010809.MP4,124.5244,62.5,3.125,34.375,32
GX010809.MP4,124.9248,16.666666666666664,50.0,33.33333333333333,18
GX010809.MP4,125.3252,58.06451612903226,12.903225806451612,29.03225806451613,31
GX010809.MP4,125.7256,69.0909090909091,25.454545454545453,5.454545454545454,55
GX010809.MP4,126.126,84.21052631578947,15.789473684210526,0.0,19
GX010809.MP4,126.5264,68.75,21.875,9.375,32
GX010809.MP4,126.9268,50.0,38.88888888888889,11.11111111111111,18
GX010809.MP4,127.3272,66.66666666666666,33.33333333333333,0.0,3
GX010809.MP4,127.7276,75.0,8.333333333333332,16.666666666666664,24
GX010809.MP4,128.12800000000001,62.22222222222222,13.333333333333334,24.444444444444443,45
GX010809.MP4,128.5284,71.7948717948718,15.384615384615385,12.82051282051282,39
GX010809.MP4,128.9288,26.666666666666668,73.33333333333333,0.0,30
GX010809.MP4,129.32920000000001,30.434782608695656,63.04347826086957,6.521739130434782,46
GX010809.MP4,129.7296,32.35294117647059,52.94117647058824,14.705882352941178,34
GX010809.MP4,130.13,42.857142857142854,34.285714285714285,22.857142857142858,35
GX010809.MP4,130.53040000000001,50.0,40.0,10.0,20
GX010809.MP4,130.9308,53.333333333333336,33.33333333333333,13.333333333333334,30
GX010809.MP4,131.3312,75.43859649122807,10.526315789473683,14.035087719298245,57
GX010809.MP4,131.73160000000001,69.11764705882352,17.647058823529413,13.23529411764706,68
GX010809.MP4,132.132,65.38461538461539,13.461538461538462,21.153846153846153,52
GX010809.MP4,132.5324,64.28571428571429,21.428571428571427,14.285714285714285,28
GX010809.MP4,132.93280000000001,30.303030303030305,60.60606060606061,9.090909090909092,33
GX010809.MP4,133.3332,78.26086956521739,10.869565217391305,10.869565217391305,46
GX010809.MP4,133.7336,74.0,8.0,18.0,50
GX010809.MP4,134.13400000000001,76.92307692307693,12.82051282051282,10.256410256410255,39
GX010809.MP4,134.5344,48.0,36.0,16.0,50
GX010809.MP4,134.9348,26.82926829268293,58.536585365853654,14.634146341463413,41
GX010809.MP4,135.33520000000001,58.82352941176471,38.23529411764706,2.941176470588235,34
GX010809.MP4,135.7356,76.0,12.0,12.0,50
GX010809.MP4,136.136,36.36363636363637,45.45454545454545,18.181818181818183,22
GX010809.MP4,136.53640000000001,10.0,80.0,10.0,30
GX010809.MP4,136.9368,53.84615384615385,12.82051282051282,33.33333333333333,39
GX010809.MP4,137.3372,45.94594594594595,40.54054054054054,13.513513513513514,37
GX010809.MP4,137.73760000000001,41.66666666666667,55.55555555555556,2.7777777777777777,36
GX010809.MP4,138.138,81.63265306122449,6.122448979591836,12.244897959183673,49
GX010809.MP4,138.5384,20.754716981132077,73.58490566037736,5.660377358490567,53
GX010809.MP4,138.93880000000001,79.16666666666666,4.166666666666666,16.666666666666664,48
GX010809.MP4,139.3392,71.66666666666667,10.0,18.333333333333332,60
GX010809.MP4,139.7396,47.91666666666667,35.41666666666667,16.666666666666664,48
GX010809.MP4,140.14000000000001,39.62264150943396,35.84905660377358,24.528301886792452,53
GX010809.MP4,140.5404,51.35135135135135,21.62162162162162,27.027027027027028,37
GX010809.MP4,140.9408,75.51020408163265,16.3265306122449,8.16326530612245,49
GX010809.MP4,141.34120000000001,60.416666666666664,12.5,27.083333333333332,48
GX010809.MP4,141.7416,67.44186046511628,16.27906976744186,16.27906976744186,43
GX010809.MP4,142.142,76.78571428571429,10.714285714285714,12.5,56
GX010809.MP4,142.54240000000001,78.43137254901961,13.725490196078432,7.8431372549019605,51
GX010809.MP4,142.9428,55.55555555555556,0.0,44.44444444444444,9
GX010809.MP4,143.3432,57.14285714285714,21.428571428571427,21.428571428571427,28
GX010809.MP4,143.74360000000001,61.904761904761905,9.523809523809524,28.57142857142857,42
GX010809.MP4,144.144,47.61904761904761,38.095238095238095,14.285714285714285,21
GX010809.MP4,144.5444,36.84210526315789,31.57894736842105,31.57894736842105,19
GX010809.MP4,144.94480000000001,64.91228070175438,7.017543859649122,28.07017543859649,57
GX010809.MP4,145.3452,45.45454545454545,40.909090909090914,13.636363636363635,44
GX010809.MP4,145.7456,32.142857142857146,60.71428571428571,7.142857142857142,28
GX010809.MP4,146.14600000000002,84.375,9.375,6.25,32
GX010809.MP4,146.5464,84.61538461538461,7.6923076923076925,7.6923076923076925,26
GX010809.MP4,146.9468,80.95238095238095,19.047619047619047,0.0,21
GX010809.MP4,147.34720000000002,56.14035087719298,17.543859649122805,26.31578947368421,57
GX010809.MP4,147.7476,26.190476190476193,66.66666666666666,7.142857142857142,42
GX010809.MP4,148.148,78.68852459016394,11.475409836065573,9.836065573770492,61
GX010809.MP4,148.54840000000002,53.333333333333336,16.666666666666664,30.0,30
GX010809.MP4,148.9488,55.319148936170215,29.78723404255319,14.893617021276595,47
GX010809.MP4,149.3492,58.490566037735846,35.84905660377358,5.660377358490567,53
GX010809.MP4,149.74960000000002,70.45454545454545,25.0,4.545454545454546,44
GX010809.MP4,150.15,62.5,20.833333333333336,16.666666666666664,24
GX010809.MP4,150.5504,73.33333333333333,8.88888888888889,17.77777777777778,45
GX010809.MP4,150.95080000000002,86.27450980392157,9.803921568627452,3.9215686274509802,51
GX010809.MP4,151.3512,66.10169491525424,20.33898305084746,13.559322033898304,59
GX010809.MP4,151.7516,74.50980392156863,15.686274509803921,9.803921568627452,51
GX010809.MP4,152.15200000000002,75.0,11.666666666666666,13.333333333333334,60
GX010809.MP4,152.5524,71.15384615384616,7.6923076923076925,21.153846153846153,52
GX010809.MP4,152.9528,67.3913043478261,15.217391304347828,17.391304347826086,46
GX010809.MP4,153.35320000000002,78.37837837837837,2.7027027027027026,18.91891891891892,37
GX010809.MP4,153.7536,23.809523809523807,61.904761904761905,14.285714285714285,42
GX010809.MP4,154.154,50.0,42.857142857142854,7.142857142857142,28
GX010809.MP4,154.55440000000002,47.368421052631575,13.157894736842104,39.473684210526315,38
GX010809.MP4,154.9548,35.294117647058826,64.70588235294117,0.0,68
GX010809.MP4,155.3552,33.33333333333333,59.25925925925925,7.4074074074074066,27
GX010809.MP4,155.75560000000002,43.58974358974359,51.28205128205128,5.128205128205128,39
GX010809.MP4,156.156,0.0,100.0,0.0,10
GX010809.MP4,156.5564,22.448979591836736,75.51020408163265,2.0408163265306123,49
GX010809.MP4,156.95680000000002,62.06896551724138,10.344827586206897,27.586206896551722,29
GX010809.MP4,157.3572,37.5,25.0,37.5,24
GX010809.MP4,157.7576,63.1578947368421,2.631578947368421,34.21052631578947,38
GX010809.MP4,158.15800000000002,64.28571428571429,25.0,10.714285714285714,28
GX010809.MP4,158.5584,68.08510638297872,17.02127659574468,14.893617021276595,47
GX010809.MP4,158.9588,79.16666666666666,12.5,8.333333333333332,48
GX010809.MP4,159.35920000000002,59.42028985507246,34.78260869565217,5.797101449275362,69
GX010809.MP4,159.7596,32.0,64.0,4.0,25
GX010809.MP4,160.16,73.07692307692307,19.230769230769234,7.6923076923076925,26
GX010809.MP4,160.56040000000002,35.0,50.0,15.0,40
GX010809.MP4,160.9608,67.24137931034483,8.620689655172415,24.137931034482758,58
GX010809.MP4,161.3612,17.391304347826086,73.91304347826086,8.695652173913043,23
GX010809.MP4,161.76160000000002,43.18181818181818,2.272727272727273,54.54545454545454,44
GX010809.MP4,162.162,64.70588235294117,14.705882352941178,20.588235294117645,34
GX010809.MP4,162.5624,67.64705882352942,11.76470588235294,20.588235294117645,34
GX010809.MP4,162.96280000000002,75.92592592592592,7.4074074074074066,16.666666666666664,54
GX010809.MP4,163.3632,37.5,35.41666666666667,27.083333333333332,48
GX010809.MP4,163.7636,58.333333333333336,29.166666666666668,12.5,48
GX010809.MP4,164.16400000000002,36.36363636363637,45.45454545454545,18.181818181818183,22
GX010809.MP4,164.5644,46.15384615384615,43.58974358974359,10.256410256410255,39
GX010809.MP4,164.9648,57.14285714285714,28.57142857142857,14.285714285714285,49
GX010809.MP4,165.36520000000002,42.857142857142854,42.857142857142854,14.285714285714285,21
GX010809.MP4,165.7656,61.016949152542374,27.11864406779661,11.864406779661017,59
GX010809.MP4,166.166,57.35294117647059,27.941176470588236,14.705882352941178,68
GX010809.MP4,166.56640000000002,75.75757575757575,18.181818181818183,6.0606060606060606,33
GX010809.MP4,166.9668,59.183673469387756,8.16326530612245,32.6530612244898,49
GX010809.MP4,167.3672,38.095238095238095,52.38095238095239,9.523809523809524,42
GX010809.MP4,167.76760000000002,65.21739130434783,6.521739130434782,28.26086956521739,46
GX010809.MP4,168.168,9.523809523809524,85.71428571428571,4.761904761904762,42
GX010809.MP4,168.5684,71.21212121212122,16.666666666666664,12.121212121212121,66
GX010809.MP4,168.96880000000002,34.04255319148936,57.446808510638306,8.51063829787234,47
GX010809.MP4,169.3692,36.666666666666664,46.666666666666664,16.666666666666664,30
GX010809.MP4,169.7696,65.21739130434783,23.91304347826087,10.869565217391305,46
GX010809.MP4,170.17000000000002,65.71428571428571,22.857142857142858,11.428571428571429,35
GX010809.MP4,170.5704,37.5,18.75,43.75,32
GX010809.MP4,170.9708,70.0,10.0,20.0,20
GX010809.MP4,171.37120000000002,63.63636363636363,18.181818181818183,18.181818181818183,11
GX010809.MP4,171.7716,29.411764705882355,58.82352941176471,11.76470588235294,34
GX010809.MP4,172.172,63.33333333333333,0.0,36.666666666666664,30
GX010809.MP4,172.57240000000002,64.0,24.0,12.0,25
GX010809.MP4,172.9728,70.58823529411765,13.725490196078432,15.686274509803921,51
GX010809.MP4,173.3732,50.0,50.0,0.0,4
GX010809.MP4,173.77360000000002,48.148148148148145,25.925925925925924,25.925925925925924,27
GX010809.MP4,174.174,61.904761904761905,26.190476190476193,11.904761904761903,42
GX010809.MP4,174.5744,73.91304347826086,8.695652173913043,17.391304347826086,23
GX010809.MP4,174.97480000000002,64.70588235294117,17.647058823529413,17.647058823529413,34
GX010809.MP4,175.3752,67.74193548387096,4.838709677419355,27.419354838709676,62
GX010809.MP4,175.7756,50.0,38.46153846153847,11.538461538461538,26
GX010809.MP4,176.17600000000002,79.59183673469387,10.204081632653061,10.204081632653061,49
GX010809.MP4,176.5764,65.78947368421053,23.684210526315788,10.526315789473683,38
GX010809.MP4,176.9768,23.684210526315788,63.1578947368421,13.157894736842104,38
GX010809.MP4,177.37720000000002,75.43859649122807,15.789473684210526,8.771929824561402,57
GX010809.MP4,177.7776,73.97260273972603,23.28767123287671,2.73972602739726,73
GX010809.MP4,178.178,78.37837837837837,17.56756756756757,4.054054054054054,74
GX010809.MP4,178.57840000000002,74.13793103448276,17.24137931034483,8.620689655172415,58
GX010809.MP4,178.9788,72.41379310344827,18.96551724137931,8.620689655172415,58
GX010809.MP4,179.3792,71.05263157894737,26.31578947368421,2.631578947368421,76
GX010809.MP4,179.77960000000002,65.625,28.125,6.25,64
GX010809.MP4,180.18,7.8431372549019605,88.23529411764706,3.9215686274509802,51
GX010809.MP4,180.5804,61.64383561643836,24.65753424657534,13.698630136986301,73
GX010809.MP4,180.98080000000002,54.09836065573771,24.59016393442623,21.311475409836063,61
GX010809.MP4,181.3812,57.57575757575758,6.0606060606060606,36.36363636363637,66
GX010809.MP4,181.7816,71.42857142857143,19.047619047619047,9.523809523809524,63
GX010809.MP4,182.18200000000002,58.75,26.25,15.0,80
GX010809.MP4,182.5824,43.13725490196079,9.803921568627452,47.05882352941176,51
GX010809.MP4,182.9828,60.71428571428571,14.285714285714285,25.0,56
GX010809.MP4,183.38320000000002,77.77777777777779,16.666666666666664,5.555555555555555,54
GX010809.MP4,183.7836,51.02040816326531,18.367346938775512,30.612244897959183,49
GX010809.MP4,184.184,57.446808510638306,14.893617021276595,27.659574468085108,47
GX010809.MP4,184.58440000000002,75.40983606557377,13.114754098360656,11.475409836065573,61
GX010809.MP4,184.9848,70.49180327868852,13.114754098360656,16.39344262295082,61
GX010809.MP4,185.3852,54.761904761904766,33.33333333333333,11.904761904761903,42
GX010809.MP4,185.78560000000002,68.75,18.75,12.5,48
GX010809.MP4,186.186,72.0,20.0,8.0,50
GX010809.MP4,186.5864,71.05263157894737,23.684210526315788,5.263157894736842,38
GX010809.MP4,186.98680000000002,21.73913043478261,60.86956521739131,17.391304347826086,46
GX010809.MP4,187.3872,63.49206349206349,12.698412698412698,23.809523809523807,63
GX010809.MP4,187.7876,27.659574468085108,53.191489361702125,19.148936170212767,47
GX010809.MP4,188.18800000000002,22.807017543859647,64.91228070175438,12.280701754385964,57
GX010809.MP4,188.5884,77.77777777777779,13.88888888888889,8.333333333333332,36
GX010809.MP4,188.9888,69.11764705882352,13.23529411764706,17.647058823529413,68
GX010809.MP4,189.38920000000002,42.5,45.0,12.5,40
GX010809.MP4,189.7896,46.51162790697674,30.23255813953488,23.25581395348837,43
GX010809.MP4,190.19,64.51612903225806,16.129032258064516,19.35483870967742,31
GX010809.MP4,190.59040000000002,61.53846153846154,35.8974358974359,2.564102564102564,39
GX010809.MP4,190.9908,70.58823529411765,20.588235294117645,8.823529411764707,34
GX010809.MP4,191.3912,62.06896551724138,12.068965517241379,25.862068965517242,58
GX010809.MP4,191.79160000000002,53.84615384615385,38.46153846153847,7.6923076923076925,13
GX010809.MP4,192.192,70.83333333333334,12.5,16.666666666666664,24
GX010809.MP4,192.5924,20.0,67.5,12.5,40
GX010809.MP4,192.99280000000002,56.00000000000001,44.0,0.0,25
GX010809.MP4,193.3932,73.68421052631578,15.789473684210526,10.526315789473683,57
GX010809.MP4,193.7936,68.88888888888889,4.444444444444445,26.666666666666668,45
GX010809.MP4,194.19400000000002,69.76744186046511,11.627906976744185,18.6046511627907,43
GX010809.MP4,194.5944,66.66666666666666,33.33333333333333,0.0,9
GX010809.MP4,194.9948,52.54237288135594,28.8135593220339,18.64406779661017,59
GX010809.MP4,195.39520000000002,59.375,39.0625,1.5625,64
GX010809.MP4,195.7956,41.37931034482759,53.44827586206896,5.172413793103448,58
GX010809.MP4,196.196,44.44444444444444,27.77777777777778,27.77777777777778,36
GX010809.MP4,196.59640000000002,45.16129032258064,32.25806451612903,22.58064516129032,31
GX010809.MP4,196.9968,23.076923076923077,38.46153846153847,38.46153846153847,13
GX010809.MP4,197.3972,46.15384615384615,28.846153846153843,25.0,52
GX010809.MP4,197.79760000000002,65.38461538461539,23.076923076923077,11.538461538461538,52
GX010809.MP4,198.198,61.904761904761905,23.809523809523807,14.285714285714285,42
GX010809.MP4,198.5984,44.680851063829785,48.93617021276596,6.382978723404255,47
GX010809.MP4,198.99880000000002,34.84848484848485,45.45454545454545,19.696969696969695,66
GX010809.MP4,199.3992,47.27272727272727,45.45454545454545,7.2727272727272725,55
GX010809.MP4,199.7996,62.71186440677966,15.254237288135593,22.033898305084744,59
GX010809.MP4,200.20000000000002,17.391304347826086,65.21739130434783,17.391304347826086,46
GX010809.MP4,200.6004,32.142857142857146,50.0,17.857142857142858,56
GX010809.MP4,201.0008,68.33333333333333,16.666666666666664,15.0,60
GX010809.MP4,201.40120000000002,68.0,28.000000000000004,4.0,25
GX010809.MP4,201.8016,67.21311475409836,27.86885245901639,4.918032786885246,61
GX010809.MP4,202.202,44.44444444444444,20.37037037037037,35.18518518518518,54
GX010809.MP4,202.60240000000002,50.0,40.476190476190474,9.523809523809524,42
GX010809.MP4,203.0028,51.61290322580645,38.70967741935484,9.67741935483871,31
GX010809.MP4,203.4032,30.508474576271187,54.23728813559322,15.254237288135593,59
GX010809.MP4,203.80360000000002,26.0,66.0,8.0,50
GX010809.MP4,204.204,33.33333333333333,50.0,16.666666666666664,12
GX010809.MP4,204.6044,48.64864864864865,35.13513513513514,16.216216216216218,37
GX010809.MP4,205.00480000000002,43.90243902439025,26.82926829268293,29.268292682926827,41
GX010809.MP4,205.4052,71.42857142857143,26.53061224489796,2.0408163265306123,49
GX010809.MP4,205.8056,41.66666666666667,30.555555555555557,27.77777777777778,36
GX010809.MP4,206.20600000000002,67.5,7.5,25.0,40
GX010809.MP4,206.6064,70.73170731707317,12.195121951219512,17.073170731707318,41
GX010809.MP4,207.0068,47.27272727272727,43.63636363636363,9.090909090909092,55
GX010809.MP4,207.40720000000002,36.76470588235294,10.294117647058822,52.94117647058824,68
GX010809.MP4,207.8076,66.66666666666666,24.242424242424242,9.090909090909092,33
GX010809.MP4,208.208,71.42857142857143,25.71428571428571,2.857142857142857,35
GX010809.MP4,208.60840000000002,30.23255813953488,65.11627906976744,4.651162790697675,43
GX010809.MP4,209.0088,57.14285714285714,10.714285714285714,32.142857142857146,28
GX010809.MP4,209.4092,28.57142857142857,57.14285714285714,14.285714285714285,14
GX010809.MP4,209.80960000000002,73.33333333333333,5.0,21.666666666666668,60
GX010809.MP4,210.21,67.27272727272727,3.6363636363636362,29.09090909090909,55
GX010809.MP4,210.6104,40.0,20.0,40.0,20
GX010809.MP4,211.01080000000002,81.35593220338984,5.084745762711865,13.559322033898304,59
GX010809.MP4,211.4112,14.285714285714285,33.33333333333333,52.38095238095239,21
GX010809.MP4,211.8116,56.41025641025641,33.33333333333333,10.256410256410255,39
GX010809.MP4,212.21200000000002,68.75,14.583333333333334,16.666666666666664,48
GX010809.MP4,212.6124,67.3469387755102,10.204081632653061,22.448979591836736,49
GX010809.MP4,213.0128,65.11627906976744,23.25581395348837,11.627906976744185,43
GX010809.MP4,213.41320000000002,90.47619047619048,6.349206349206349,3.1746031746031744,63
GX010809.MP4,213.8136,53.84615384615385,46.15384615384615,0.0,26
GX010809.MP4,214.214,61.904761904761905,11.904761904761903,26.190476190476193,42
GX010809.MP4,214.61440000000002,60.71428571428571,3.571428571428571,35.714285714285715,56
GX010809.MP4,215.0148,31.11111111111111,57.77777777777777,11.11111111111111,45
GX010809.MP4,215.4152,52.5,12.5,35.0,40
GX010809.MP4,215.81560000000002,71.73913043478261,8.695652173913043,19.565217391304348,46
GX010809.MP4,216.216,60.0,20.0,20.0,35
GX010809.MP4,216.6164,69.23076923076923,11.538461538461538,19.230769230769234,26
GX010809.MP4,217.01680000000002,78.94736842105263,5.263157894736842,15.789473684210526,19
GX010809.MP4,217.4172,44.44444444444444,16.666666666666664,38.88888888888889,18
GX010809.MP4,217.8176,58.82352941176471,35.294117647058826,5.88235294117647,17
GX010809.MP4,218.21800000000002,12.5,83.33333333333334,4.166666666666666,48
GX010809.MP4,218.6184,51.06382978723404,2.127659574468085,46.808510638297875,47
GX010809.MP4,219.0188,64.28571428571429,7.142857142857142,28.57142857142857,14
GX010809.MP4,219.41920000000002,66.66666666666666,6.666666666666667,26.666666666666668,30
GX010809.MP4,219.8196,40.54054054054054,45.94594594594595,13.513513513513514,37
GX010809.MP4,220.22,68.96551724137932,3.4482758620689653,27.586206896551722,58
GX010809.MP4,220.62040000000002,58.620689655172406,6.896551724137931,34.48275862068966,29
GX010809.MP4,221.0208,44.0,24.0,32.0,25
GX010809.MP4,221.4212,75.0,3.8461538461538463,21.153846153846153,52
GX010809.MP4,221.82160000000002,90.0,6.666666666666667,3.3333333333333335,30
GX010809.MP4,222.222,69.6969696969697,27.27272727272727,3.0303030303030303,33
GX010809.MP4,222.6224,77.55102040816327,12.244897959183673,10.204081632653061,49
GX010809.MP4,223.02280000000002,28.57142857142857,42.857142857142854,28.57142857142857,14
GX010809.MP4,223.4232,82.8125,1.5625,15.625,64
GX010809.MP4,223.8236,63.41463414634146,14.634146341463413,21.951219512195124,41
GX010809.MP4,224.22400000000002,20.0,60.0,20.0,20
GX010809.MP4,224.6244,26.31578947368421,42.10526315789473,31.57894736842105,19
GX010809.MP4,225.0248,70.0,17.5,12.5,40
GX010809.MP4,225.42520000000002,20.0,40.0,40.0,35
GX010809.MP4,225.8256,65.21739130434783,26.08695652173913,8.695652173913043,23
GX010809.MP4,226.226,39.130434782608695,19.565217391304348,41.30434782608695,46
GX010809.MP4,226.62640000000002,56.25,14.583333333333334,29.166666666666668,48
GX010809.MP4,227.0268,55.10204081632652,20.408163265306122,24.489795918367346,49
GX010809.MP4,227.4272,79.16666666666666,12.5,8.333333333333332,24
GX010809.MP4,227.82760000000002,12.121212121212121,81.81818181818183,6.0606060606060606,33
GX010809.MP4,228.228,24.444444444444443,17.77777777777778,57.77777777777777,45
GX010809.MP4,228.6284,26.08695652173913,43.47826086956522,30.434782608695656,23
GX010809.MP4,229.02880000000002,90.47619047619048,4.761904761904762,4.761904761904762,21
GX010809.MP4,229.4292,44.44444444444444,25.925925925925924,29.629629629629626,27
GX010809.MP4,229.8296,33.33333333333333,52.083333333333336,14.583333333333334,48
GX010809.MP4,230.23000000000002,60.0,11.11111111111111,28.888888888888886,45
GX010809.MP4,230.6304,57.89473684210527,7.894736842105263,34.21052631578947,38
GX010809.MP4,231.0308,67.85714285714286,17.857142857142858,14.285714285714285,28
GX010809.MP4,231.43120000000002,29.03225806451613,35.483870967741936,35.483870967741936,31
GX010809.MP4,231.8316,79.41176470588235,5.88235294117647,14.705882352941178,34
GX010809.MP4,232.232,82.35294117647058,5.88235294117647,11.76470588235294,51
GX010809.MP4,232.63240000000002,87.71929824561403,8.771929824561402,3.508771929824561,57
GX010809.MP4,233.0328,49.01960784313725,17.647058823529413,33.33333333333333,51
GX010809.MP4,233.4332,73.07692307692307,9.615384615384617,17.307692307692307,52
GX010809.MP4,233.83360000000002,44.680851063829785,44.680851063829785,10.638297872340425,47
GX010809.MP4,234.234,61.111111111111114,33.33333333333333,5.555555555555555,36
GX010809.MP4,234.6344,25.0,12.5,62.5,24
GX010809.MP4,235.03480000000002,55.00000000000001,30.0,15.0,20
GX010809.MP4,235.4352,78.94736842105263,0.0,21.052631578947366,57
GX010809.MP4,235.8356,71.42857142857143,0.0,28.57142857142857,49
GX010809.MP4,236.23600000000002,64.86486486486487,8.108108108108109,27.027027027027028,37
GX010809.MP4,236.6364,17.857142857142858,75.0,7.142857142857142,28
GX010809.MP4,237.0368,47.61904761904761,23.809523809523807,28.57142857142857,21
GX010809.MP4,237.43720000000002,55.88235294117647,14.705882352941178,29.411764705882355,34
GX010809.MP4,237.8376,71.42857142857143,14.285714285714285,14.285714285714285,21
GX010809.MP4,238.238,60.0,40.0,0.0,25
GX010809.MP4,238.6384,62.5,12.5,25.0,24
GX010809.MP4,239.0388,26.41509433962264,71.69811320754717,1.8867924528301887,53
GX010809.MP4,239.4392,77.41935483870968,19.35483870967742,3.225806451612903,31
GX010809.MP4,239.8396,78.26086956521739,13.043478260869565,8.695652173913043,46
GX010809.MP4,240.24,11.11111111111111,72.22222222222221,16.666666666666664,18
GX010809.MP4,240.6404,76.0,12.0,12.0,50
GX010809.MP4,241.0408,55.88235294117647,35.294117647058826,8.823529411764707,34
GX010809.MP4,241.4412,60.86956521739131,15.217391304347828,23.91304347826087,46
GX010809.MP4,241.8416,77.77777777777779,16.666666666666664,5.555555555555555,18
GX010809.MP4,242.242,37.93103448275862,55.172413793103445,6.896551724137931,29
GX010809.MP4,242.6424,65.78947368421053,23.684210526315788,10.526315789473683,38
GX010809.MP4,243.0428,82.5,5.0,12.5,40
GX010809.MP4,243.4432,24.0,64.0,12.0,25
GX010809.MP4,243.8436,20.0,56.666666666666664,23.333333333333332,30
GX010809.MP4,244.244,59.57446808510638,10.638297872340425,29.78723404255319,47
GX010809.MP4,244.6444,79.41176470588235,2.941176470588235,17.647058823529413,34
GX010809.MP4,245.0448,75.0,10.714285714285714,14.285714285714285,28
GX010809.MP4,245.4452,85.71428571428571,9.523809523809524,4.761904761904762,21
GX010809.MP4,245.8456,86.11111111111111,5.555555555555555,8.333333333333332,36
GX010809.MP4,246.246,18.181818181818183,66.66666666666666,15.151515151515152,33
GX010809.MP4,246.6464,81.35593220338984,3.389830508474576,15.254237288135593,59
GX010809.MP4,247.0468,66.66666666666666,1.8518518518518516,31.48148148148148,54
GX010809.MP4,247.4472,61.111111111111114,19.444444444444446,19.444444444444446,36
GX010809.MP4,247.8476,65.9090909090909,11.363636363636363,22.727272727272727,44
GX010809.MP4,248.248,60.86956521739131,13.043478260869565,26.08695652173913,23
GX010809.MP4,248.6484,41.66666666666667,41.66666666666667,16.666666666666664,36
GX010809.MP4,249.0488,73.58490566037736,5.660377358490567,20.754716981132077,53
GX010809.MP4,249.4492,52.38095238095239,4.761904761904762,42.857142857142854,42
GX010809.MP4,249.8496,76.92307692307693,7.6923076923076925,15.384615384615385,52
GX010809.MP4,250.25,66.0377358490566,3.7735849056603774,30.18867924528302,53
GX010809.MP4,250.6504,70.45454545454545,11.363636363636363,18.181818181818183,44
GX010809.MP4,251.0508,68.33333333333333,5.0,26.666666666666668,60
GX010809.MP4,251.4512,80.0,6.666666666666667,13.333333333333334,60
GX010809.MP4,251.8516,76.47058823529412,5.88235294117647,17.647058823529413,34
GX010809.MP4,252.252,64.0625,15.625,20.3125,64
GX010809.MP4,252.6524,59.09090909090909,22.727272727272727,18.181818181818183,66
GX010809.MP4,253.0528,13.043478260869565,84.78260869565217,2.1739130434782608,46
GX010809.MP4,253.4532,13.953488372093023,81.3953488372093,4.651162790697675,43
GX010809.MP4,253.8536,17.391304347826086,71.73913043478261,10.869565217391305,46
GX010809.MP4,254.254,17.142857142857142,68.57142857142857,14.285714285714285,35
GX010809.MP4,254.6544,63.63636363636363,27.27272727272727,9.090909090909092,33
GX010809.MP4,255.0548,58.06451612903226,35.483870967741936,6.451612903225806,31
GX010809.MP4,255.4552,54.166666666666664,41.66666666666667,4.166666666666666,24
GX010809.MP4,255.8556,76.47058823529412,11.76470588235294,11.76470588235294,34
GX010809.MP4,256.25600000000003,28.57142857142857,35.714285714285715,35.714285714285715,28
GX010809.MP4,256.6564,55.88235294117647,35.294117647058826,8.823529411764707,34
GX010809.MP4,257.0568,80.85106382978722,14.893617021276595,4.25531914893617,47
GX010809.MP4,257.4572,81.81818181818183,0.0,18.181818181818183,11
GX010809.MP4,257.8576,42.42424242424242,30.303030303030305,27.27272727272727,33
GX010809.MP4,258.258,82.5,2.5,15.0,40
GX010809.MP4,258.65840000000003,63.04347826086957,4.3478260869565215,32.608695652173914,46
GX010809.MP4,259.0588,31.11111111111111,62.22222222222222,6.666666666666667,45
GX010809.MP4,259.4592,71.42857142857143,3.571428571428571,25.0,56
GX010809.MP4,259.8596,77.77777777777779,4.444444444444445,17.77777777777778,45
GX010809.MP4,260.26,52.94117647058824,14.705882352941178,32.35294117647059,34
GX010809.MP4,260.6604,14.285714285714285,64.28571428571429,21.428571428571427,28
GX010809.MP4,261.06080000000003,61.111111111111114,38.88888888888889,0.0,18
GX010809.MP4,261.4612,50.0,45.83333333333333,4.166666666666666,24
GX010809.MP4,261.8616,58.333333333333336,41.66666666666667,0.0,12
GX010809.MP4,262.262,66.66666666666666,22.22222222222222,11.11111111111111,27
GX010809.MP4,262.6624,47.368421052631575,52.63157894736842,0.0,19
GX010809.MP4,263.0628,38.46153846153847,30.76923076923077,30.76923076923077,39
GX010809.MP4,263.46320000000003,7.142857142857142,42.857142857142854,50.0,28
GX010809.MP4,263.8636,50.0,17.5,32.5,40
GX010809.MP4,264.264,47.61904761904761,21.428571428571427,30.952380952380953,42
GX010809.MP4,264.6644,52.0,20.0,28.000000000000004,25
GX010809.MP4,265.0648,77.27272727272727,18.181818181818183,4.545454545454546,22
GX010809.MP4,265.4652,28.57142857142857,66.66666666666666,4.761904761904762,42
GX010809.MP4,265.86560000000003,67.3076923076923,23.076923076923077,9.615384615384617,52
GX010809.MP4,266.266,77.14285714285715,14.285714285714285,8.571428571428571,35
GX010809.MP4,266.6664,84.84848484848484,9.090909090909092,6.0606060606060606,33
GX010809.MP4,267.0668,29.411764705882355,47.05882352941176,23.52941176470588,17
GX010809.MP4,267.4672,62.71186440677966,11.864406779661017,25.423728813559322,59
GX010809.MP4,267.8676,56.36363636363636,21.818181818181817,21.818181818181817,55
GX010809.MP4,268.26800000000003,56.41025641025641,20.51282051282051,23.076923076923077,39
GX010809.MP4,268.6684,32.25806451612903,35.483870967741936,32.25806451612903,31
GX010809.MP4,269.0688,39.02439024390244,21.951219512195124,39.02439024390244,41
GX010809.MP4,269.4692,40.909090909090914,31.818181818181817,27.27272727272727,44
GX010809.MP4,269.8696,53.333333333333336,15.555555555555555,31.11111111111111,45
GX010809.MP4,270.27,47.82608695652174,17.391304347826086,34.78260869565217,46
GX010809.MP4,270.67040000000003,20.930232558139537,72.09302325581395,6.976744186046512,43
GX010809.MP4,271.0708,8.695652173913043,69.56521739130434,21.73913043478261,46
GX010809.MP4,271.4712,79.06976744186046,20.930232558139537,0.0,43
GX010809.MP4,271.8716,57.14285714285714,35.714285714285715,7.142857142857142,14
GX010809.MP4,272.272,40.476190476190474,30.952380952380953,28.57142857142857,42
GX010809.MP4,272.6724,58.333333333333336,20.833333333333336,20.833333333333336,48
GX010809.MP4,273.07280000000003,78.57142857142857,19.047619047619047,2.380952380952381,42
GX010809.MP4,273.4732,47.368421052631575,47.368421052631575,5.263157894736842,19
GX010809.MP4,273.8736,57.14285714285714,42.857142857142854,0.0,21
GX010809.MP4,274.274,0.0,100.0,0.0,3
GX010809.MP4,274.6744,73.46938775510205,16.3265306122449,10.204081632653061,49
GX010809.MP4,275.0748,47.82608695652174,26.08695652173913,26.08695652173913,46
GX010809.MP4,275.47520000000003,47.61904761904761,19.047619047619047,33.33333333333333,42
GX010809.MP4,275.8756,6.666666666666667,93.33333333333333,0.0,15
GX010809.MP4,276.276,30.76923076923077,42.30769230769231,26.923076923076923,26
GX010809.MP4,276.6764,17.5,67.5,15.0,40
GX010809.MP4,277.0768,22.22222222222222,59.25925925925925,18.51851851851852,27
GX010809.MP4,277.4772,36.36363636363637,50.0,13.636363636363635,22
GX010809.MP4,277.87760000000003,40.909090909090914,59.09090909090909,0.0,22
GX010809.MP4,278.278,22.58064516129032,70.96774193548387,6.451612903225806,31
GX010809.MP4,278.6784,64.28571428571429,21.428571428571427,14.285714285714285,14
GX010809.MP4,279.0788,60.0,30.0,10.0,20
GX010809.MP4,279.4792,50.0,20.0,30.0,10
GX010809.MP4,279.8796,68.0,16.0,16.0,50
GX010809.MP4,280.28000000000003,55.55555555555556,44.44444444444444,0.0,9
GX010809.MP4,280.6804,44.44444444444444,48.148148148148145,7.4074074074074066,27
GX010809.MP4,281.0808,40.0,40.0,20.0,25
GX010809.MP4,281.4812,13.333333333333334,66.66666666666666,20.0,15
GX010809.MP4,281.8816,50.0,43.75,6.25,16
GX010809.MP4,282.282,77.77777777777779,22.22222222222222,0.0,9
GX010809.MP4,282.68240000000003,40.0,60.0,0.0,5
GX010809.MP4,283.0828,16.129032258064516,83.87096774193549,0.0,31
GX010809.MP4,283.4832,69.23076923076923,23.076923076923077,7.6923076923076925,13
GX010809.MP4,283.8836,22.727272727272727,72.72727272727273,4.545454545454546,22
GX010809.MP4,284.284,22.58064516129032,77.41935483870968,0.0,31
GX010809.MP4,284.6844,22.916666666666664,62.5,14.583333333333334,48
GX010809.MP4,285.08480000000003,40.0,20.0,40.0,45
GX010809.MP4,285.4852,30.76923076923077,15.384615384615385,53.84615384615385,39
GX010809.MP4,285.8856,46.42857142857143,23.214285714285715,30.357142857142854,56
GX010809.MP4,286.286,50.0,41.66666666666667,8.333333333333332,24
GX010809.MP4,286.6864,75.86206896551724,17.24137931034483,6.896551724137931,29
GX010809.MP4,287.0868,53.333333333333336,40.0,6.666666666666667,15
GX010809.MP4,287.48720000000003,15.555555555555555,77.77777777777779,6.666666666666667,45
GX010809.MP4,287.8876,32.55813953488372,25.581395348837212,41.86046511627907,43
GX010809.MP4,288.288,48.888888888888886,20.0,31.11111111111111,45
GX010809.MP4,288.6884,23.809523809523807,28.57142857142857,47.61904761904761,21
GX010809.MP4,289.0888,50.0,27.77777777777778,22.22222222222222,36
GX010809.MP4,289.4892,45.83333333333333,12.5,41.66666666666667,24
GX010809.MP4,289.88960000000003,42.30769230769231,11.538461538461538,46.15384615384615,26
GX010809.MP4,290.29,15.384615384615385,80.76923076923077,3.8461538461538463,26
GX010809.MP4,290.6904,30.76923076923077,12.82051282051282,56.41025641025641,39
GX010809.MP4,291.0908,15.0,55.00000000000001,30.0,20
GX010809.MP4,291.4912,14.285714285714285,33.33333333333333,52.38095238095239,21
GX010809.MP4,291.8916,9.090909090909092,72.72727272727273,18.181818181818183,11
GX010809.MP4,292.29200000000003,41.935483870967744,35.483870967741936,22.58064516129032,31
GX010809.MP4,292.6924,61.111111111111114,27.77777777777778,11.11111111111111,18
GX010809.MP4,293.0928,28.888888888888886,60.0,11.11111111111111,45
GX010809.MP4,293.4932,26.47058823529412,64.70588235294117,8.823529411764707,34
GX010809.MP4,293.8936,19.444444444444446,61.111111111111114,19.444444444444446,36
GX010809.MP4,294.294,33.33333333333333,54.761904761904766,11.904761904761903,42
GX010809.MP4,294.69440000000003,57.14285714285714,37.142857142857146,5.714285714285714,35
GX010809.MP4,295.0948,60.0,14.285714285714285,25.71428571428571,35
GX010809.MP4,295.4952,14.285714285714285,77.14285714285715,8.571428571428571,35
GX010809.MP4,295.8956,51.11111111111111,31.11111111111111,17.77777777777778,45
GX010809.MP4,296.296,7.6923076923076925,65.38461538461539,26.923076923076923,26
GX010809.MP4,296.6964,61.36363636363637,4.545454545454546,34.090909090909086,44
GX010809.MP4,297.09680000000003,20.0,70.0,10.0,10
GX010809.MP4,297.4972,52.459016393442624,27.86885245901639,19.672131147540984,61
GX010809.MP4,297.8976,10.869565217391305,86.95652173913044,2.1739130434782608,46
GX010809.MP4,298.298,61.36363636363637,22.727272727272727,15.909090909090908,44
GX010809.MP4,298.6984,37.2093023255814,32.55813953488372,30.23255813953488,43
GX010809.MP4,299.0988,40.42553191489361,42.5531914893617,17.02127659574468,47
GX010809.MP4,299.49920000000003,37.93103448275862,34.48275862068966,27.586206896551722,29
GX010809.MP4,299.8996,36.666666666666664,50.0,13.333333333333334,30
GX010809.MP4,300.3,19.148936170212767,68.08510638297872,12.76595744680851,47
GX010809.MP4,300.7004,73.01587301587301,20.634920634920633,6.349206349206349,63
GX010809.MP4,301.1008,22.22222222222222,48.148148148148145,29.629629629629626,27
GX010809.MP4,301.5012,43.75,31.25,25.0,16
GX010809.MP4,301.90160000000003,50.0,25.0,25.0,44
GX010809.MP4,302.302,50.0,26.923076923076923,23.076923076923077,52
GX010809.MP4,302.7024,21.62162162162162,64.86486486486487,13.513513513513514,37
GX010809.MP4,303.1028,27.27272727272727,72.72727272727273,0.0,11
GX010809.MP4,303.5032,20.0,80.0,0.0,5
GX010809.MP4,303.9036,8.333333333333332,37.5,54.166666666666664,24
GX010809.MP4,304.30400000000003,0.0,42.857142857142854,57.14285714285714,7
GX010809.MP4,304.7044,50.0,20.0,30.0,20
GX010809.MP4,305.1048,16.666666666666664,70.83333333333334,12.5,24
GX010809.MP4,305.5052,40.0,36.0,24.0,25
GX010809.MP4,305.9056,20.689655172413794,75.86206896551724,3.4482758620689653,29
GX010809.MP4,306.306,20.0,62.857142857142854,17.142857142857142,35
GX010809.MP4,306.70640000000003,65.51724137931035,20.689655172413794,13.793103448275861,29
GX010809.MP4,307.1068,56.81818181818182,18.181818181818183,25.0,44
GX010809.MP4,307.5072,60.71428571428571,28.57142857142857,10.714285714285714,28
GX010809.MP4,307.9076,51.35135135135135,40.54054054054054,8.108108108108109,37
GX010809.MP4,308.308,36.11111111111111,19.444444444444446,44.44444444444444,36
GX010809.MP4,308.7084,55.55555555555556,20.0,24.444444444444443,45
GX010809.MP4,309.10880000000003,45.83333333333333,39.58333333333333,14.583333333333334,48
GX010809.MP4,309.5092,56.41025641025641,23.076923076923077,20.51282051282051,39
GX010809.MP4,309.9096,20.588235294117645,70.58823529411765,8.823529411764707,34
GX010809.MP4,310.31,33.33333333333333,20.833333333333336,45.83333333333333,48
GX010809.MP4,310.7104,42.857142857142854,33.33333333333333,23.809523809523807,42
GX010809.MP4,311.1108,33.33333333333333,41.66666666666667,25.0,12
GX010809.MP4,311.51120000000003,28.57142857142857,19.047619047619047,52.38095238095239,21
GX010809.MP4,311.9116,43.75,28.125,28.125,32
GX010809.MP4,312.312,44.0,24.0,32.0,50
GX010809.MP4,312.7124,30.434782608695656,26.08695652173913,43.47826086956522,23
GX010809.MP4,313.1128,20.930232558139537,65.11627906976744,13.953488372093023,43
GX010809.MP4,313.5132,44.44444444444444,13.333333333333334,42.22222222222222,45
GX010809.MP4,313.91360000000003,48.57142857142857,25.71428571428571,25.71428571428571,35
GX010809.MP4,314.314,45.45454545454545,27.27272727272727,27.27272727272727,33
GX010809.MP4,314.7144,62.745098039215684,9.803921568627452,27.450980392156865,51
GX010809.MP4,315.1148,57.77777777777777,13.333333333333334,28.888888888888886,45
GX010809.MP4,315.5152,56.666666666666664,40.0,3.3333333333333335,30
GX010809.MP4,315.9156,42.10526315789473,52.63157894736842,5.263157894736842,19
GX010809.MP4,316.31600000000003,54.90196078431373,19.607843137254903,25.49019607843137,51
GX010809.MP4,316.7164,68.0,22.0,10.0,50
GX010809.MP4,317.1168,54.83870967741935,19.35483870967742,25.806451612903224,31
GX010809.MP4,317.5172,54.23728813559322,18.64406779661017,27.11864406779661,59
GX010809.MP4,317.9176,41.02564102564102,46.15384615384615,12.82051282051282,39
GX010809.MP4,318.318,42.10526315789473,36.84210526315789,21.052631578947366,38
GX010809.MP4,318.71840000000003,53.65853658536586,21.951219512195124,24.390243902439025,41
GX010809.MP4,319.1188,22.58064516129032,67.74193548387096,9.67741935483871,31
GX010809.MP4,319.5192,23.91304347826087,21.73913043478261,54.347826086956516,46
GX010809.MP4,319.9196,12.82051282051282,82.05128205128204,5.128205128205128,39
GX010809.MP4,320.32,7.142857142857142,16.666666666666664,76.19047619047619,42
GX010809.MP4,320.7204,5.263157894736842,63.1578947368421,31.57894736842105,38
GX010809.MP4,321.12080000000003,60.86956521739131,34.78260869565217,4.3478260869565215,23
GX010809.MP4,321.5212,54.54545454545454,40.909090909090914,4.545454545454546,22
GX010809.MP4,321.9216,41.81818181818181,25.454545454545453,32.72727272727273,55
GX010809.MP4,322.322,23.809523809523807,47.61904761904761,28.57142857142857,21
GX010809.MP4,322.7224,17.391304347826086,56.52173913043478,26.08695652173913,23
GX010809.MP4,323.1228,22.22222222222222,77.77777777777779,0.0,45
GX010809.MP4,323.52320000000003,36.666666666666664,50.0,13.333333333333334,60
GX010809.MP4,323.9236,38.775510204081634,44.89795918367347,16.3265306122449,49
GX010809.MP4,324.324,42.5531914893617,38.297872340425535,19.148936170212767,47
GX010809.MP4,324.7244,35.483870967741936,61.29032258064516,3.225806451612903,31
GX010809.MP4,325.1248,39.02439024390244,46.34146341463415,14.634146341463413,41
GX010809.MP4,325.5252,44.44444444444444,33.33333333333333,22.22222222222222,45
GX010809.MP4,325.92560000000003,39.6551724137931,25.862068965517242,34.48275862068966,58
GX010809.MP4,326.326,46.666666666666664,33.33333333333333,20.0,15
GX010809.MP4,326.7264,11.428571428571429,77.14285714285715,11.428571428571429,35
GX010809.MP4,327.1268,44.0,26.0,30.0,50
GX010809.MP4,327.5272,13.333333333333334,43.333333333333336,43.333333333333336,30
GX010809.MP4,327.9276,29.03225806451613,32.25806451612903,38.70967741935484,31
GX010809.MP4,328.32800000000003,28.205128205128204,41.02564102564102,30.76923076923077,39
GX010809.MP4,328.7284,44.0,22.0,34.0,50
GX010809.MP4,329.1288,18.181818181818183,36.36363636363637,45.45454545454545,22
GX010809.MP4,329.5292,65.21739130434783,13.043478260869565,21.73913043478261,23
GX010809.MP4,329.9296,10.714285714285714,82.14285714285714,7.142857142857142,28
GX010809.MP4,330.33,33.33333333333333,21.21212121212121,45.45454545454545,33
GX010809.MP4,330.73040000000003,25.806451612903224,67.74193548387096,6.451612903225806,31
GX010809.MP4,331.1308,40.0,45.0,15.0,40
GX010809.MP4,331.5312,46.34146341463415,34.146341463414636,19.51219512195122,41
GX010809.MP4,331.9316,36.58536585365854,39.02439024390244,24.390243902439025,41
GX010809.MP4,332.332,35.483870967741936,61.29032258064516,3.225806451612903,31
GX010809.MP4,332.7324,36.36363636363637,57.57575757575758,6.0606060606060606,33
GX010809.MP4,333.13280000000003,45.94594594594595,29.72972972972973,24.324324324324326,37
GX010809.MP4,333.5332,46.34146341463415,26.82926829268293,26.82926829268293,41
GX010809.MP4,333.9336,37.5,42.5,20.0,40
GX010809.MP4,334.334,31.57894736842105,39.473684210526315,28.947368421052634,38
GX010809.MP4,334.7344,36.58536585365854,41.46341463414634,21.951219512195124,41
GX010809.MP4,335.1348,52.17391304347826,23.91304347826087,23.91304347826087,46
GX010809.MP4,335.53520000000003,40.816326530612244,26.53061224489796,32.6530612244898,49
GX010809.MP4,335.9356,47.82608695652174,28.26086956521739,23.91304347826087,46
GX010809.MP4,336.336,0.0,100.0,0.0,34
GX010809.MP4,336.7364,47.72727272727273,20.454545454545457,31.818181818181817,44
GX010809.MP4,337.1368,55.00000000000001,20.0,25.0,40
GX010809.MP4,337.5372,48.78048780487805,29.268292682926827,21.951219512195124,41
GX010809.MP4,337.93760000000003,45.23809523809524,35.714285714285715,19.047619047619047,42
GX010809.MP4,338.338,39.53488372093023,37.2093023255814,23.25581395348837,43
GX010809.MP4,338.7384,35.714285714285715,45.23809523809524,19.047619047619047,42
GX010809.MP4,339.1388,38.297872340425535,25.53191489361702,36.17021276595745,47
GX010809.MP4,339.5392,29.629629629629626,14.814814814814813,55.55555555555556,27
GX010809.MP4,339.9396,9.523809523809524,80.95238095238095,9.523809523809524,21
GX010809.MP4,340.34000000000003,50.0,31.818181818181817,18.181818181818183,22
GX010809.MP4,340.7404,60.0,36.666666666666664,3.3333333333333335,30
GX010809.MP4,341.1408,80.95238095238095,19.047619047619047,0.0,42
GX010809.MP4,341.5412,16.0,80.0,4.0,25
GX010809.MP4,341.9416,67.74193548387096,22.58064516129032,9.67741935483871,62
GX010809.MP4,342.342,32.35294117647059,41.17647058823529,26.47058823529412,34
GX010809.MP4,342.74240000000003,45.94594594594595,43.24324324324324,10.81081081081081,37
GX010809.MP4,343.1428,0.0,100.0,0.0,42
GX010809.MP4,343.5432,50.0,43.75,6.25,32
GX010809.MP4,343.9436,58.97435897435898,28.205128205128204,12.82051282051282,39
GX010809.MP4,344.344,54.90196078431373,33.33333333333333,11.76470588235294,51
GX010809.MP4,344.7444,52.0,36.0,12.0,50
GX010809.MP4,345.14480000000003,23.636363636363637,67.27272727272727,9.090909090909092,55
GX010809.MP4,345.5452,21.311475409836063,62.295081967213115,16.39344262295082,61
GX010809.MP4,345.9456,6.451612903225806,83.87096774193549,9.67741935483871,31
GX010809.MP4,346.346,41.02564102564102,33.33333333333333,25.64102564102564,39
GX010809.MP4,346.7464,56.52173913043478,26.08695652173913,17.391304347826086,46
GX010809.MP4,347.1468,68.29268292682927,12.195121951219512,19.51219512195122,41
GX010809.MP4,347.54720000000003,30.23255813953488,67.44186046511628,2.3255813953488373,43
GX010809.MP4,347.9476,34.285714285714285,54.285714285714285,11.428571428571429,35
GX010809.MP4,348.348,16.666666666666664,50.0,33.33333333333333,36
GX010809.MP4,348.7484,48.57142857142857,37.142857142857146,14.285714285714285,35
GX010809.MP4,349.1488,52.5,22.5,25.0,40
GX010809.MP4,349.5492,62.7906976744186,20.930232558139537,16.27906976744186,43
GX010809.MP4,349.94960000000003,65.78947368421053,26.31578947368421,7.894736842105263,38
GX010809.MP4,350.35,67.64705882352942,29.411764705882355,2.941176470588235,34
GX010809.MP4,350.7504,46.42857142857143,25.0,28.57142857142857,28
GX010809.MP4,351.1508,7.6923076923076925,84.61538461538461,7.6923076923076925,26
GX010809.MP4,351.5512,63.41463414634146,21.951219512195124,14.634146341463413,41
GX010809.MP4,351.9516,6.666666666666667,80.0,13.333333333333334,30
GX010809.MP4,352.35200000000003,15.625,71.875,12.5,32
GX010809.MP4,352.7524,73.07692307692307,26.923076923076923,0.0,52
GX010809.MP4,353.1528,61.36363636363637,25.0,13.636363636363635,44
GX010809.MP4,353.5532,29.629629629629626,70.37037037037037,0.0,27
GX010809.MP4,353.9536,40.0,45.0,15.0,20
GX010809.MP4,354.354,42.30769230769231,57.692307692307686,0.0,26
GX010809.MP4,354.75440000000003,61.904761904761905,33.33333333333333,4.761904761904762,21
GX010809.MP4,355.1548,66.66666666666666,29.629629629629626,3.7037037037037033,27
GX010809.MP4,355.5552,57.407407407407405,11.11111111111111,31.48148148148148,54
GX010809.MP4,355.9556,40.909090909090914,36.36363636363637,22.727272727272727,22
GX010809.MP4,356.356,40.0,27.500000000000004,32.5,40
GX010809.MP4,356.7564,32.142857142857146,32.142857142857146,35.714285714285715,28
GX010809.MP4,357.15680000000003,57.407407407407405,22.22222222222222,20.37037037037037,54
GX010809.MP4,357.5572,48.148148148148145,33.33333333333333,18.51851851851852,54
GX010809.MP4,357.9576,33.33333333333333,36.36363636363637,30.303030303030305,33
GX010809.MP4,358.358,25.71428571428571,31.428571428571427,42.857142857142854,35
GX010809.MP4,358.7584,5.88235294117647,88.23529411764706,5.88235294117647,17
GX010809.MP4,359.1588,42.857142857142854,42.857142857142854,14.285714285714285,42
GX010809.MP4,359.55920000000003,34.48275862068966,27.586206896551722,37.93103448275862,29
GX010809.MP4,359.9596,18.75,50.0,31.25,16
GX010809.MP4,360.36,11.11111111111111,22.22222222222222,66.66666666666666,18
GX010809.MP4,360.7604,40.0,20.0,40.0,40
GX010809.MP4,361.1608,35.714285714285715,21.428571428571427,42.857142857142854,14
GX010809.MP4,361.5612,53.191489361702125,21.27659574468085,25.53191489361702,47
GX010809.MP4,361.96160000000003,30.555555555555557,44.44444444444444,25.0,36
GX010809.MP4,362.362,30.0,0.0,70.0,10
GX010809.MP4,362.7624,41.66666666666667,50.0,8.333333333333332,24
GX010809.MP4,363.1628,27.27272727272727,45.45454545454545,27.27272727272727,22
GX010809.MP4,363.5632,35.0,45.0,20.0,20
GX010809.MP4,363.9636,48.57142857142857,34.285714285714285,17.142857142857142,35
GX010809.MP4,364.36400000000003,25.925925925925924,55.55555555555556,18.51851851851852,27
GX010809.MP4,364.7644,42.857142857142854,23.809523809523807,33.33333333333333,21
GX010809.MP4,365.1648,39.473684210526315,28.947368421052634,31.57894736842105,38
GX010809.MP4,365.5652,56.666666666666664,23.333333333333332,20.0,30
GX010809.MP4,365.9656,48.0,28.000000000000004,24.0,25
GX010809.MP4,366.366,70.73170731707317,12.195121951219512,17.073170731707318,41
GX010809.MP4,366.76640000000003,71.73913043478261,13.043478260869565,15.217391304347828,46
GX010809.MP4,367.1668,38.46153846153847,30.76923076923077,30.76923076923077,39
GX010809.MP4,367.5672,42.5531914893617,29.78723404255319,27.659574468085108,47
GX010809.MP4,367.9676,50.943396226415096,28.30188679245283,20.754716981132077,53
GX010809.MP4,368.368,63.26530612244898,20.408163265306122,16.3265306122449,49
GX010809.MP4,368.7684,69.76744186046511,16.27906976744186,13.953488372093023,43
GX010809.MP4,369.16880000000003,73.91304347826086,19.565217391304348,6.521739130434782,46
GX010809.MP4,369.5692,73.46938775510205,20.408163265306122,6.122448979591836,49
GX010809.MP4,369.9696,51.162790697674424,23.25581395348837,25.581395348837212,43
GX010809.MP4,370.37,50.0,25.0,25.0,36
GX010809.MP4,370.7704,52.5,30.0,17.5,40
GX010809.MP4,371.1708,47.61904761904761,30.952380952380953,21.428571428571427,42
GX010809.MP4,371.57120000000003,56.41025641025641,23.076923076923077,20.51282051282051,39
GX010809.MP4,371.9716,46.34146341463415,34.146341463414636,19.51219512195122,41
GX010809.MP4,372.372,52.77777777777778,36.11111111111111,11.11111111111111,36
GX010809.MP4,372.7724,35.714285714285715,28.57142857142857,35.714285714285715,42
GX010809.MP4,373.1728,40.625,28.125,31.25,32
GX010809.MP4,373.5732,41.66666666666667,38.88888888888889,19.444444444444446,36
GX010809.MP4,373.97360000000003,38.46153846153847,28.205128205128204,33.33333333333333,39
GX010809.MP4,374.374,20.0,45.714285714285715,34.285714285714285,35
GX010809.MP4,374.7744,38.88888888888889,27.77777777777778,33.33333333333333,36
GX010809.MP4,375.1748,29.411764705882355,26.47058823529412,44.11764705882353,34
GX010809.MP4,375.5752,31.818181818181817,20.454545454545457,47.72727272727273,44
GX010809.MP4,375.9756,56.25,31.25,12.5,32
GX010809.MP4,376.37600000000003,20.0,76.0,4.0,25
GX010809.MP4,376.7764,46.0,26.0,28.000000000000004,50
GX010809.MP4,377.1768,46.0,20.0,34.0,50
GX010809.MP4,377.5772,19.444444444444446,72.22222222222221,8.333333333333332,36
GX010809.MP4,377.9776,21.428571428571427,67.85714285714286,10.714285714285714,28
GX010809.MP4,378.378,45.45454545454545,50.0,4.545454545454546,22
GX010809.MP4,378.77840000000003,56.09756097560976,17.073170731707318,26.82926829268293,41
GX010809.MP4,379.1788,53.06122448979592,12.244897959183673,34.69387755102041,49
GX010809.MP4,379.5792,52.5,20.0,27.500000000000004,40
GX010809.MP4,379.9796,64.70588235294117,17.647058823529413,17.647058823529413,34
GX010809.MP4,380.38,48.57142857142857,22.857142857142858,28.57142857142857,35
GX010809.MP4,380.7804,54.83870967741935,16.129032258064516,29.03225806451613,31
GX010809.MP4,381.18080000000003,36.36363636363637,27.27272727272727,36.36363636363637,22
GX010809.MP4,381.5812,17.94871794871795,33.33333333333333,48.717948717948715,39
GX010809.MP4,381.9816,51.42857142857142,22.857142857142858,25.71428571428571,35
GX010809.MP4,382.382,55.26315789473685,23.684210526315788,21.052631578947366,38
GX010809.MP4,382.7824,36.84210526315789,34.21052631578947,28.947368421052634,38
GX010809.MP4,383.1828,60.60606060606061,21.21212121212121,18.181818181818183,33
GX010809.MP4,383.58320000000003,47.5,25.0,27.500000000000004,40
GX010809.MP4,383.9836,43.24324324324324,51.35135135135135,5.405405405405405,37
GX010809.MP4,384.384,34.48275862068966,48.275862068965516,17.24137931034483,29
GX010809.MP4,384.7844,42.857142857142854,45.714285714285715,11.428571428571429,35
GX010809.MP4,385.1848,52.63157894736842,31.57894736842105,15.789473684210526,38
GX010809.MP4,385.5852,43.18181818181818,40.909090909090914,15.909090909090908,44
GX010809.MP4,385.98560000000003,16.129032258064516,67.74193548387096,16.129032258064516,31
GX010809.MP4,386.386,43.24324324324324,43.24324324324324,13.513513513513514,37
GX010809.MP4,386.7864,40.0,34.0,26.0,50
GX010809.MP4,387.1868,51.06382978723404,31.914893617021278,17.02127659574468,47
GX010809.MP4,387.5872,59.09090909090909,18.181818181818183,22.727272727272727,44
GX010809.MP4,387.9876,61.702127659574465,23.404255319148938,14.893617021276595,47
GX010809.MP4,388.38800000000003,58.333333333333336,29.166666666666668,12.5,48
GX010809.MP4,388.7884,68.0,22.0,10.0,50
GX010809.MP4,389.1888,54.54545454545454,31.818181818181817,13.636363636363635,44
GX010809.MP4,389.5892,36.206896551724135,48.275862068965516,15.517241379310345,58
GX010809.MP4,389.9896,45.09803921568628,45.09803921568628,9.803921568627452,51
GX010809.MP4,390.39,45.28301886792453,30.18867924528302,24.528301886792452,53
GX010809.MP4,390.79040000000003,40.38461538461539,28.846153846153843,30.76923076923077,52
GX010809.MP4,391.1908,27.659574468085108,40.42553191489361,31.914893617021278,47
GX010809.MP4,391.5912,40.0,36.36363636363637,23.636363636363637,55
GX010809.MP4,391.9916,33.9622641509434,24.528301886792452,41.509433962264154,53
GX010809.MP4,392.392,61.702127659574465,25.53191489361702,12.76595744680851,47
GX010809.MP4,392.7924,55.88235294117647,35.294117647058826,8.823529411764707,34
GX010809.MP4,393.19280000000003,46.666666666666664,46.666666666666664,6.666666666666667,30
GX010809.MP4,393.5932,16.071428571428573,71.42857142857143,12.5,56
GX010809.MP4,393.9936,43.859649122807014,28.07017543859649,28.07017543859649,57
GX010809.MP4,394.394,28.125,28.125,43.75,32
GX010809.MP4,394.7944,50.0,40.909090909090914,9.090909090909092,44
GX010809.MP4,395.1948,67.56756756756756,24.324324324324326,8.108108108108109,37
GX010809.MP4,395.59520000000003,44.44444444444444,40.74074074074074,14.814814814814813,27
GX010809.MP4,395.9956,53.333333333333336,44.44444444444444,2.2222222222222223,45
GX010809.MP4,396.396,48.484848484848484,45.45454545454545,6.0606060606060606,33
GX010809.MP4,396.7964,52.94117647058824,29.411764705882355,17.647058823529413,34
GX010809.MP4,397.1968,30.303030303030305,54.54545454545454,15.151515151515152,33
GX010809.MP4,397.5972,15.384615384615385,84.61538461538461,0.0,26
GX010809.MP4,397.99760000000003,23.214285714285715,55.35714285714286,21.428571428571427,56
GX010809.MP4,398.398,48.78048780487805,31.70731707317073,19.51219512195122,41
GX010809.MP4,398.7984,39.285714285714285,25.0,35.714285714285715,56
GX010809.MP4,399.1988,50.98039215686274,29.411764705882355,19.607843137254903,51
GX010809.MP4,399.5992,46.51162790697674,39.53488372093023,13.953488372093023,43
GX010809.MP4,399.9996,12.82051282051282,69.23076923076923,17.94871794871795,39
GX010809.MP4,400.40000000000003,40.0,40.0,20.0,30
GX010809.MP4,400.8004,31.25,50.0,18.75,32
GX010809.MP4,401.2008,37.5,35.0,27.500000000000004,40
GX010809.MP4,401.6012,59.523809523809526,30.952380952380953,9.523809523809524,42
GX010809.MP4,402.0016,40.0,45.0,15.0,40
GX010809.MP4,402.402,44.73684210526316,36.84210526315789,18.421052631578945,38
GX010809.MP4,402.80240000000003,27.27272727272727,72.72727272727273,0.0,22
GX010809.MP4,403.2028,49.122807017543856,24.561403508771928,26.31578947368421,57
GX010809.MP4,403.6032,49.056603773584904,18.867924528301888,32.075471698113205,53
GX010809.MP4,404.0036,41.66666666666667,41.66666666666667,16.666666666666664,36
GX010809.MP4,404.404,11.428571428571429,74.28571428571429,14.285714285714285,35
GX010809.MP4,404.8044,54.54545454545454,36.36363636363637,9.090909090909092,11
GX010809.MP4,405.20480000000003,51.78571428571429,33.92857142857143,14.285714285714285,56
GX010809.MP4,405.6052,58.139534883720934,18.6046511627907,23.25581395348837,43
GX010809.MP4,406.0056,44.44444444444444,24.444444444444443,31.11111111111111,45
GX010809.MP4,406.406,39.473684210526315,26.31578947368421,34.21052631578947,38
GX010809.MP4,406.8064,47.5,42.5,10.0,40
GX010809.MP4,407.2068,56.52173913043478,30.434782608695656,13.043478260869565,46
GX010809.MP4,407.60720000000003,42.857142857142854,47.61904761904761,9.523809523809524,42
GX010809.MP4,408.0076,46.34146341463415,48.78048780487805,4.878048780487805,41
GX010809.MP4,408.408,47.22222222222222,47.22222222222222,5.555555555555555,36
GX010809.MP4,408.8084,47.368421052631575,42.10526315789473,10.526315789473683,38
GX010809.MP4,409.2088,48.57142857142857,37.142857142857146,14.285714285714285,35
GX010809.MP4,409.6092,27.77777777777778,61.111111111111114,11.11111111111111,36
GX010809.MP4,410.00960000000003,33.33333333333333,44.44444444444444,22.22222222222222,18
GX010809.MP4,410.41,59.375,31.25,9.375,32
GX010809.MP4,410.8104,55.55555555555556,38.88888888888889,5.555555555555555,18
GX010809.MP4,411.2108,5.555555555555555,91.66666666666666,2.7777777777777777,36
GX010809.MP4,411.6112,6.666666666666667,86.66666666666667,6.666666666666667,30
GX010809.MP4,412.0116,51.724137931034484,37.93103448275862,10.344827586206897,29
GX010809.MP4,412.41200000000003,53.125,40.625,6.25,32
GX010809.MP4,412.8124,50.0,33.33333333333333,16.666666666666664,30
GX010809.MP4,413.2128,64.28571428571429,25.0,10.714285714285714,28
GX010809.MP4,413.6132,51.35135135135135,27.027027027027028,21.62162162162162,37
GX010809.MP4,414.0136,54.285714285714285,25.71428571428571,20.0,35
GX010809.MP4,414.414,42.5,22.5,35.0,40
GX010809.MP4,414.81440000000003,35.13513513513514,35.13513513513514,29.72972972972973,37
GX010809.MP4,415.2148,44.44444444444444,25.0,30.555555555555557,36
GX010809.MP4,415.6152,52.5,15.0,32.5,40
GX010809.MP4,416.0156,45.23809523809524,28.57142857142857,26.190476190476193,42
GX010809.MP4,416.416,42.42424242424242,42.42424242424242,15.151515151515152,33
GX010809.MP4,416.8164,43.75,50.0,6.25,32
GX010809.MP4,417.21680000000003,50.0,37.5,12.5,48
GX010809.MP4,417.6172,40.625,40.625,18.75,32
GX010809.MP4,418.0176,60.46511627906976,16.27906976744186,23.25581395348837,43
GX010809.MP4,418.418,25.71428571428571,65.71428571428571,8.571428571428571,35
GX010809.MP4,418.8184,20.408163265306122,65.3061224489796,14.285714285714285,49
GX010809.MP4,419.2188,20.0,60.0,20.0,45
GX010809.MP4,419.61920000000003,38.095238095238095,57.14285714285714,4.761904761904762,42
GX010809.MP4,420.0196,40.0,30.0,30.0,30
GX010809.MP4,420.42,48.837209302325576,25.581395348837212,25.581395348837212,43
GX010809.MP4,420.8204,51.515151515151516,30.303030303030305,18.181818181818183,33
GX010809.MP4,421.2208,33.33333333333333,35.714285714285715,30.952380952380953,42
GX010809.MP4,421.6212,27.500000000000004,30.0,42.5,40
GX010809.MP4,422.02160000000003,37.142857142857146,28.57142857142857,34.285714285714285,35
GX010809.MP4,422.422,68.88888888888889,24.444444444444443,6.666666666666667,45
GX010809.MP4,422.8224,60.416666666666664,25.0,14.583333333333334,48
GX010809.MP4,423.2228,60.86956521739131,19.565217391304348,19.565217391304348,46
GX010809.MP4,423.6232,60.0,20.0,20.0,40
GX010809.MP4,424.0236,46.875,31.25,21.875,32
GX010809.MP4,424.42400000000004,43.333333333333336,43.333333333333336,13.333333333333334,30
GX010809.MP4,424.8244,37.93103448275862,48.275862068965516,13.793103448275861,29
GX010809.MP4,425.2248,37.03703703703704,37.03703703703704,25.925925925925924,27
GX010809.MP4,425.6252,54.54545454545454,25.0,20.454545454545457,44
GX010809.MP4,426.0256,41.66666666666667,33.33333333333333,25.0,24
GX010809.MP4,426.426,20.0,73.33333333333333,6.666666666666667,15
GX010809.MP4,426.82640000000004,61.53846153846154,23.076923076923077,15.384615384615385,39
GX010809.MP4,427.2268,55.26315789473685,21.052631578947366,23.684210526315788,38
GX010809.MP4,427.6272,0.0,16.0,84.0,25
GX010809.MP4,428.0276,35.8974358974359,41.02564102564102,23.076923076923077,39
GX010809.MP4,428.428,34.883720930232556,62.7906976744186,2.3255813953488373,43
GX010809.MP4,428.8284,10.81081081081081,67.56756756756756,21.62162162162162,37
GX010809.MP4,429.22880000000004,65.38461538461539,30.76923076923077,3.8461538461538463,26
GX010809.MP4,429.6292,20.0,60.0,20.0,5
GX010809.MP4,430.0296,26.08695652173913,60.86956521739131,13.043478260869565,23
GX010809.MP4,430.43,21.62162162162162,70.27027027027027,8.108108108108109,37
GX010809.MP4,430.8304,43.75,37.5,18.75,32
GX010809.MP4,431.2308,40.0,48.57142857142857,11.428571428571429,35
GX010809.MP4,431.63120000000004,48.57142857142857,40.0,11.428571428571429,35
GX010809.MP4,432.0316,46.0,32.0,22.0,50
GX010809.MP4,432.432,53.84615384615385,23.076923076923077,23.076923076923077,26
GX010809.MP4,432.8324,45.45454545454545,33.33333333333333,21.21212121212121,33
GX010809.MP4,433.2328,36.36363636363637,42.42424242424242,21.21212121212121,33
GX010809.MP4,433.6332,25.0,50.0,25.0,32
GX010809.MP4,434.03360000000004,30.303030303030305,48.484848484848484,21.21212121212121,33
GX010809.MP4,434.434,28.125,50.0,21.875,32
GX010809.MP4,434.8344,21.62162162162162,56.75675675675676,21.62162162162162,37
GX010809.MP4,435.2348,40.0,47.5,12.5,40
GX010809.MP4,435.6352,39.39393939393939,51.515151515151516,9.090909090909092,33
GX010809.MP4,436.0356,45.45454545454545,48.484848484848484,6.0606060606060606,33
GX010809.MP4,436.43600000000004,30.76923076923077,56.41025641025641,12.82051282051282,39
GX010809.MP4,436.8364,20.689655172413794,72.41379310344827,6.896551724137931,29
GX010809.MP4,437.2368,47.22222222222222,38.88888888888889,13.88888888888889,36
GX010809.MP4,437.6372,57.14285714285714,28.57142857142857,14.285714285714285,28
GX010809.MP4,438.0376,47.61904761904761,42.857142857142854,9.523809523809524,42
GX010809.MP4,438.438,35.41666666666667,37.5,27.083333333333332,48
GX010809.MP4,438.83840000000004,55.81395348837209,20.930232558139537,23.25581395348837,43
GX010809.MP4,439.2388,38.46153846153847,41.02564102564102,20.51282051282051,39
GX010809.MP4,439.6392,34.61538461538461,34.61538461538461,30.76923076923077,52
GX010809.MP4,440.0396,39.473684210526315,31.57894736842105,28.947368421052634,38
GX010809.MP4,440.44,46.666666666666664,17.77777777777778,35.55555555555556,45
GX010809.MP4,440.8404,46.15384615384615,33.33333333333333,20.51282051282051,39
GX010809.MP4,441.24080000000004,28.125,53.125,18.75,32
GX010809.MP4,441.6412,25.0,58.333333333333336,16.666666666666664,24
GX010809.MP4,442.0416,9.523809523809524,57.14285714285714,33.33333333333333,21
GX010809.MP4,442.442,34.146341463414636,21.951219512195124,43.90243902439025,41
GX010809.MP4,442.8424,37.5,37.5,25.0,40
GX010809.MP4,443.2428,66.66666666666666,0.0,33.33333333333333,9
GX010809.MP4,443.64320000000004,56.25,18.75,25.0,16
GX010809.MP4,444.0436,31.818181818181817,68.18181818181817,0.0,22
GX010809.MP4,444.444,39.285714285714285,57.14285714285714,3.571428571428571,28
GX010809.MP4,444.8444,34.48275862068966,41.37931034482759,24.137931034482758,29
GX010809.MP4,445.2448,40.0,40.0,20.0,30
GX010809.MP4,445.6452,29.629629629629626,25.925925925925924,44.44444444444444,27
GX010809.MP4,446.04560000000004,36.84210526315789,21.052631578947366,42.10526315789473,19
GX010809.MP4,446.446,37.03703703703704,29.629629629629626,33.33333333333333,27
GX010809.MP4,446.8464,32.0,32.0,36.0,25
GX010809.MP4,447.2468,26.47058823529412,14.705882352941178,58.82352941176471,34
GX010809.MP4,447.6472,47.05882352941176,35.294117647058826,17.647058823529413,34
GX010809.MP4,448.0476,37.83783783783784,45.94594594594595,16.216216216216218,37
GX010809.MP4,448.44800000000004,47.22222222222222,50.0,2.7777777777777777,36
GX010809.MP4,448.8484,28.57142857142857,42.857142857142854,28.57142857142857,21
GX010809.MP4,449.2488,52.17391304347826,34.78260869565217,13.043478260869565,23
GX010809.MP4,449.6492,37.5,41.66666666666667,20.833333333333336,24
GX010809.MP4,450.0496,48.0,24.0,28.000000000000004,25
GX010809.MP4,450.45,29.166666666666668,37.5,33.33333333333333,24
GX010809.MP4,450.85040000000004,29.629629629629626,59.25925925925925,11.11111111111111,27
GX010809.MP4,451.2508,29.268292682926827,56.09756097560976,14.634146341463413,41
GX010809.MP4,451.6512,40.0,30.0,30.0,40
GX010809.MP4,452.0516,54.285714285714285,28.57142857142857,17.142857142857142,35
GX010809.MP4,452.452,33.33333333333333,29.166666666666668,37.5,24
GX010809.MP4,452.8524,23.333333333333332,43.333333333333336,33.33333333333333,30
GX010809.MP4,453.25280000000004,41.935483870967744,35.483870967741936,22.58064516129032,31
GX010809.MP4,453.6532,11.11111111111111,66.66666666666666,22.22222222222222,18
GX010809.MP4,454.0536,10.0,87.5,2.5,40
GX010809.MP4,454.454,28.000000000000004,60.0,12.0,25
GX010809.MP4,454.8544,45.45454545454545,36.36363636363637,18.181818181818183,44
GX010809.MP4,455.2548,43.24324324324324,40.54054054054054,16.216216216216218,37
GX010809.MP4,455.65520000000004,40.0,31.428571428571427,28.57142857142857,35
GX010809.MP4,456.0556,48.57142857142857,31.428571428571427,20.0,35
GX010809.MP4,456.456,35.714285714285715,40.476190476190474,23.809523809523807,42
GX010809.MP4,456.8564,48.837209302325576,27.906976744186046,23.25581395348837,43
GX010809.MP4,457.2568,39.02439024390244,36.58536585365854,24.390243902439025,41
GX010809.MP4,457.6572,35.483870967741936,19.35483870967742,45.16129032258064,31
GX010809.MP4,458.05760000000004,28.000000000000004,44.0,28.000000000000004,25
GX010809.MP4,458.458,43.47826086956522,43.47826086956522,13.043478260869565,23
GX010809.MP4,458.8584,28.125,56.25,15.625,32
GX010809.MP4,459.2588,29.03225806451613,45.16129032258064,25.806451612903224,31
GX010809.MP4,459.6592,17.857142857142858,46.42857142857143,35.714285714285715,28
GX010809.MP4,460.0596,20.0,50.0,30.0,30
GX010809.MP4,460.46000000000004,19.35483870967742,51.61290322580645,29.03225806451613,31
GX010809.MP4,460.8604,26.08695652173913,47.82608695652174,26.08695652173913,23
GX010809.MP4,461.2608,33.33333333333333,51.85185185185185,14.814814814814813,27
GX010809.MP4,461.6612,34.61538461538461,30.76923076923077,34.61538461538461,26
GX010809.MP4,462.0616,38.70967741935484,32.25806451612903,29.03225806451613,31
GX010809.MP4,462.462,40.0,37.142857142857146,22.857142857142858,35
GX010809.MP4,462.86240000000004,27.77777777777778,41.66666666666667,30.555555555555557,36
GX010809.MP4,463.2628,3.125,90.625,6.25,32
GX010809.MP4,463.6632,7.894736842105263,84.21052631578947,7.894736842105263,38
GX010809.MP4,464.0636,25.0,45.0,30.0,20
GX010809.MP4,464.464,25.0,36.11111111111111,38.88888888888889,36
GX010809.MP4,464.8644,13.636363636363635,72.72727272727273,13.636363636363635,22
GX010809.MP4,465.26480000000004,5.555555555555555,61.111111111111114,33.33333333333333,18
GX010809.MP4,465.6652,14.285714285714285,57.14285714285714,28.57142857142857,14
GX010809.MP4,466.0656,18.51851851851852,59.25925925925925,22.22222222222222,27
GX010809.MP4,466.466,18.6046511627907,53.48837209302325,27.906976744186046,43
GX010809.MP4,466.8664,27.586206896551722,51.724137931034484,20.689655172413794,29
GX010809.MP4,467.2668,46.42857142857143,28.57142857142857,25.0,28
GX010809.MP4,467.66720000000004,52.0,40.0,8.0,25
GX010809.MP4,468.0676,27.77777777777778,58.333333333333336,13.88888888888889,36
GX010809.MP4,468.468,34.375,50.0,15.625,32
GX010809.MP4,468.8684,43.47826086956522,41.30434782608695,15.217391304347828,46
GX010809.MP4,469.2688,38.46153846153847,43.58974358974359,17.94871794871795,39
GX010809.MP4,469.6692,45.0,42.5,12.5,40
GX010809.MP4,470.06960000000004,50.0,44.11764705882353,5.88235294117647,34
GX010809.MP4,470.47,51.42857142857142,42.857142857142854,5.714285714285714,35
GX010809.MP4,470.8704,55.88235294117647,41.17647058823529,2.941176470588235,34
GX010809.MP4,471.2708,58.06451612903226,38.70967741935484,3.225806451612903,31
GX010809.MP4,471.6712,64.51612903225806,25.806451612903224,9.67741935483871,31
GX010809.MP4,472.0716,50.0,40.625,9.375,32
GX010809.MP4,472.47200000000004,50.0,46.15384615384615,3.8461538461538463,26
GX010809.MP4,472.8724,62.857142857142854,34.285714285714285,2.857142857142857,35
GX010809.MP4,473.2728,40.0,42.857142857142854,17.142857142857142,35
GX010809.MP4,473.6732,21.21212121212121,66.66666666666666,12.121212121212121,33
GX010809.MP4,474.0736,34.146341463414636,48.78048780487805,17.073170731707318,41
GX010809.MP4,474.474,36.95652173913043,41.30434782608695,21.73913043478261,46
GX010809.MP4,474.87440000000004,3.571428571428571,96.42857142857143,0.0,28
GX010809.MP4,475.2748,22.857142857142858,65.71428571428571,11.428571428571429,35
GX010809.MP4,475.6752,52.17391304347826,30.434782608695656,17.391304347826086,23
GX010809.MP4,476.0756,34.48275862068966,31.03448275862069,34.48275862068966,29
GX010809.MP4,476.476,17.24137931034483,62.06896551724138,20.689655172413794,29
GX010809.MP4,476.8764,46.875,37.5,15.625,32
GX010809.MP4,477.2768,30.0,50.0,20.0,10
GX010809.MP4,477.6772,46.15384615384615,38.46153846153847,15.384615384615385,26
GX010809.MP4,478.0776,40.54054054054054,24.324324324324326,35.13513513513514,37
GX010809.MP4,478.478,30.0,40.0,30.0,30
GX010809.MP4,478.8784,22.22222222222222,33.33333333333333,44.44444444444444,18
GX010809.MP4,479.2788,3.7037037037037033,77.77777777777779,18.51851851851852,27
GX010809.MP4,479.6792,9.090909090909092,72.72727272727273,18.181818181818183,11
GX010809.MP4,480.0796,43.24324324324324,18.91891891891892,37.83783783783784,37
GX010809.MP4,480.48,48.64864864864865,18.91891891891892,32.432432432432435,37
GX010809.MP4,480.8804,37.2093023255814,18.6046511627907,44.18604651162791,43
GX010809.MP4,481.2808,37.5,17.5,45.0,40
GX010809.MP4,481.6812,40.625,25.0,34.375,32
GX010809.MP4,482.0816,26.31578947368421,55.26315789473685,18.421052631578945,38
GX010809.MP4,482.482,45.714285714285715,40.0,14.285714285714285,35
GX010809.MP4,482.8824,36.11111111111111,50.0,13.88888888888889,36
GX010809.MP4,483.2828,38.095238095238095,38.095238095238095,23.809523809523807,21
GX010809.MP4,483.6832,40.0,30.0,30.0,20
GX010809.MP4,484.0836,31.03448275862069,44.827586206896555,24.137931034482758,29
GX010809.MP4,484.484,33.33333333333333,44.44444444444444,22.22222222222222,18
GX010809.MP4,484.8844,27.500000000000004,15.0,57.49999999999999,40
GX010809.MP4,485.2848,12.5,12.5,75.0,8
GX010809.MP4,485.6852,18.51851851851852,70.37037037037037,11.11111111111111,27
GX010809.MP4,486.0856,50.0,30.555555555555557,19.444444444444446,36
GX010809.MP4,486.486,34.48275862068966,20.689655172413794,44.827586206896555,29
GX010809.MP4,486.8864,35.294117647058826,26.47058823529412,38.23529411764706,34
GX010809.MP4,487.2868,61.29032258064516,25.806451612903224,12.903225806451612,31
GX010809.MP4,487.6872,45.45454545454545,24.242424242424242,30.303030303030305,33
GX010809.MP4,488.0876,40.625,28.125,31.25,32
GX010809.MP4,488.488,5.88235294117647,82.35294117647058,11.76470588235294,17
GX010809.MP4,488.8884,22.22222222222222,55.55555555555556,22.22222222222222,36
GX010809.MP4,489.2888,20.0,64.0,16.0,25
GX010809.MP4,489.6892,35.0,55.00000000000001,10.0,20
GX010809.MP4,490.0896,70.58823529411765,23.52941176470588,5.88235294117647,34
GX010809.MP4,490.49,61.904761904761905,33.33333333333333,4.761904761904762,21
GX010809.MP4,490.8904,55.55555555555556,22.22222222222222,22.22222222222222,18
GX010809.MP4,491.2908,48.484848484848484,27.27272727272727,24.242424242424242,33
GX010809.MP4,491.6912,41.935483870967744,22.58064516129032,35.483870967741936,31
GX010809.MP4,492.0916,35.0,40.0,25.0,20
GX010809.MP4,492.492,57.14285714285714,21.428571428571427,21.428571428571427,14
GX010809.MP4,492.8924,60.0,30.0,10.0,20
GX010809.MP4,493.2928,29.411764705882355,50.0,20.588235294117645,34
GX010809.MP4,493.6932,41.37931034482759,41.37931034482759,17.24137931034483,29
GX010809.MP4,494.0936,22.857142857142858,42.857142857142854,34.285714285714285,35
GX010809.MP4,494.494,24.390243902439025,51.21951219512195,24.390243902439025,41
GX010809.MP4,494.8944,35.13513513513514,35.13513513513514,29.72972972972973,37
GX010809.MP4,495.2948,35.483870967741936,35.483870967741936,29.03225806451613,31
GX010809.MP4,495.6952,29.629629629629626,25.925925925925924,44.44444444444444,27
GX010809.MP4,496.0956,33.33333333333333,37.5,29.166666666666668,24
GX010809.MP4,496.496,12.5,29.166666666666668,58.333333333333336,24
GX010809.MP4,496.8964,36.666666666666664,46.666666666666664,16.666666666666664,30
GX010809.MP4,497.2968,31.11111111111111,57.77777777777777,11.11111111111111,45
GX010809.MP4,497.6972,32.35294117647059,52.94117647058824,14.705882352941178,34
GX010809.MP4,498.0976,38.70967741935484,48.38709677419355,12.903225806451612,31
GX010809.MP4,498.498,46.875,46.875,6.25,32
GX010809.MP4,498.8984,26.82926829268293,60.97560975609756,12.195121951219512,41
GX010809.MP4,499.2988,41.17647058823529,55.88235294117647,2.941176470588235,34
GX010809.MP4,499.6992,14.814814814814813,85.18518518518519,0.0,27
GX010809.MP4,500.0996,9.67741935483871,90.32258064516128,0.0,31
GX010809.MP4,500.5,70.58823529411765,0.0,29.411764705882355,17
GX010809.MP4,500.9004,6.25,50.0,43.75,16
GX010809.MP4,501.3008,28.57142857142857,42.857142857142854,28.57142857142857,21
GX010809.MP4,501.70120000000003,16.666666666666664,66.66666666666666,16.666666666666664,6
GX010809.MP4,502.1016,21.052631578947366,44.73684210526316,34.21052631578947,38
GX010809.MP4,502.502,25.49019607843137,39.21568627450981,35.294117647058826,51
GX010809.MP4,502.9024,58.333333333333336,37.5,4.166666666666666,24
GX010809.MP4,503.3028,30.0,50.0,20.0,20
GX010809.MP4,503.7032,54.54545454545454,27.27272727272727,18.181818181818183,33
GX010809.MP4,504.10360000000003,43.58974358974359,23.076923076923077,33.33333333333333,39
GX010809.MP4,504.504,15.625,31.25,53.125,32
GX010809.MP4,504.9044,31.428571428571427,40.0,28.57142857142857,35
GX010809.MP4,505.3048,40.476190476190474,28.57142857142857,30.952380952380953,42
GX010809.MP4,505.7052,33.9622641509434,33.9622641509434,32.075471698113205,53
GX010809.MP4,506.1056,40.54054054054054,29.72972972972973,29.72972972972973,37
GX010809.MP4,506.50600000000003,35.8974358974359,33.33333333333333,30.76923076923077,39
GX010809.MP4,506.9064,28.57142857142857,30.952380952380953,40.476190476190474,42
GX010809.MP4,507.3068,40.42553191489361,29.78723404255319,29.78723404255319,47
GX010809.MP4,507.7072,29.411764705882355,35.294117647058826,35.294117647058826,34
GX010809.MP4,508.1076,40.54054054054054,27.027027027027028,32.432432432432435,37
GX010809.MP4,508.508,43.75,12.5,43.75,32
GX010809.MP4,508.90840000000003,30.555555555555557,22.22222222222222,47.22222222222222,36
GX010809.MP4,509.3088,23.809523809523807,57.14285714285714,19.047619047619047,21
GX010809.MP4,509.7092,38.70967741935484,41.935483870967744,19.35483870967742,31
GX010809.MP4,510.1096,32.35294117647059,55.88235294117647,11.76470588235294,34
GX010809.MP4,510.51,31.428571428571427,60.0,8.571428571428571,35
GX010809.MP4,510.9104,20.408163265306122,65.3061224489796,14.285714285714285,49
GX010809.MP4,511.31080000000003,25.0,57.692307692307686,17.307692307692307,52
GX010809.MP4,511.7112,17.24137931034483,68.96551724137932,13.793103448275861,29
GX010809.MP4,512.1116,23.25581395348837,58.139534883720934,18.6046511627907,43
GX010809.MP4,512.5120000000001,26.82926829268293,53.65853658536586,19.51219512195122,41
GX010809.MP4,512.9124,32.432432432432435,59.45945945945946,8.108108108108109,37
GX010809.MP4,513.3128,28.57142857142857,47.61904761904761,23.809523809523807,42
GX010809.MP4,513.7132,40.0,31.11111111111111,28.888888888888886,45
GX010809.MP4,514.1136,31.57894736842105,63.1578947368421,5.263157894736842,38
GX010809.MP4,514.514,28.205128205128204,48.717948717948715,23.076923076923077,39
GX010809.MP4,514.9144,30.555555555555557,58.333333333333336,11.11111111111111,36
GX010809.MP4,515.3148,25.925925925925924,55.55555555555556,18.51851851851852,27
GX010809.MP4,515.7152,27.27272727272727,54.54545454545454,18.181818181818183,22
GX010809.MP4,516.1156,20.0,30.0,50.0,10
GX010809.MP4,516.516,6.25,62.5,31.25,16
GX010809.MP4,516.9164,0.0,27.27272727272727,72.72727272727273,11
GX010809.MP4,517.3168000000001,5.555555555555555,38.88888888888889,55.55555555555556,18
GX010809.MP4,517.7172,14.814814814814813,18.51851851851852,66.66666666666666,27
GX010809.MP4,518.1176,12.903225806451612,25.806451612903224,61.29032258064516,31
GX010809.MP4,518.518,9.67741935483871,45.16129032258064,45.16129032258064,31
GX010809.MP4,518.9184,34.04255319148936,51.06382978723404,14.893617021276595,47
GX010809.MP4,519.3188,30.555555555555557,38.88888888888889,30.555555555555557,36
GX010809.MP4,519.7192,35.294117647058826,29.411764705882355,35.294117647058826,34
GX010809.MP4,520.1196,26.666666666666668,51.11111111111111,22.22222222222222,45
GX010809.MP4,520.52,31.818181818181817,43.18181818181818,25.0,44
GX010809.MP4,520.9204,31.11111111111111,40.0,28.888888888888886,45
GX010809.MP4,521.3208,46.808510638297875,21.27659574468085,31.914893617021278,47
GX010809.MP4,521.7212,38.23529411764706,26.47058823529412,35.294117647058826,34
GX010809.MP4,522.1216000000001,41.02564102564102,28.205128205128204,30.76923076923077,39
GX010809.MP4,522.522,28.947368421052634,52.63157894736842,18.421052631578945,38
GX010809.MP4,522.9224,39.130434782608695,30.434782608695656,30.434782608695656,46
GX010809.MP4,523.3228,39.473684210526315,31.57894736842105,28.947368421052634,38
GX010809.MP4,523.7232,47.5,32.5,20.0,40
GX010809.MP4,524.1236,40.54054054054054,27.027027027027028,32.432432432432435,37
GX010809.MP4,524.524,32.5,27.500000000000004,40.0,40
GX010809.MP4,524.9244,36.36363636363637,29.545454545454547,34.090909090909086,44
GX010809.MP4,525.3248,22.916666666666664,45.83333333333333,31.25,48
GX010809.MP4,525.7252,28.26086956521739,50.0,21.73913043478261,46
GX010809.MP4,526.1256,28.57142857142857,35.714285714285715,35.714285714285715,42
GX010809.MP4,526.526,30.303030303030305,39.39393939393939,30.303030303030305,33
GX010809.MP4,526.9264000000001,33.33333333333333,41.66666666666667,25.0,36
GX010809.MP4,527.3268,32.5,27.500000000000004,40.0,40
GX010809.MP4,527.7272,48.148148148148145,40.74074074074074,11.11111111111111,27
GX010809.MP4,528.1276,28.57142857142857,37.142857142857146,34.285714285714285,35
GX010809.MP4,528.528,21.875,43.75,34.375,32
GX010809.MP4,528.9284,32.55813953488372,41.86046511627907,25.581395348837212,43
GX010809.MP4,529.3288,31.428571428571427,42.857142857142854,25.71428571428571,35
GX010809.MP4,529.7292,51.21951219512195,24.390243902439025,24.390243902439025,41
GX010809.MP4,530.1296,55.55555555555556,11.11111111111111,33.33333333333333,36
GX010809.MP4,530.53,35.294117647058826,32.35294117647059,32.35294117647059,34
GX010809.MP4,530.9304,47.05882352941176,17.647058823529413,35.294117647058826,34
GX010809.MP4,531.3308,38.46153846153847,15.384615384615385,46.15384615384615,39
GX010809.MP4,531.7312000000001,53.65853658536586,24.390243902439025,21.951219512195124,41
GX010809.MP4,532.1316,27.27272727272727,45.45454545454545,27.27272727272727,33
GX010809.MP4,532.532,51.724137931034484,31.03448275862069,17.24137931034483,29
GX010809.MP4,532.9324,56.25,28.125,15.625,32
GX010809.MP4,533.3328,23.809523809523807,19.047619047619047,57.14285714285714,21
GX010809.MP4,533.7332,41.17647058823529,11.76470588235294,47.05882352941176,17
GX010809.MP4,534.1336,40.625,31.25,28.125,32
GX010809.MP4,534.534,44.230769230769226,19.230769230769234,36.53846153846153,52
GX010809.MP4,534.9344,42.857142857142854,33.33333333333333,23.809523809523807,21
GX010809.MP4,535.3348,25.0,56.25,18.75,32
GX010809.MP4,535.7352,25.925925925925924,55.55555555555556,18.51851851851852,27
GX010809.MP4,536.1356,27.500000000000004,67.5,5.0,40
GX010809.MP4,536.5360000000001,41.935483870967744,29.03225806451613,29.03225806451613,31
GX010809.MP4,536.9364,21.21212121212121,57.57575757575758,21.21212121212121,33
GX010809.MP4,537.3368,40.476190476190474,28.57142857142857,30.952380952380953,42
GX010809.MP4,537.7372,36.84210526315789,39.473684210526315,23.684210526315788,38
GX010809.MP4,538.1376,40.54054054054054,32.432432432432435,27.027027027027028,37
GX010809.MP4,538.538,39.39393939393939,42.42424242424242,18.181818181818183,33
GX010809.MP4,538.9384,32.5,40.0,27.500000000000004,40
GX010809.MP4,539.3388,51.28205128205128,30.76923076923077,17.94871794871795,39
GX010809.MP4,539.7392,6.451612903225806,77.41935483870968,16.129032258064516,31
GX010809.MP4,540.1396,7.6923076923076925,88.46153846153845,3.8461538461538463,26
GX010809.MP4,540.54,11.11111111111111,77.77777777777779,11.11111111111111,27
GX010809.MP4,540.9404,42.10526315789473,26.31578947368421,31.57894736842105,38
GX010809.MP4,541.3408000000001,38.23529411764706,32.35294117647059,29.411764705882355,34
GX010809.MP4,541.7412,41.02564102564102,28.205128205128204,30.76923076923077,39
GX010809.MP4,542.1416,42.5,32.5,25.0,40
GX010809.MP4,542.542,44.44444444444444,33.33333333333333,22.22222222222222,36
GX010809.MP4,542.9424,47.22222222222222,33.33333333333333,19.444444444444446,36
GX010809.MP4,543.3428,41.17647058823529,38.23529411764706,20.588235294117645,34
GX010809.MP4,543.7432,56.25,34.375,9.375,32
GX010809.MP4,544.1436,33.33333333333333,22.22222222222222,44.44444444444444,18
GX010809.MP4,544.544,20.833333333333336,41.66666666666667,37.5,24
GX010809.MP4,544.9444,38.46153846153847,26.923076923076923,34.61538461538461,26
GX010809.MP4,545.3448,33.33333333333333,33.33333333333333,33.33333333333333,21
GX010809.MP4,545.7452,41.37931034482759,41.37931034482759,17.24137931034483,29
GX010809.MP4,546.1456000000001,43.24324324324324,40.54054054054054,16.216216216216218,37
GX010809.MP4,546.546,40.42553191489361,46.808510638297875,12.76595744680851,47
GX010809.MP4,546.9464,68.42105263157895,23.684210526315788,7.894736842105263,38
GX010809.MP4,547.3468,71.05263157894737,23.684210526315788,5.263157894736842,38
GX010809.MP4,547.7472,50.0,38.23529411764706,11.76470588235294,34
GX010809.MP4,548.1476,67.85714285714286,25.0,7.142857142857142,28
GX010809.MP4,548.548,54.83870967741935,32.25806451612903,12.903225806451612,31
GX010809.MP4,548.9484,40.625,43.75,15.625,32
GX010809.MP4,549.3488,28.57142857142857,46.42857142857143,25.0,28
GX010809.MP4,549.7492,30.434782608695656,52.17391304347826,17.391304347826086,23
GX010809.MP4,550.1496,33.33333333333333,36.666666666666664,30.0,30
GX010809.MP4,550.55,25.0,46.42857142857143,28.57142857142857,28
GX010809.MP4,550.9504000000001,38.46153846153847,34.61538461538461,26.923076923076923,26
GX010809.MP4,551.3508,39.130434782608695,43.47826086956522,17.391304347826086,23
GX010809.MP4,551.7512,50.0,16.666666666666664,33.33333333333333,30
GX010809.MP4,552.1516,46.666666666666664,33.33333333333333,20.0,30
GX010809.MP4,552.552,40.74074074074074,25.925925925925924,33.33333333333333,27
GX010809.MP4,552.9524,32.35294117647059,38.23529411764706,29.411764705882355,34
GX010809.MP4,553.3528,37.03703703703704,33.33333333333333,29.629629629629626,27
GX010809.MP4,553.7532,33.33333333333333,30.0,36.666666666666664,30
GX010809.MP4,554.1536,35.483870967741936,41.935483870967744,22.58064516129032,31
GX010809.MP4,554.554,42.857142857142854,42.857142857142854,14.285714285714285,28
GX010809.MP4,554.9544,30.555555555555557,50.0,19.444444444444446,36
GX010809.MP4,555.3548,25.0,50.0,25.0,24
GX010809.MP4,555.7552000000001,29.629629629629626,48.148148148148145,22.22222222222222,27
GX010809.MP4,556.1556,30.0,26.666666666666668,43.333333333333336,30
GX010809.MP4,556.556,17.24137931034483,48.275862068965516,34.48275862068966,29
GX010809.MP4,556.9564,39.473684210526315,39.473684210526315,21.052631578947366,38
GX010809.MP4,557.3568,48.275862068965516,17.24137931034483,34.48275862068966,29
GX010809.MP4,557.7572,60.0,26.666666666666668,13.333333333333334,15
GX010809.MP4,558.1576,30.0,40.0,30.0,20
GX010809.MP4,558.558,24.137931034482758,20.689655172413794,55.172413793103445,29
GX010809.MP4,558.9584,20.0,30.0,50.0,30
GX010809.MP4,559.3588,31.03448275862069,24.137931034482758,44.827586206896555,29
GX010809.MP4,559.7592,25.925925925925924,29.629629629629626,44.44444444444444,27
GX010809.MP4,560.1596,25.925925925925924,22.22222222222222,51.85185185185185,27
GX010809.MP4,560.5600000000001,35.714285714285715,32.142857142857146,32.142857142857146,28
GX010809.MP4,560.9604,38.23529411764706,35.294117647058826,26.47058823529412,34
GX010810.MP4,0.0,31.57894736842105,63.1578947368421,5.263157894736842,19
GX010810.MP4,0.5005,12.0,72.0,16.0,25
GX010810.MP4,1.001,5.88235294117647,70.58823529411765,23.52941176470588,17
GX010810.MP4,1.5014999999999998,4.3478260869565215,78.26086956521739,17.391304347826086,23
GX010810.MP4,2.002,4.761904761904762,76.19047619047619,19.047619047619047,21
GX010810.MP4,2.5025,0.0,78.57142857142857,21.428571428571427,14
GX010810.MP4,3.0029999999999997,0.0,33.33333333333333,66.66666666666666,12
GX010810.MP4,3.5035,3.571428571428571,64.28571428571429,32.142857142857146,28
GX010810.MP4,4.004,0.0,65.21739130434783,34.78260869565217,23
GX010810.MP4,4.504499999999999,5.263157894736842,73.68421052631578,21.052631578947366,19
GX010810.MP4,5.005,8.333333333333332,75.0,16.666666666666664,24
GX010810.MP4,5.5055,4.0,68.0,28.000000000000004,25
GX010810.MP4,6.005999999999999,0.0,90.9090909090909,9.090909090909092,11
GX010810.MP4,6.5065,0.0,100.0,0.0,3
GX010810.MP4,7.007,0.0,72.72727272727273,27.27272727272727,11
GX010810.MP4,7.507499999999999,0.0,77.77777777777779,22.22222222222222,9
GX010810.MP4,8.008,0.0,60.0,40.0,10
GX010810.MP4,8.5085,0.0,46.15384615384615,53.84615384615385,13
GX010810.MP4,9.008999999999999,12.5,56.25,31.25,16
GX010810.MP4,9.5095,4.0,40.0,56.00000000000001,25
GX010810.MP4,10.01,5.88235294117647,76.47058823529412,17.647058823529413,17
GX010810.MP4,10.510499999999999,0.0,65.0,35.0,20
GX010810.MP4,11.011,0.0,46.666666666666664,53.333333333333336,15
GX010810.MP4,11.5115,25.0,41.66666666666667,33.33333333333333,12
GX010810.MP4,12.011999999999999,16.666666666666664,45.83333333333333,37.5,24
GX010810.MP4,12.5125,9.523809523809524,71.42857142857143,19.047619047619047,21
GX010810.MP4,13.013,14.814814814814813,7.4074074074074066,77.77777777777779,27
GX010810.MP4,13.513499999999999,0.0,58.82352941176471,41.17647058823529,17
GX010810.MP4,14.014,0.0,68.42105263157895,31.57894736842105,19
GX010810.MP4,14.514499999999998,0.0,75.0,25.0,20
GX010810.MP4,15.014999999999999,14.285714285714285,35.714285714285715,50.0,14
GX010810.MP4,15.5155,11.11111111111111,44.44444444444444,44.44444444444444,18
GX010810.MP4,16.016,35.714285714285715,28.57142857142857,35.714285714285715,14
GX010810.MP4,16.516499999999997,7.6923076923076925,53.84615384615385,38.46153846153847,13
GX010810.MP4,17.017,5.88235294117647,52.94117647058824,41.17647058823529,17
GX010810.MP4,17.5175,17.647058823529413,23.52941176470588,58.82352941176471,17
GX010810.MP4,18.017999999999997,7.6923076923076925,61.53846153846154,30.76923076923077,13
GX010810.MP4,18.5185,6.666666666666667,40.0,53.333333333333336,15
GX010810.MP4,19.019,15.384615384615385,46.15384615384615,38.46153846153847,13
GX010810.MP4,19.519499999999997,50.0,0.0,50.0,2
GX010810.MP4,20.02,6.25,3.125,90.625,32
GX010810.MP4,20.5205,0.0,71.42857142857143,28.57142857142857,7
GX010810.MP4,21.020999999999997,0.0,50.0,50.0,10
GX010810.MP4,21.5215,20.0,53.333333333333336,26.666666666666668,15
GX010810.MP4,22.022,4.761904761904762,47.61904761904761,47.61904761904761,21
GX010810.MP4,22.522499999999997,18.75,56.25,25.0,16
GX010810.MP4,23.023,20.0,50.0,30.0,20
GX010810.MP4,23.5235,5.0,25.0,70.0,20
GX010810.MP4,24.023999999999997,40.0,44.0,16.0,25
GX010810.MP4,24.5245,31.57894736842105,68.42105263157895,0.0,19
GX010810.MP4,25.025,21.73913043478261,39.130434782608695,39.130434782608695,23
GX010810.MP4,25.525499999999997,30.76923076923077,42.30769230769231,26.923076923076923,26
GX010810.MP4,26.026,11.11111111111111,44.44444444444444,44.44444444444444,27
GX010810.MP4,26.5265,4.761904761904762,52.38095238095239,42.857142857142854,21
GX010810.MP4,27.026999999999997,8.695652173913043,56.52173913043478,34.78260869565217,23
GX010810.MP4,27.527499999999996,33.33333333333333,55.55555555555556,11.11111111111111,18
GX010810.MP4,28.028,15.0,60.0,25.0,20
GX010810.MP4,28.528499999999998,31.818181818181817,54.54545454545454,13.636363636363635,22
GX010810.MP4,29.028999999999996,21.052631578947366,57.89473684210527,21.052631578947366,19
GX010810.MP4,29.5295,3.225806451612903,58.06451612903226,38.70967741935484,31
GX010810.MP4,30.029999999999998,0.0,62.06896551724138,37.93103448275862,29
GX010810.MP4,30.530499999999996,23.333333333333332,53.333333333333336,23.333333333333332,30
GX010810.MP4,31.031,13.333333333333334,40.0,46.666666666666664,15
GX010810.MP4,31.531499999999998,16.666666666666664,16.666666666666664,66.66666666666666,12
GX010810.MP4,32.032,0.0,53.84615384615385,46.15384615384615,13
GX010810.MP4,32.5325,5.263157894736842,52.63157894736842,42.10526315789473,19
GX010810.MP4,33.032999999999994,6.666666666666667,53.333333333333336,40.0,15
GX010810.MP4,33.5335,0.0,70.58823529411765,29.411764705882355,17
GX010810.MP4,34.034,0.0,59.09090909090909,40.909090909090914,22
GX010810.MP4,34.534499999999994,7.4074074074074066,48.148148148148145,44.44444444444444,27
GX010810.MP4,35.035,0.0,100.0,0.0,6
GX010810.MP4,35.5355,0.0,100.0,0.0,6
GX010810.MP4,36.035999999999994,0.0,87.5,12.5,8
GX010810.MP4,36.5365,0.0,100.0,0.0,6
GX010810.MP4,37.037,5.263157894736842,73.68421052631578,21.052631578947366,19
GX010810.MP4,37.537499999999994,20.0,20.0,60.0,10
GX010810.MP4,38.038,0.0,100.0,0.0,1
GX010810.MP4,38.5385,4.545454545454546,72.72727272727273,22.727272727272727,22
GX010810.MP4,39.038999999999994,5.555555555555555,61.111111111111114,33.33333333333333,18
GX010810.MP4,39.5395,4.166666666666666,29.166666666666668,66.66666666666666,24
GX010810.MP4,40.04,0.0,92.85714285714286,7.142857142857142,28
GX010810.MP4,40.540499999999994,30.555555555555557,58.333333333333336,11.11111111111111,36
GX010810.MP4,41.041,28.125,71.875,0.0,32
GX010810.MP4,41.5415,6.451612903225806,90.32258064516128,3.225806451612903,31
GX010810.MP4,42.041999999999994,3.4482758620689653,96.55172413793103,0.0,29
GX010810.MP4,42.5425,0.0,100.0,0.0,27
GX010810.MP4,43.043,0.0,100.0,0.0,17
GX010810.MP4,43.543499999999995,0.0,100.0,0.0,16
GX010810.MP4,44.044,0.0,100.0,0.0,12
GX010810.MP4,44.5445,33.33333333333333,66.66666666666666,0.0,3
GX010810.MP4,45.044999999999995,33.33333333333333,66.66666666666666,0.0,3
GX010810.MP4,45.5455,25.0,62.5,12.5,16
GX010810.MP4,46.046,13.333333333333334,60.0,26.666666666666668,15
GX010810.MP4,46.546499999999995,7.6923076923076925,57.692307692307686,34.61538461538461,26
GX010810.MP4,47.047,19.35483870967742,54.83870967741935,25.806451612903224,31
GX010810.MP4,47.5475,0.0,39.130434782608695,60.86956521739131,23
GX010810.MP4,48.047999999999995,7.4074074074074066,29.629629629629626,62.96296296296296,27
GX010810.MP4,48.5485,4.166666666666666,33.33333333333333,62.5,24
GX010810.MP4,49.049,0.0,42.30769230769231,57.692307692307686,26
GX010810.MP4,49.549499999999995,20.833333333333336,75.0,4.166666666666666,24
GX010810.MP4,50.05,40.74074074074074,55.55555555555556,3.7037037037037033,27
GX010810.MP4,50.5505,48.275862068965516,48.275862068965516,3.4482758620689653,29
GX010810.MP4,51.050999999999995,48.148148148148145,44.44444444444444,7.4074074074074066,27
GX010810.MP4,51.5515,25.0,75.0,0.0,20
GX010810.MP4,52.052,39.285714285714285,50.0,10.714285714285714,28
GX010810.MP4,52.552499999999995,26.47058823529412,64.70588235294117,8.823529411764707,34
GX010810.MP4,53.053,13.636363636363635,86.36363636363636,0.0,22
GX010810.MP4,53.5535,4.3478260869565215,95.65217391304348,0.0,23
GX010810.MP4,54.053999999999995,4.166666666666666,95.83333333333334,0.0,24
GX010810.MP4,54.5545,33.33333333333333,66.66666666666666,0.0,21
GX010810.MP4,55.05499999999999,13.636363636363635,72.72727272727273,13.636363636363635,22
GX010810.MP4,55.555499999999995,0.0,53.84615384615385,46.15384615384615,26
GX010810.MP4,56.056,0.0,47.368421052631575,52.63157894736842,19
GX010810.MP4,56.55649999999999,4.545454545454546,50.0,45.45454545454545,22
GX010810.MP4,57.056999999999995,17.24137931034483,58.620689655172406,24.137931034482758,29
GX010810.MP4,57.5575,15.384615384615385,50.0,34.61538461538461,26
GX010810.MP4,58.05799999999999,13.636363636363635,22.727272727272727,63.63636363636363,22
GX010810.MP4,58.558499999999995,0.0,36.84210526315789,63.1578947368421,19
GX010810.MP4,59.059,8.333333333333332,50.0,41.66666666666667,24
GX010810.MP4,59.55949999999999,0.0,56.52173913043478,43.47826086956522,23
GX010810.MP4,60.059999999999995,0.0,45.83333333333333,54.166666666666664,24
GX010810.MP4,60.5605,0.0,84.61538461538461,15.384615384615385,13
GX010810.MP4,61.06099999999999,0.0,64.0,36.0,25
GX010810.MP4,61.561499999999995,10.0,80.0,10.0,20
GX010810.MP4,62.062,0.0,80.0,20.0,10
GX010810.MP4,62.56249999999999,0.0,60.0,40.0,10
GX010810.MP4,63.062999999999995,5.88235294117647,76.47058823529412,17.647058823529413,17
GX010810.MP4,63.5635,65.38461538461539,23.076923076923077,11.538461538461538,26
GX010810.MP4,64.064,27.27272727272727,36.36363636363637,36.36363636363637,22
GX010810.MP4,64.5645,28.57142857142857,57.14285714285714,14.285714285714285,21
GX010810.MP4,65.065,8.695652173913043,60.86956521739131,30.434782608695656,23
GX010810.MP4,65.5655,12.5,66.66666666666666,20.833333333333336,24
GX010810.MP4,66.06599999999999,5.555555555555555,72.22222222222221,22.22222222222222,18
GX010810.MP4,66.56649999999999,12.0,64.0,24.0,25
GX010810.MP4,67.067,14.285714285714285,52.38095238095239,33.33333333333333,21
GX010810.MP4,67.5675,5.0,55.00000000000001,40.0,20
GX010810.MP4,68.068,10.0,50.0,40.0,20
GX010810.MP4,68.5685,9.523809523809524,61.904761904761905,28.57142857142857,21
GX010810.MP4,69.06899999999999,13.043478260869565,43.47826086956522,43.47826086956522,23
GX010810.MP4,69.56949999999999,4.761904761904762,47.61904761904761,47.61904761904761,21
GX010810.MP4,70.07,3.7037037037037033,33.33333333333333,62.96296296296296,27
GX010810.MP4,70.5705,0.0,47.82608695652174,52.17391304347826,23
GX010810.MP4,71.071,4.545454545454546,54.54545454545454,40.909090909090914,22
GX010810.MP4,71.5715,5.0,55.00000000000001,40.0,20
GX010810.MP4,72.07199999999999,7.6923076923076925,46.15384615384615,46.15384615384615,26
GX010810.MP4,72.57249999999999,0.0,79.3103448275862,20.689655172413794,29
GX010810.MP4,73.073,9.523809523809524,57.14285714285714,33.33333333333333,21
GX010810.MP4,73.5735,19.230769230769234,30.76923076923077,50.0,26
GX010810.MP4,74.074,18.51851851851852,70.37037037037037,11.11111111111111,27
GX010810.MP4,74.5745,5.263157894736842,57.89473684210527,36.84210526315789,19
GX010810.MP4,75.07499999999999,0.0,38.46153846153847,61.53846153846154,26
GX010810.MP4,75.57549999999999,0.0,71.42857142857143,28.57142857142857,28
GX010810.MP4,76.076,7.6923076923076925,76.92307692307693,15.384615384615385,26
GX010810.MP4,76.5765,12.903225806451612,41.935483870967744,45.16129032258064,31
GX010810.MP4,77.077,10.0,65.0,25.0,20
GX010810.MP4,77.5775,0.0,90.9090909090909,9.090909090909092,11
GX010810.MP4,78.07799999999999,0.0,50.0,50.0,12
GX010810.MP4,78.57849999999999,16.666666666666664,33.33333333333333,50.0,18
GX010810.MP4,79.079,15.789473684210526,47.368421052631575,36.84210526315789,19
GX010810.MP4,79.5795,5.0,50.0,45.0,20
GX010810.MP4,80.08,4.761904761904762,38.095238095238095,57.14285714285714,21
GX010811.MP4,0.0,35.0,55.00000000000001,10.0,20
GX010811.MP4,0.40040000000000003,21.052631578947366,68.42105263157895,10.526315789473683,19
GX010811.MP4,0.8008000000000001,29.411764705882355,44.11764705882353,26.47058823529412,34
GX010811.MP4,1.2012,30.76923076923077,46.15384615384615,23.076923076923077,13
GX010811.MP4,1.6016000000000001,51.35135135135135,45.94594594594595,2.7027027027027026,37
GX010811.MP4,2.0020000000000002,50.0,44.11764705882353,5.88235294117647,34
GX010811.MP4,2.4024,38.63636363636363,38.63636363636363,22.727272727272727,44
GX010811.MP4,2.8028,41.935483870967744,38.70967741935484,19.35483870967742,31
GX010811.MP4,3.2032000000000003,38.23529411764706,29.411764705882355,32.35294117647059,34
GX010811.MP4,3.6036,37.5,40.0,22.5,40
GX010811.MP4,4.0040000000000004,36.734693877551024,42.857142857142854,20.408163265306122,49
GX010811.MP4,4.4044,42.30769230769231,34.61538461538461,23.076923076923077,26
GX010811.MP4,4.8048,31.57894736842105,52.63157894736842,15.789473684210526,38
GX010811.MP4,5.2052000000000005,41.17647058823529,44.11764705882353,14.705882352941178,34
GX010811.MP4,5.6056,45.0,55.00000000000001,0.0,20
GX010811.MP4,6.006,30.76923076923077,46.15384615384615,23.076923076923077,26
GX010811.MP4,6.4064000000000005,53.84615384615385,7.6923076923076925,38.46153846153847,13
GX010811.MP4,6.8068,43.75,18.75,37.5,16
GX010811.MP4,7.2072,39.285714285714285,42.857142857142854,17.857142857142858,28
GX010811.MP4,7.6076,56.52173913043478,39.130434782608695,4.3478260869565215,23
GX010811.MP4,8.008000000000001,45.45454545454545,45.45454545454545,9.090909090909092,22
GX010811.MP4,8.4084,28.57142857142857,42.857142857142854,28.57142857142857,21
GX010811.MP4,8.8088,60.0,30.0,10.0,10
GX010811.MP4,9.209200000000001,66.66666666666666,22.22222222222222,11.11111111111111,18
GX010811.MP4,9.6096,30.0,60.0,10.0,20
GX010811.MP4,10.01,24.0,56.00000000000001,20.0,25
GX010811.MP4,10.410400000000001,13.636363636363635,40.909090909090914,45.45454545454545,22
GX010811.MP4,10.8108,9.090909090909092,18.181818181818183,72.72727272727273,11
GX010811.MP4,11.2112,32.0,56.00000000000001,12.0,25
GX010811.MP4,11.611600000000001,16.666666666666664,33.33333333333333,50.0,6
GX010811.MP4,12.012,37.5,62.5,0.0,8
GX010811.MP4,12.4124,30.434782608695656,39.130434782608695,30.434782608695656,23
GX010811.MP4,12.812800000000001,9.523809523809524,38.095238095238095,52.38095238095239,21
GX010811.MP4,13.2132,58.333333333333336,33.33333333333333,8.333333333333332,24
GX010811.MP4,13.6136,47.82608695652174,47.82608695652174,4.3478260869565215,23
GX010811.MP4,14.014000000000001,20.0,52.0,28.000000000000004,25
GX010811.MP4,14.4144,57.89473684210527,31.57894736842105,10.526315789473683,19
GX010811.MP4,14.8148,22.22222222222222,11.11111111111111,66.66666666666666,9
GX010811.MP4,15.2152,43.75,43.75,12.5,16
GX010811.MP4,15.6156,39.130434782608695,43.47826086956522,17.391304347826086,23
GX010811.MP4,16.016000000000002,46.42857142857143,17.857142857142858,35.714285714285715,28
GX010811.MP4,16.4164,65.625,18.75,15.625,32
GX010811.MP4,16.8168,59.375,18.75,21.875,32
GX010811.MP4,17.217200000000002,70.96774193548387,12.903225806451612,16.129032258064516,31
GX010811.MP4,17.6176,25.0,40.0,35.0,20
GX010811.MP4,18.018,50.0,25.0,25.0,28
GX010811.MP4,18.418400000000002,69.23076923076923,26.923076923076923,3.8461538461538463,26
GX010811.MP4,18.8188,77.77777777777779,11.11111111111111,11.11111111111111,27
GX010811.MP4,19.2192,86.66666666666667,3.3333333333333335,10.0,30
GX010811.MP4,19.619600000000002,71.42857142857143,5.714285714285714,22.857142857142858,35
GX010811.MP4,20.02,28.57142857142857,28.57142857142857,42.857142857142854,7
GX010811.MP4,20.4204,66.66666666666666,33.33333333333333,0.0,3
GX010811.MP4,20.820800000000002,65.38461538461539,23.076923076923077,11.538461538461538,26
GX010811.MP4,21.2212,50.0,25.0,25.0,24
GX010811.MP4,21.6216,40.909090909090914,9.090909090909092,50.0,22
GX010811.MP4,22.022000000000002,80.0,6.666666666666667,13.333333333333334,15
GX010811.MP4,22.4224,56.00000000000001,20.0,24.0,25
GX010811.MP4,22.8228,50.0,8.333333333333332,41.66666666666667,36
GX010811.MP4,23.223200000000002,82.6086956521739,13.043478260869565,4.3478260869565215,23
GX010811.MP4,23.6236,69.23076923076923,7.6923076923076925,23.076923076923077,26
GX010811.MP4,24.024,62.5,20.833333333333336,16.666666666666664,24
GX010811.MP4,24.424400000000002,83.33333333333334,8.333333333333332,8.333333333333332,24
GX010811.MP4,24.8248,63.63636363636363,0.0,36.36363636363637,22
GX010811.MP4,25.2252,86.36363636363636,9.090909090909092,4.545454545454546,22
GX010811.MP4,25.625600000000002,79.16666666666666,8.333333333333332,12.5,24
GX010811.MP4,26.026,64.70588235294117,23.52941176470588,11.76470588235294,17
GX010811.MP4,26.4264,75.0,4.166666666666666,20.833333333333336,24
GX010811.MP4,26.826800000000002,80.0,6.666666666666667,13.333333333333334,15
GX010811.MP4,27.2272,63.1578947368421,21.052631578947366,15.789473684210526,19
GX010811.MP4,27.6276,35.714285714285715,28.57142857142857,35.714285714285715,14
GX010811.MP4,28.028000000000002,70.96774193548387,29.03225806451613,0.0,31
GX010811.MP4,28.4284,100.0,0.0,0.0,21
GX010811.MP4,28.8288,56.25,25.0,18.75,16
GX010811.MP4,29.229200000000002,66.66666666666666,33.33333333333333,0.0,3
GX010811.MP4,29.6296,64.28571428571429,28.57142857142857,7.142857142857142,28
GX010811.MP4,30.03,56.00000000000001,4.0,40.0,25
GX010811.MP4,30.4304,68.0,16.0,16.0,25
GX010811.MP4,30.8308,53.84615384615385,46.15384615384615,0.0,13
GX010811.MP4,31.2312,86.36363636363636,9.090909090909092,4.545454545454546,22
GX010811.MP4,31.6316,57.14285714285714,28.57142857142857,14.285714285714285,7
GX010811.MP4,32.032000000000004,76.92307692307693,15.384615384615385,7.6923076923076925,13
GX010811.MP4,32.4324,80.0,4.0,16.0,25
GX010811.MP4,32.8328,81.48148148148148,14.814814814814813,3.7037037037037033,27
GX010811.MP4,33.233200000000004,73.68421052631578,10.526315789473683,15.789473684210526,19
GX010811.MP4,33.6336,52.94117647058824,2.941176470588235,44.11764705882353,34
GX010811.MP4,34.034,81.81818181818183,4.545454545454546,13.636363636363635,22
GX010811.MP4,34.434400000000004,100.0,0.0,0.0,24
GX010811.MP4,34.8348,72.0,8.0,20.0,25
GX010811.MP4,35.2352,75.0,25.0,0.0,4
GX010811.MP4,35.635600000000004,62.857142857142854,2.857142857142857,34.285714285714285,35
GX010811.MP4,36.036,61.904761904761905,23.809523809523807,14.285714285714285,21
GX010811.MP4,36.4364,61.53846153846154,12.82051282051282,25.64102564102564,39
GX010811.MP4,36.836800000000004,66.66666666666666,0.0,33.33333333333333,15
GX010811.MP4,37.2372,42.857142857142854,14.285714285714285,42.857142857142854,21
GX010811.MP4,37.6376,76.19047619047619,9.523809523809524,14.285714285714285,21
GX010811.MP4,38.038000000000004,62.96296296296296,29.629629629629626,7.4074074074074066,27
GX010811.MP4,38.4384,57.14285714285714,28.57142857142857,14.285714285714285,21
GX010811.MP4,38.8388,82.35294117647058,17.647058823529413,0.0,17
GX010811.MP4,39.239200000000004,27.27272727272727,54.54545454545454,18.181818181818183,22
GX010811.MP4,39.6396,70.58823529411765,17.647058823529413,11.76470588235294,17
GX010811.MP4,40.04,66.66666666666666,28.57142857142857,4.761904761904762,21
GX010811.MP4,40.440400000000004,50.0,50.0,0.0,16
GX010811.MP4,40.8408,44.680851063829785,51.06382978723404,4.25531914893617,47
GX010811.MP4,41.2412,51.724137931034484,37.93103448275862,10.344827586206897,29
GX010811.MP4,41.641600000000004,50.0,34.61538461538461,15.384615384615385,26
GX010811.MP4,42.042,25.0,30.0,45.0,20
GX010811.MP4,42.4424,33.33333333333333,66.66666666666666,0.0,3
GX010811.MP4,42.842800000000004,48.148148148148145,37.03703703703704,14.814814814814813,27
GX010811.MP4,43.2432,50.0,41.66666666666667,8.333333333333332,12
GX010811.MP4,43.6436,42.857142857142854,57.14285714285714,0.0,21
GX010811.MP4,44.044000000000004,35.714285714285715,57.14285714285714,7.142857142857142,14
GX010811.MP4,44.4444,40.0,60.0,0.0,5
GX010811.MP4,44.8448,28.57142857142857,57.14285714285714,14.285714285714285,14
GX010811.MP4,45.245200000000004,35.294117647058826,47.05882352941176,17.647058823529413,17
GX010811.MP4,45.6456,25.0,25.0,50.0,4
GX010811.MP4,46.046,31.25,62.5,6.25,16
GX010811.MP4,46.446400000000004,20.833333333333336,79.16666666666666,0.0,24
GX010811.MP4,46.8468,4.761904761904762,66.66666666666666,28.57142857142857,21
GX010811.MP4,47.2472,34.61538461538461,50.0,15.384615384615385,26
GX010811.MP4,47.647600000000004,29.411764705882355,70.58823529411765,0.0,17
GX010811.MP4,48.048,33.33333333333333,62.5,4.166666666666666,24
GX010811.MP4,48.4484,36.36363636363637,59.09090909090909,4.545454545454546,22
GX010811.MP4,48.848800000000004,37.5,43.75,18.75,16
GX010811.MP4,49.2492,7.6923076923076925,92.3076923076923,0.0,13
GX010811.MP4,49.6496,7.6923076923076925,76.92307692307693,15.384615384615385,13
GX010811.MP4,50.050000000000004,41.66666666666667,58.333333333333336,0.0,12
GX010811.MP4,50.4504,26.666666666666668,60.0,13.333333333333334,15
GX010811.MP4,50.8508,40.0,40.0,20.0,15
GX010811.MP4,51.251200000000004,50.0,33.33333333333333,16.666666666666664,6
GX010811.MP4,51.6516,72.72727272727273,27.27272727272727,0.0,11
GX010811.MP4,52.052,40.0,46.666666666666664,13.333333333333334,15
GX010811.MP4,52.452400000000004,50.0,28.57142857142857,21.428571428571427,14
GX010811.MP4,52.8528,36.36363636363637,63.63636363636363,0.0,11
GX010811.MP4,53.2532,50.0,40.909090909090914,9.090909090909092,22
GX010811.MP4,53.653600000000004,0.0,0.0,0.0,0
GX010811.MP4,54.054,51.21951219512195,31.70731707317073,17.073170731707318,41
GX010811.MP4,54.4544,48.148148148148145,33.33333333333333,18.51851851851852,27
GX010811.MP4,54.854800000000004,39.473684210526315,57.89473684210527,2.631578947368421,38
GX010811.MP4,55.2552,41.66666666666667,44.44444444444444,13.88888888888889,36
GX010811.MP4,55.6556,40.0,50.0,10.0,20
GX010811.MP4,56.056000000000004,45.83333333333333,33.33333333333333,20.833333333333336,24
GX010811.MP4,56.4564,31.818181818181817,59.09090909090909,9.090909090909092,22
GX010811.MP4,56.8568,59.09090909090909,40.909090909090914,0.0,22
GX010811.MP4,57.257200000000005,42.30769230769231,46.15384615384615,11.538461538461538,26
GX010811.MP4,57.6576,25.0,59.375,15.625,32
GX010811.MP4,58.058,46.15384615384615,46.15384615384615,7.6923076923076925,13
GX010811.MP4,58.458400000000005,45.45454545454545,45.45454545454545,9.090909090909092,33
GX010811.MP4,58.8588,13.043478260869565,86.95652173913044,0.0,23
GX010811.MP4,59.2592,46.42857142857143,39.285714285714285,14.285714285714285,28
GX010811.MP4,59.6596,55.55555555555556,44.44444444444444,0.0,18
GX010811.MP4,60.06,45.0,35.0,20.0,20
GX010811.MP4,60.4604,47.368421052631575,36.84210526315789,15.789473684210526,19
GX010811.MP4,60.8608,42.857142857142854,0.0,57.14285714285714,7
GX010811.MP4,61.2612,50.0,50.0,0.0,16
GX010811.MP4,61.6616,31.57894736842105,52.63157894736842,15.789473684210526,19
GX010811.MP4,62.062,27.27272727272727,27.27272727272727,45.45454545454545,11
GX010811.MP4,62.4624,72.22222222222221,16.666666666666664,11.11111111111111,18
GX010811.MP4,62.8628,64.70588235294117,29.411764705882355,5.88235294117647,17
GX010811.MP4,63.2632,64.70588235294117,35.294117647058826,0.0,17
GX010811.MP4,63.6636,0.0,50.0,50.0,2
GX010811.MP4,64.06400000000001,34.78260869565217,52.17391304347826,13.043478260869565,23
GX010811.MP4,64.4644,25.0,46.42857142857143,28.57142857142857,28
GX010811.MP4,64.8648,17.647058823529413,70.58823529411765,11.76470588235294,17
GX010811.MP4,65.26520000000001,12.5,62.5,25.0,16
GX010811.MP4,65.6656,34.375,62.5,3.125,32
GX010811.MP4,66.066,17.391304347826086,56.52173913043478,26.08695652173913,23
GX010811.MP4,66.46640000000001,11.11111111111111,48.148148148148145,40.74074074074074,27
GX010811.MP4,66.8668,22.22222222222222,74.07407407407408,3.7037037037037033,27
GX010811.MP4,67.2672,8.0,76.0,16.0,25
GX010811.MP4,67.66760000000001,6.25,93.75,0.0,16
GX010811.MP4,68.068,23.076923076923077,69.23076923076923,7.6923076923076925,13
GX010811.MP4,68.4684,14.285714285714285,85.71428571428571,0.0,7
GX010811.MP4,68.86880000000001,7.6923076923076925,76.92307692307693,15.384615384615385,13
GX010811.MP4,69.2692,17.647058823529413,76.47058823529412,5.88235294117647,17
GX010811.MP4,69.6696,4.761904761904762,57.14285714285714,38.095238095238095,21
GX010811.MP4,70.07000000000001,12.5,87.5,0.0,8
GX010811.MP4,70.4704,11.11111111111111,61.111111111111114,27.77777777777778,18
GX010811.MP4,70.8708,11.11111111111111,77.77777777777779,11.11111111111111,9
GX010811.MP4,71.27120000000001,0.0,90.9090909090909,9.090909090909092,11
GX010811.MP4,71.6716,11.11111111111111,77.77777777777779,11.11111111111111,9
GX010811.MP4,72.072,0.0,92.3076923076923,7.6923076923076925,13
GX010811.MP4,72.47240000000001,21.428571428571427,42.857142857142854,35.714285714285715,14
GX010811.MP4,72.8728,0.0,83.33333333333334,16.666666666666664,18
GX010811.MP4,73.2732,12.5,75.0,12.5,8
GX010811.MP4,73.67360000000001,0.0,100.0,0.0,13
GX010811.MP4,74.074,0.0,71.42857142857143,28.57142857142857,7
GX010811.MP4,74.4744,4.761904761904762,95.23809523809523,0.0,21
GX010811.MP4,74.87480000000001,0.0,100.0,0.0,10
GX010811.MP4,75.2752,0.0,80.0,20.0,15
GX010811.MP4,75.6756,7.6923076923076925,92.3076923076923,0.0,13
GX010811.MP4,76.07600000000001,0.0,100.0,0.0,11
GX010811.MP4,76.4764,0.0,92.3076923076923,7.6923076923076925,13
GX010811.MP4,76.8768,10.0,90.0,0.0,10
GX010811.MP4,77.27720000000001,6.25,81.25,12.5,16
GX010811.MP4,77.6776,21.428571428571427,78.57142857142857,0.0,14
GX010811.MP4,78.078,0.0,38.88888888888889,61.111111111111114,18
GX010811.MP4,78.47840000000001,0.0,93.75,6.25,16
GX010811.MP4,78.8788,14.285714285714285,80.95238095238095,4.761904761904762,21
GX010811.MP4,79.2792,5.555555555555555,44.44444444444444,50.0,18
GX010811.MP4,79.67960000000001,0.0,100.0,0.0,10
GX010811.MP4,80.08,13.333333333333334,80.0,6.666666666666667,15
GX010811.MP4,80.4804,16.666666666666664,83.33333333333334,0.0,12
GX010811.MP4,80.88080000000001,23.076923076923077,76.92307692307693,0.0,13
GX010811.MP4,81.2812,8.333333333333332,75.0,16.666666666666664,12
GX010811.MP4,81.6816,11.76470588235294,64.70588235294117,23.52941176470588,17
GX010811.MP4,82.08200000000001,55.55555555555556,44.44444444444444,0.0,9
GX010811.MP4,82.4824,0.0,100.0,0.0,10
GX010811.MP4,82.8828,40.0,0.0,60.0,5
GX010811.MP4,83.28320000000001,26.31578947368421,73.68421052631578,0.0,19
GX010811.MP4,83.6836,0.0,75.0,25.0,16
GX010811.MP4,84.084,8.695652173913043,73.91304347826086,17.391304347826086,23
GX010811.MP4,84.48440000000001,23.076923076923077,69.23076923076923,7.6923076923076925,13
GX010811.MP4,84.8848,15.789473684210526,57.89473684210527,26.31578947368421,19
GX010811.MP4,85.2852,26.31578947368421,57.89473684210527,15.789473684210526,19
GX010811.MP4,85.68560000000001,31.25,56.25,12.5,16
GX010811.MP4,86.086,23.52941176470588,64.70588235294117,11.76470588235294,17
GX010811.MP4,86.4864,11.11111111111111,77.77777777777779,11.11111111111111,18
GX010811.MP4,86.88680000000001,50.0,44.44444444444444,5.555555555555555,18
GX010811.MP4,87.2872,37.5,62.5,0.0,16
GX010811.MP4,87.6876,22.22222222222222,55.55555555555556,22.22222222222222,18
GX010811.MP4,88.08800000000001,14.285714285714285,80.95238095238095,4.761904761904762,21
GX010811.MP4,88.4884,13.333333333333334,73.33333333333333,13.333333333333334,15
GX010811.MP4,88.8888,5.0,75.0,20.0,20
GX010811.MP4,89.28920000000001,0.0,76.92307692307693,23.076923076923077,13
GX010811.MP4,89.6896,28.57142857142857,42.857142857142854,28.57142857142857,14
GX010811.MP4,90.09,16.666666666666664,66.66666666666666,16.666666666666664,18
GX010811.MP4,90.49040000000001,0.0,81.25,18.75,16
GX010811.MP4,90.8908,0.0,80.0,20.0,5
GX010811.MP4,91.2912,0.0,75.0,25.0,8
GX010811.MP4,91.69160000000001,12.5,75.0,12.5,8
GX010811.MP4,92.092,0.0,92.3076923076923,7.6923076923076925,13
GX010811.MP4,92.4924,0.0,66.66666666666666,33.33333333333333,3
GX010811.MP4,92.89280000000001,7.6923076923076925,84.61538461538461,7.6923076923076925,13
GX010811.MP4,93.2932,9.523809523809524,57.14285714285714,33.33333333333333,21
GX010811.MP4,93.6936,33.33333333333333,33.33333333333333,33.33333333333333,3
GX010811.MP4,94.09400000000001,13.636363636363635,68.18181818181817,18.181818181818183,22
GX010811.MP4,94.4944,33.33333333333333,42.857142857142854,23.809523809523807,21
GX010811.MP4,94.8948,68.75,31.25,0.0,16
GX010811.MP4,95.29520000000001,42.857142857142854,57.14285714285714,0.0,21
GX010811.MP4,95.6956,20.0,75.0,5.0,20
GX010811.MP4,96.096,60.0,40.0,0.0,5
GX010811.MP4,96.49640000000001,30.434782608695656,56.52173913043478,13.043478260869565,23
GX010811.MP4,96.8968,26.666666666666668,66.66666666666666,6.666666666666667,15
GX010811.MP4,97.2972,10.0,40.0,50.0,10
GX010811.MP4,97.69760000000001,46.666666666666664,40.0,13.333333333333334,15
GX010811.MP4,98.098,50.0,40.0,10.0,10
GX010811.MP4,98.4984,50.0,50.0,0.0,14
GX010811.MP4,98.89880000000001,27.77777777777778,38.88888888888889,33.33333333333333,18
GX010811.MP4,99.2992,27.27272727272727,54.54545454545454,18.181818181818183,22
GX010811.MP4,99.6996,29.411764705882355,64.70588235294117,5.88235294117647,17
GX010811.MP4,100.10000000000001,12.5,12.5,75.0,8
GX010811.MP4,100.5004,31.57894736842105,36.84210526315789,31.57894736842105,19
GX010811.MP4,100.9008,26.666666666666668,53.333333333333336,20.0,15
GX010811.MP4,101.30120000000001,46.666666666666664,40.0,13.333333333333334,15
GX010811.MP4,101.7016,37.03703703703704,44.44444444444444,18.51851851851852,27
GX010811.MP4,102.102,56.00000000000001,20.0,24.0,25
GX010811.MP4,102.50240000000001,53.84615384615385,30.76923076923077,15.384615384615385,13
GX010811.MP4,102.9028,58.82352941176471,29.411764705882355,11.76470588235294,17
GX010811.MP4,103.3032,47.05882352941176,35.294117647058826,17.647058823529413,17
GX010811.MP4,103.70360000000001,66.66666666666666,27.77777777777778,5.555555555555555,18
GX010811.MP4,104.104,76.92307692307693,15.384615384615385,7.6923076923076925,13
GX010811.MP4,104.5044,72.72727272727273,18.181818181818183,9.090909090909092,11
GX010811.MP4,104.90480000000001,72.22222222222221,22.22222222222222,5.555555555555555,18
GX010811.MP4,105.3052,35.294117647058826,64.70588235294117,0.0,17
GX010811.MP4,105.7056,52.38095238095239,33.33333333333333,14.285714285714285,21
GX010811.MP4,106.10600000000001,40.0,33.33333333333333,26.666666666666668,15
GX010811.MP4,106.5064,64.28571428571429,35.714285714285715,0.0,14
GX010811.MP4,106.9068,50.0,10.0,40.0,10
GX010811.MP4,107.30720000000001,41.17647058823529,41.17647058823529,17.647058823529413,17
GX010811.MP4,107.7076,50.0,28.57142857142857,21.428571428571427,14
GX010811.MP4,108.108,59.09090909090909,27.27272727272727,13.636363636363635,22
GX010811.MP4,108.50840000000001,50.0,12.5,37.5,16
GX010811.MP4,108.9088,47.05882352941176,29.411764705882355,23.52941176470588,17
GX010811.MP4,109.3092,55.55555555555556,44.44444444444444,0.0,9
GX010811.MP4,109.70960000000001,60.0,40.0,0.0,10
GX010811.MP4,110.11,27.27272727272727,45.45454545454545,27.27272727272727,11
GX010811.MP4,110.5104,28.57142857142857,50.0,21.428571428571427,14
GX010811.MP4,110.91080000000001,7.6923076923076925,61.53846153846154,30.76923076923077,13
GX010811.MP4,111.3112,54.54545454545454,45.45454545454545,0.0,11
GX010811.MP4,111.7116,7.6923076923076925,53.84615384615385,38.46153846153847,13
GX010811.MP4,112.11200000000001,42.10526315789473,47.368421052631575,10.526315789473683,19
GX010811.MP4,112.5124,57.14285714285714,21.428571428571427,21.428571428571427,14
GX010811.MP4,112.9128,50.0,50.0,0.0,14
GX010811.MP4,113.31320000000001,0.0,100.0,0.0,13
GX010811.MP4,113.7136,29.411764705882355,35.294117647058826,35.294117647058826,17
GX010811.MP4,114.114,47.05882352941176,23.52941176470588,29.411764705882355,17
GX010811.MP4,114.51440000000001,72.22222222222221,22.22222222222222,5.555555555555555,18
GX010811.MP4,114.9148,36.36363636363637,36.36363636363637,27.27272727272727,11
GX010811.MP4,115.3152,83.33333333333334,16.666666666666664,0.0,12
GX010811.MP4,115.71560000000001,76.92307692307693,23.076923076923077,0.0,13
GX010811.MP4,116.116,33.33333333333333,60.0,6.666666666666667,15
GX010811.MP4,116.5164,72.72727272727273,27.27272727272727,0.0,11
GX010811.MP4,116.91680000000001,71.42857142857143,14.285714285714285,14.285714285714285,14
GX010811.MP4,117.3172,41.66666666666667,16.666666666666664,41.66666666666667,12
GX010811.MP4,117.7176,70.0,20.0,10.0,10
GX010811.MP4,118.11800000000001,53.84615384615385,46.15384615384615,0.0,13
GX010811.MP4,118.5184,20.0,53.333333333333336,26.666666666666668,15
GX010811.MP4,118.9188,40.0,40.0,20.0,10
GX010811.MP4,119.3192,33.33333333333333,37.03703703703704,29.629629629629626,27
GX010811.MP4,119.7196,50.0,42.857142857142854,7.142857142857142,14
GX010811.MP4,120.12,26.666666666666668,66.66666666666666,6.666666666666667,15
GX010811.MP4,120.5204,9.090909090909092,45.45454545454545,45.45454545454545,11
GX010811.MP4,120.9208,25.0,62.5,12.5,8
GX010811.MP4,121.3212,0.0,90.0,10.0,10
GX010811.MP4,121.7216,45.45454545454545,36.36363636363637,18.181818181818183,11
GX010811.MP4,122.122,21.052631578947366,15.789473684210526,63.1578947368421,19
GX010811.MP4,122.5224,27.27272727272727,72.72727272727273,0.0,11
GX010811.MP4,122.9228,33.33333333333333,26.666666666666668,40.0,15
GX010811.MP4,123.3232,63.63636363636363,27.27272727272727,9.090909090909092,22
GX010811.MP4,123.7236,28.57142857142857,19.047619047619047,52.38095238095239,21
GX010811.MP4,124.124,10.0,70.0,20.0,10
GX010811.MP4,124.5244,45.45454545454545,36.36363636363637,18.181818181818183,11
GX010811.MP4,124.9248,88.88888888888889,0.0,11.11111111111111,9
GX010811.MP4,125.3252,66.66666666666666,33.33333333333333,0.0,12
GX010811.MP4,125.7256,40.0,60.0,0.0,10
GX010811.MP4,126.126,33.33333333333333,40.0,26.666666666666668,15
GX010811.MP4,126.5264,57.14285714285714,28.57142857142857,14.285714285714285,14
GX010811.MP4,126.9268,68.75,6.25,25.0,16
GX010811.MP4,127.3272,61.53846153846154,38.46153846153847,0.0,13
GX010811.MP4,127.7276,46.666666666666664,26.666666666666668,26.666666666666668,15
GX010811.MP4,128.12800000000001,43.75,43.75,12.5,16
GX010811.MP4,128.5284,28.57142857142857,57.14285714285714,14.285714285714285,14
GX010811.MP4,128.9288,10.0,10.0,80.0,10
GX010811.MP4,129.32920000000001,25.0,50.0,25.0,8
GX010811.MP4,129.7296,11.11111111111111,66.66666666666666,22.22222222222222,9
GX010811.MP4,130.13,20.0,40.0,40.0,10
GX010811.MP4,130.53040000000001,0.0,50.0,50.0,2
GX010811.MP4,130.9308,22.22222222222222,66.66666666666666,11.11111111111111,9
GX010811.MP4,131.3312,0.0,81.81818181818183,18.181818181818183,11
GX010811.MP4,131.73160000000001,11.11111111111111,66.66666666666666,22.22222222222222,9
GX010811.MP4,132.132,0.0,100.0,0.0,14
GX010811.MP4,132.5324,0.0,100.0,0.0,3
GX010811.MP4,132.93280000000001,0.0,40.0,60.0,10
GX010811.MP4,133.3332,43.75,37.5,18.75,16
GX010811.MP4,133.7336,38.88888888888889,22.22222222222222,38.88888888888889,18
GX010811.MP4,134.13400000000001,31.25,43.75,25.0,16
GX010811.MP4,134.5344,18.181818181818183,27.27272727272727,54.54545454545454,11
GX010811.MP4,134.9348,25.0,50.0,25.0,12
GX010811.MP4,135.33520000000001,14.285714285714285,57.14285714285714,28.57142857142857,7
GX010811.MP4,135.7356,0.0,0.0,0.0,0
GX010811.MP4,136.136,0.0,87.5,12.5,8
GX010811.MP4,136.53640000000001,28.57142857142857,57.14285714285714,14.285714285714285,14
GX010811.MP4,136.9368,42.857142857142854,50.0,7.142857142857142,14
GX010811.MP4,137.3372,78.57142857142857,21.428571428571427,0.0,14
GX010811.MP4,137.73760000000001,30.0,50.0,20.0,10
GX010811.MP4,138.138,0.0,100.0,0.0,4
GX010811.MP4,138.5384,0.0,100.0,0.0,3
GX010811.MP4,138.93880000000001,0.0,100.0,0.0,3
GX010811.MP4,139.3392,20.0,60.0,20.0,5
GX010811.MP4,139.7396,66.66666666666666,33.33333333333333,0.0,6
GX010811.MP4,140.14000000000001,60.0,26.666666666666668,13.333333333333334,15
GX010811.MP4,140.5404,62.5,12.5,25.0,16
GX010811.MP4,140.9408,85.71428571428571,14.285714285714285,0.0,7
GX010811.MP4,141.34120000000001,54.54545454545454,27.27272727272727,18.181818181818183,11
GX010811.MP4,141.7416,77.77777777777779,11.11111111111111,11.11111111111111,9
GX010811.MP4,142.142,72.72727272727273,27.27272727272727,0.0,11
GX010811.MP4,142.54240000000001,62.5,37.5,0.0,8
GX010811.MP4,142.9428,42.857142857142854,42.857142857142854,14.285714285714285,21
GX010811.MP4,143.3432,50.0,12.5,37.5,8
GX010811.MP4,143.74360000000001,63.63636363636363,36.36363636363637,0.0,11
GX010811.MP4,144.144,36.36363636363637,45.45454545454545,18.181818181818183,11
GX010811.MP4,144.5444,73.07692307692307,19.230769230769234,7.6923076923076925,26
GX010811.MP4,144.94480000000001,66.66666666666666,11.11111111111111,22.22222222222222,18
GX010811.MP4,145.3452,53.333333333333336,13.333333333333334,33.33333333333333,30
GX010811.MP4,145.7456,80.76923076923077,11.538461538461538,7.6923076923076925,26
GX010811.MP4,146.14600000000002,75.0,15.0,10.0,20
GX010811.MP4,146.5464,43.47826086956522,47.82608695652174,8.695652173913043,23
GX010811.MP4,146.9468,86.66666666666667,13.333333333333334,0.0,15
GX010811.MP4,147.34720000000002,80.0,12.0,8.0,25
GX010811.MP4,147.7476,65.0,10.0,25.0,20
GX010811.MP4,148.148,66.66666666666666,12.5,20.833333333333336,24
GX010811.MP4,148.54840000000002,60.0,10.0,30.0,20
GX010811.MP4,148.9488,64.0,16.0,20.0,25
GX010811.MP4,149.3492,80.95238095238095,19.047619047619047,0.0,21
GX010811.MP4,149.74960000000002,42.10526315789473,47.368421052631575,10.526315789473683,19
GX010811.MP4,150.15,59.25925925925925,18.51851851851852,22.22222222222222,27
GX010811.MP4,150.5504,55.00000000000001,10.0,35.0,20
GX010811.MP4,150.95080000000002,76.0,24.0,0.0,25
GX010811.MP4,151.3512,82.6086956521739,4.3478260869565215,13.043478260869565,23
GX010811.MP4,151.7516,80.0,10.0,10.0,10
GX010811.MP4,152.15200000000002,100.0,0.0,0.0,15
GX010811.MP4,152.5524,47.05882352941176,5.88235294117647,47.05882352941176,17
GX010811.MP4,152.9528,50.0,40.0,10.0,10
GX010811.MP4,153.35320000000002,92.85714285714286,0.0,7.142857142857142,14
GX010811.MP4,153.7536,83.33333333333334,0.0,16.666666666666664,18
GX010811.MP4,154.154,95.0,5.0,0.0,20
GX010811.MP4,154.55440000000002,94.11764705882352,5.88235294117647,0.0,17
GX010811.MP4,154.9548,62.5,37.5,0.0,32
GX010811.MP4,155.3552,82.35294117647058,5.88235294117647,11.76470588235294,17
GX010811.MP4,155.75560000000002,42.857142857142854,14.285714285714285,42.857142857142854,14
GX010811.MP4,156.156,66.66666666666666,9.523809523809524,23.809523809523807,21
GX010811.MP4,156.5564,73.07692307692307,3.8461538461538463,23.076923076923077,26
GX010811.MP4,156.95680000000002,82.35294117647058,11.76470588235294,5.88235294117647,17
GX010811.MP4,157.3572,88.88888888888889,5.555555555555555,5.555555555555555,18
GX010811.MP4,157.7576,38.095238095238095,0.0,61.904761904761905,21
GX010811.MP4,158.15800000000002,89.47368421052632,5.263157894736842,5.263157894736842,19
GX010811.MP4,158.5584,88.0,8.0,4.0,25
GX010811.MP4,158.9588,60.86956521739131,26.08695652173913,13.043478260869565,23
GX010811.MP4,159.35920000000002,53.84615384615385,7.6923076923076925,38.46153846153847,13
GX010811.MP4,159.7596,63.888888888888886,30.555555555555557,5.555555555555555,36
GX010811.MP4,160.16,81.48148148148148,11.11111111111111,7.4074074074074066,27
GX010811.MP4,160.56040000000002,78.94736842105263,15.789473684210526,5.263157894736842,19
GX010811.MP4,160.9608,56.52173913043478,26.08695652173913,17.391304347826086,23
GX010811.MP4,161.3612,59.09090909090909,18.181818181818183,22.727272727272727,22
GX010811.MP4,161.76160000000002,70.0,20.0,10.0,10
GX010811.MP4,162.162,76.92307692307693,11.538461538461538,11.538461538461538,26
GX010811.MP4,162.5624,89.47368421052632,10.526315789473683,0.0,19
GX010811.MP4,162.96280000000002,50.0,40.0,10.0,20
GX010811.MP4,163.3632,56.25,6.25,37.5,16
GX010811.MP4,163.7636,64.70588235294117,5.88235294117647,29.411764705882355,17
GX010811.MP4,164.16400000000002,59.09090909090909,22.727272727272727,18.181818181818183,22
GX010811.MP4,164.5644,86.95652173913044,13.043478260869565,0.0,23
GX010811.MP4,164.9648,61.111111111111114,22.22222222222222,16.666666666666664,18
GX010811.MP4,165.36520000000002,83.33333333333334,0.0,16.666666666666664,12
GX010811.MP4,165.7656,50.0,50.0,0.0,12
GX010811.MP4,166.166,85.71428571428571,7.142857142857142,7.142857142857142,14
GX010811.MP4,166.56640000000002,75.0,12.5,12.5,16
GX010811.MP4,166.9668,81.81818181818183,18.181818181818183,0.0,11
GX010811.MP4,167.3672,59.25925925925925,25.925925925925924,14.814814814814813,27
GX010811.MP4,167.76760000000002,77.77777777777779,5.555555555555555,16.666666666666664,18
GX010811.MP4,168.168,73.68421052631578,5.263157894736842,21.052631578947366,19
GX010811.MP4,168.5684,57.14285714285714,28.57142857142857,14.285714285714285,14
GX010811.MP4,168.96880000000002,25.0,0.0,75.0,4
GX010811.MP4,169.3692,42.857142857142854,0.0,57.14285714285714,14
GX010811.MP4,169.7696,80.0,13.333333333333334,6.666666666666667,15
GX010811.MP4,170.17000000000002,46.15384615384615,3.8461538461538463,50.0,26
GX010811.MP4,170.5704,70.37037037037037,14.814814814814813,14.814814814814813,27
GX010811.MP4,170.9708,86.95652173913044,8.695652173913043,4.3478260869565215,23
GX010811.MP4,171.37120000000002,37.5,50.0,12.5,8
GX010811.MP4,171.7716,64.70588235294117,23.52941176470588,11.76470588235294,17
GX010811.MP4,172.172,31.25,31.25,37.5,16
GX010811.MP4,172.57240000000002,44.44444444444444,22.22222222222222,33.33333333333333,18
GX010811.MP4,172.9728,25.0,62.5,12.5,16
GX010811.MP4,173.3732,63.63636363636363,27.27272727272727,9.090909090909092,11
GX010811.MP4,173.77360000000002,45.0,45.0,10.0,20
GX010811.MP4,174.174,70.0,30.0,0.0,10
GX010811.MP4,174.5744,20.0,70.0,10.0,20
GX010811.MP4,174.97480000000002,63.1578947368421,31.57894736842105,5.263157894736842,19
GX010811.MP4,175.3752,33.33333333333333,3.7037037037037033,62.96296296296296,27
GX010811.MP4,175.7756,60.86956521739131,21.73913043478261,17.391304347826086,23
GX010811.MP4,176.17600000000002,50.0,17.857142857142858,32.142857142857146,28
GX010811.MP4,176.5764,21.428571428571427,42.857142857142854,35.714285714285715,14
GX010811.MP4,176.9768,64.28571428571429,21.428571428571427,14.285714285714285,14
GX010811.MP4,177.37720000000002,58.82352941176471,23.52941176470588,17.647058823529413,17
GX010811.MP4,177.7776,60.0,10.0,30.0,20
GX010811.MP4,178.178,41.66666666666667,33.33333333333333,25.0,12
GX010811.MP4,178.57840000000002,25.0,66.66666666666666,8.333333333333332,12
GX010811.MP4,178.9788,50.0,22.22222222222222,27.77777777777778,18
GX010811.MP4,179.3792,66.66666666666666,16.666666666666664,16.666666666666664,6
GX010811.MP4,179.77960000000002,42.857142857142854,42.857142857142854,14.285714285714285,7
GX010811.MP4,180.18,69.23076923076923,23.076923076923077,7.6923076923076925,13
GX010811.MP4,180.5804,75.0,8.333333333333332,16.666666666666664,12
GX010811.MP4,180.98080000000002,61.904761904761905,14.285714285714285,23.809523809523807,21
GX010811.MP4,181.3812,41.66666666666667,58.333333333333336,0.0,12
GX010811.MP4,181.7816,50.0,35.714285714285715,14.285714285714285,14
GX010811.MP4,182.18200000000002,50.0,6.25,43.75,16
GX010811.MP4,182.5824,70.58823529411765,5.88235294117647,23.52941176470588,17
GX010811.MP4,182.9828,81.25,12.5,6.25,16
GX010811.MP4,183.38320000000002,80.0,0.0,20.0,5
GX010811.MP4,183.7836,57.14285714285714,35.714285714285715,7.142857142857142,14
GX010811.MP4,184.184,0.0,33.33333333333333,66.66666666666666,3
GX010811.MP4,184.58440000000002,66.66666666666666,8.333333333333332,25.0,12
GX010811.MP4,184.9848,100.0,0.0,0.0,4
GX010811.MP4,185.3852,50.0,36.36363636363637,13.636363636363635,22
GX010811.MP4,185.78560000000002,33.33333333333333,66.66666666666666,0.0,9
GX010811.MP4,186.186,40.0,60.0,0.0,5
GX010811.MP4,186.5864,75.0,0.0,25.0,8
GX010811.MP4,186.98680000000002,53.333333333333336,13.333333333333334,33.33333333333333,15
GX010811.MP4,187.3872,76.92307692307693,23.076923076923077,0.0,13
GX010811.MP4,187.7876,90.9090909090909,9.090909090909092,0.0,11
GX010811.MP4,188.18800000000002,84.61538461538461,15.384615384615385,0.0,13
GX010811.MP4,188.5884,50.0,50.0,0.0,12
GX010811.MP4,188.9888,75.0,12.5,12.5,16
GX010811.MP4,189.38920000000002,85.71428571428571,14.285714285714285,0.0,7
GX010811.MP4,189.7896,84.61538461538461,15.384615384615385,0.0,13
GX010811.MP4,190.19,46.15384615384615,23.076923076923077,30.76923076923077,13
GX010811.MP4,190.59040000000002,38.46153846153847,46.15384615384615,15.384615384615385,13
GX010811.MP4,190.9908,66.66666666666666,22.22222222222222,11.11111111111111,9
GX010811.MP4,191.3912,68.75,25.0,6.25,16
GX010811.MP4,191.79160000000002,61.904761904761905,23.809523809523807,14.285714285714285,21
GX010811.MP4,192.192,66.66666666666666,25.0,8.333333333333332,12
GX010811.MP4,192.5924,57.14285714285714,14.285714285714285,28.57142857142857,21
GX010811.MP4,192.99280000000002,40.0,20.0,40.0,10
GX010811.MP4,193.3932,55.172413793103445,44.827586206896555,0.0,29
GX010811.MP4,193.7936,33.33333333333333,38.88888888888889,27.77777777777778,18
GX010811.MP4,194.19400000000002,63.33333333333333,20.0,16.666666666666664,30
GX010811.MP4,194.5944,63.63636363636363,9.090909090909092,27.27272727272727,11
GX010811.MP4,194.9948,54.54545454545454,18.181818181818183,27.27272727272727,11
GX010811.MP4,195.39520000000002,83.33333333333334,16.666666666666664,0.0,12
GX010811.MP4,195.7956,75.0,25.0,0.0,8
GX010811.MP4,196.196,25.0,50.0,25.0,12
GX010811.MP4,196.59640000000002,66.66666666666666,16.666666666666664,16.666666666666664,12
GX010811.MP4,196.9968,50.0,16.666666666666664,33.33333333333333,6
GX010811.MP4,197.3972,66.66666666666666,11.11111111111111,22.22222222222222,9
GX010811.MP4,197.79760000000002,66.66666666666666,11.11111111111111,22.22222222222222,9
GX010811.MP4,198.198,80.0,0.0,20.0,15
GX010811.MP4,198.5984,35.714285714285715,64.28571428571429,0.0,14
GX010811.MP4,198.99880000000002,83.33333333333334,16.666666666666664,0.0,6
GX010811.MP4,199.3992,60.0,20.0,20.0,5
GX010811.MP4,199.7996,50.0,50.0,0.0,8
GX010811.MP4,200.20000000000002,31.57894736842105,68.42105263157895,0.0,19
GX010811.MP4,200.6004,58.82352941176471,41.17647058823529,0.0,17
GX010811.MP4,201.0008,68.18181818181817,13.636363636363635,18.181818181818183,22
GX010811.MP4,201.40120000000002,56.25,37.5,6.25,16
GX010811.MP4,201.8016,33.33333333333333,33.33333333333333,33.33333333333333,6
GX010811.MP4,202.202,62.5,25.0,12.5,16
GX010811.MP4,202.60240000000002,58.82352941176471,23.52941176470588,17.647058823529413,17
GX010811.MP4,203.0028,33.33333333333333,66.66666666666666,0.0,15
GX010811.MP4,203.4032,73.68421052631578,5.263157894736842,21.052631578947366,19
GX010811.MP4,203.80360000000002,86.36363636363636,4.545454545454546,9.090909090909092,22
GX010811.MP4,204.204,36.84210526315789,36.84210526315789,26.31578947368421,19
GX010811.MP4,204.6044,80.0,20.0,0.0,15
GX010811.MP4,205.00480000000002,45.0,35.0,20.0,20
GX010811.MP4,205.4052,50.0,42.857142857142854,7.142857142857142,14
GX010811.MP4,205.8056,58.82352941176471,17.647058823529413,23.52941176470588,17
GX010811.MP4,206.20600000000002,40.0,40.0,20.0,5
GX010811.MP4,206.6064,35.714285714285715,21.428571428571427,42.857142857142854,14
GX010811.MP4,207.0068,70.58823529411765,17.647058823529413,11.76470588235294,17
GX010811.MP4,207.40720000000002,82.35294117647058,17.647058823529413,0.0,17
GX010811.MP4,207.8076,64.70588235294117,35.294117647058826,0.0,17
GX010811.MP4,208.208,76.47058823529412,17.647058823529413,5.88235294117647,17
GX010811.MP4,208.60840000000002,71.42857142857143,7.142857142857142,21.428571428571427,14
GX010811.MP4,209.0088,64.28571428571429,28.57142857142857,7.142857142857142,14
GX010811.MP4,209.4092,61.53846153846154,15.384615384615385,23.076923076923077,13
GX010811.MP4,209.80960000000002,68.75,25.0,6.25,16
GX010811.MP4,210.21,30.0,60.0,10.0,10
GX010811.MP4,210.6104,66.66666666666666,6.666666666666667,26.666666666666668,15
GX010811.MP4,211.01080000000002,14.285714285714285,21.428571428571427,64.28571428571429,14
GX010811.MP4,211.4112,45.45454545454545,27.27272727272727,27.27272727272727,11
GX010811.MP4,211.8116,42.10526315789473,52.63157894736842,5.263157894736842,19
GX010811.MP4,212.21200000000002,36.36363636363637,63.63636363636363,0.0,11
GX010811.MP4,212.6124,36.84210526315789,47.368421052631575,15.789473684210526,19
GX010811.MP4,213.0128,50.0,50.0,0.0,14
GX010811.MP4,213.41320000000002,38.46153846153847,46.15384615384615,15.384615384615385,13
GX010811.MP4,213.8136,54.54545454545454,45.45454545454545,0.0,11
GX010811.MP4,214.214,58.333333333333336,16.666666666666664,25.0,12
GX010811.MP4,214.61440000000002,80.0,20.0,0.0,15
GX010811.MP4,215.0148,61.53846153846154,30.76923076923077,7.6923076923076925,13
GX010811.MP4,215.4152,53.84615384615385,38.46153846153847,7.6923076923076925,13
GX010811.MP4,215.81560000000002,30.76923076923077,61.53846153846154,7.6923076923076925,13
GX010811.MP4,216.216,60.0,40.0,0.0,5
GX010811.MP4,216.6164,77.77777777777779,11.11111111111111,11.11111111111111,9
GX010811.MP4,217.01680000000002,47.368421052631575,36.84210526315789,15.789473684210526,19
GX010811.MP4,217.4172,75.0,25.0,0.0,4
GX010811.MP4,217.8176,33.33333333333333,40.0,26.666666666666668,15
GX010811.MP4,218.21800000000002,40.0,33.33333333333333,26.666666666666668,15
GX010811.MP4,218.6184,10.526315789473683,78.94736842105263,10.526315789473683,19
GX010811.MP4,219.0188,25.0,37.5,37.5,16
GX010811.MP4,219.41920000000002,27.27272727272727,63.63636363636363,9.090909090909092,11
GX010811.MP4,219.8196,33.33333333333333,33.33333333333333,33.33333333333333,6
GX010811.MP4,220.22,36.36363636363637,36.36363636363637,27.27272727272727,11
GX010811.MP4,220.62040000000002,27.27272727272727,63.63636363636363,9.090909090909092,11
GX010811.MP4,221.0208,53.333333333333336,26.666666666666668,20.0,15
GX010811.MP4,221.4212,30.0,60.0,10.0,10
GX010811.MP4,221.82160000000002,33.33333333333333,66.66666666666666,0.0,6
GX010811.MP4,222.222,25.0,75.0,0.0,12
GX010811.MP4,222.6224,50.0,16.666666666666664,33.33333333333333,6
GX010811.MP4,223.02280000000002,50.0,21.428571428571427,28.57142857142857,14
GX010811.MP4,223.4232,44.44444444444444,55.55555555555556,0.0,9
GX010811.MP4,223.8236,55.55555555555556,22.22222222222222,22.22222222222222,9
GX010811.MP4,224.22400000000002,50.0,8.333333333333332,41.66666666666667,12
GX010811.MP4,224.6244,77.77777777777779,11.11111111111111,11.11111111111111,9
GX010811.MP4,225.0248,50.0,21.428571428571427,28.57142857142857,14
GX010811.MP4,225.42520000000002,23.076923076923077,69.23076923076923,7.6923076923076925,13
GX010811.MP4,225.8256,44.44444444444444,33.33333333333333,22.22222222222222,9
GX010811.MP4,226.226,58.333333333333336,41.66666666666667,0.0,12
GX010811.MP4,226.62640000000002,66.66666666666666,0.0,33.33333333333333,3
GX010811.MP4,227.0268,23.52941176470588,35.294117647058826,41.17647058823529,17
GX010811.MP4,227.4272,40.0,50.0,10.0,10
GX010811.MP4,227.82760000000002,50.0,16.666666666666664,33.33333333333333,12
GX010811.MP4,228.228,53.84615384615385,30.76923076923077,15.384615384615385,13
GX010811.MP4,228.6284,16.666666666666664,50.0,33.33333333333333,12
GX010811.MP4,229.02880000000002,43.75,43.75,12.5,16
GX010811.MP4,229.4292,46.15384615384615,23.076923076923077,30.76923076923077,13
GX010811.MP4,229.8296,33.33333333333333,33.33333333333333,33.33333333333333,15
GX010811.MP4,230.23000000000002,38.88888888888889,44.44444444444444,16.666666666666664,18
GX010811.MP4,230.6304,42.857142857142854,50.0,7.142857142857142,14
GX010811.MP4,231.0308,26.666666666666668,46.666666666666664,26.666666666666668,15
GX010811.MP4,231.43120000000002,25.0,75.0,0.0,12
GX010811.MP4,231.8316,23.076923076923077,53.84615384615385,23.076923076923077,13
GX010811.MP4,232.232,0.0,100.0,0.0,6
GX010811.MP4,232.63240000000002,50.0,35.714285714285715,14.285714285714285,14
GX010811.MP4,233.0328,53.333333333333336,13.333333333333334,33.33333333333333,15
GX010811.MP4,233.4332,55.55555555555556,33.33333333333333,11.11111111111111,18
GX010811.MP4,233.83360000000002,76.19047619047619,14.285714285714285,9.523809523809524,21
GX010811.MP4,234.234,46.666666666666664,46.666666666666664,6.666666666666667,15
GX010811.MP4,234.6344,40.0,26.666666666666668,33.33333333333333,15
GX010811.MP4,235.03480000000002,65.0,15.0,20.0,20
GX010811.MP4,235.4352,64.28571428571429,14.285714285714285,21.428571428571427,14
GX010811.MP4,235.8356,55.55555555555556,33.33333333333333,11.11111111111111,9
GX010811.MP4,236.23600000000002,61.53846153846154,38.46153846153847,0.0,13
GX010811.MP4,236.6364,63.1578947368421,36.84210526315789,0.0,19
GX010811.MP4,237.0368,33.33333333333333,66.66666666666666,0.0,9
GX010811.MP4,237.43720000000002,56.25,18.75,25.0,16
GX010811.MP4,237.8376,62.5,25.0,12.5,8
GX010811.MP4,238.238,87.5,6.25,6.25,16
GX010811.MP4,238.6384,44.44444444444444,55.55555555555556,0.0,9
GX010811.MP4,239.0388,72.22222222222221,11.11111111111111,16.666666666666664,18
GX010811.MP4,239.4392,46.15384615384615,38.46153846153847,15.384615384615385,13
GX010811.MP4,239.8396,57.14285714285714,21.428571428571427,21.428571428571427,14
GX010811.MP4,240.24,55.55555555555556,33.33333333333333,11.11111111111111,9
GX010811.MP4,240.6404,33.33333333333333,66.66666666666666,0.0,6
GX010811.MP4,241.0408,50.0,50.0,0.0,10
GX010811.MP4,241.4412,26.666666666666668,26.666666666666668,46.666666666666664,15
GX010811.MP4,241.8416,57.14285714285714,42.857142857142854,0.0,14
GX010811.MP4,242.242,80.0,10.0,10.0,10
GX010811.MP4,242.6424,42.857142857142854,21.428571428571427,35.714285714285715,14
GX010811.MP4,243.0428,20.0,80.0,0.0,5
GX010811.MP4,243.4432,50.0,37.5,12.5,8
GX010811.MP4,243.8436,35.294117647058826,35.294117647058826,29.411764705882355,17
GX010811.MP4,244.244,75.0,16.666666666666664,8.333333333333332,12
GX010811.MP4,244.6444,35.294117647058826,35.294117647058826,29.411764705882355,17
GX010811.MP4,245.0448,66.66666666666666,20.0,13.333333333333334,15
GX010811.MP4,245.4452,63.63636363636363,18.181818181818183,18.181818181818183,11
GX010811.MP4,245.8456,42.857142857142854,42.857142857142854,14.285714285714285,14
GX010811.MP4,246.246,30.76923076923077,38.46153846153847,30.76923076923077,13
GX010811.MP4,246.6464,62.5,37.5,0.0,24
GX010811.MP4,247.0468,30.0,50.0,20.0,10
GX010811.MP4,247.4472,18.75,31.25,50.0,16
GX010811.MP4,247.8476,77.77777777777779,22.22222222222222,0.0,9
GX010811.MP4,248.248,33.33333333333333,33.33333333333333,33.33333333333333,12
GX010811.MP4,248.6484,45.45454545454545,45.45454545454545,9.090909090909092,11
GX010811.MP4,249.0488,66.66666666666666,25.0,8.333333333333332,12
GX010811.MP4,249.4492,54.54545454545454,36.36363636363637,9.090909090909092,11
GX010811.MP4,249.8496,40.0,20.0,40.0,10
GX010811.MP4,250.25,56.25,43.75,0.0,16
GX010811.MP4,250.6504,36.36363636363637,18.181818181818183,45.45454545454545,11
GX010811.MP4,251.0508,53.84615384615385,30.76923076923077,15.384615384615385,13
GX010811.MP4,251.4512,50.0,33.33333333333333,16.666666666666664,12
GX010811.MP4,251.8516,50.0,35.714285714285715,14.285714285714285,14
GX010811.MP4,252.252,28.57142857142857,57.14285714285714,14.285714285714285,14
GX010811.MP4,252.6524,31.25,37.5,31.25,16
GX010811.MP4,253.0528,25.0,75.0,0.0,12
GX010811.MP4,253.4532,38.46153846153847,61.53846153846154,0.0,13
GX010811.MP4,253.8536,20.0,73.33333333333333,6.666666666666667,15
GX010811.MP4,254.254,9.090909090909092,90.9090909090909,0.0,11
GX010811.MP4,254.6544,14.285714285714285,57.14285714285714,28.57142857142857,14
GX010811.MP4,255.0548,10.0,80.0,10.0,10
GX010811.MP4,255.4552,0.0,62.5,37.5,16
GX010811.MP4,255.8556,20.0,80.0,0.0,10
GX010811.MP4,256.25600000000003,52.63157894736842,36.84210526315789,10.526315789473683,19
GX010811.MP4,256.6564,12.5,75.0,12.5,16
GX010811.MP4,257.0568,22.22222222222222,66.66666666666666,11.11111111111111,9
GX010811.MP4,257.4572,22.22222222222222,66.66666666666666,11.11111111111111,9
GX010811.MP4,257.8576,40.0,53.333333333333336,6.666666666666667,15
GX010811.MP4,258.258,66.66666666666666,33.33333333333333,0.0,3
GX010811.MP4,258.65840000000003,42.857142857142854,42.857142857142854,14.285714285714285,7
GX010811.MP4,259.0588,44.44444444444444,55.55555555555556,0.0,9
GX010811.MP4,259.4592,50.0,8.333333333333332,41.66666666666667,12
GX010811.MP4,259.8596,66.66666666666666,16.666666666666664,16.666666666666664,6
GX010811.MP4,260.26,60.0,30.0,10.0,10
GX010811.MP4,260.6604,77.27272727272727,22.727272727272727,0.0,22
GX010811.MP4,261.06080000000003,36.36363636363637,36.36363636363637,27.27272727272727,11
GX010811.MP4,261.4612,58.82352941176471,35.294117647058826,5.88235294117647,17
GX010811.MP4,261.8616,66.66666666666666,33.33333333333333,0.0,12
GX010811.MP4,262.262,37.5,37.5,25.0,8
GX010811.MP4,262.6624,50.0,50.0,0.0,12
GX010811.MP4,263.0628,45.45454545454545,36.36363636363637,18.181818181818183,11
GX010811.MP4,263.46320000000003,70.0,10.0,20.0,10
GX010811.MP4,263.8636,50.0,28.57142857142857,21.428571428571427,14
GX010811.MP4,264.264,77.77777777777779,22.22222222222222,0.0,9
GX010811.MP4,264.6644,69.23076923076923,30.76923076923077,0.0,13
GX010811.MP4,265.0648,0.0,33.33333333333333,66.66666666666666,3
GX010811.MP4,265.4652,58.333333333333336,33.33333333333333,8.333333333333332,12
GX010811.MP4,265.86560000000003,66.66666666666666,33.33333333333333,0.0,15
GX010811.MP4,266.266,40.0,26.666666666666668,33.33333333333333,15
GX010811.MP4,266.6664,57.89473684210527,31.57894736842105,10.526315789473683,19
GX010811.MP4,267.0668,52.94117647058824,23.52941176470588,23.52941176470588,17
GX010811.MP4,267.4672,35.0,35.0,30.0,20
GX010811.MP4,267.8676,85.71428571428571,14.285714285714285,0.0,7
GX010811.MP4,268.26800000000003,50.0,21.428571428571427,28.57142857142857,14
GX010811.MP4,268.6684,55.55555555555556,44.44444444444444,0.0,9
GX010811.MP4,269.0688,29.411764705882355,41.17647058823529,29.411764705882355,17
GX010811.MP4,269.4692,0.0,85.71428571428571,14.285714285714285,7
GX010811.MP4,269.8696,17.647058823529413,47.05882352941176,35.294117647058826,17
GX010811.MP4,270.27,0.0,100.0,0.0,6
GX010811.MP4,270.67040000000003,25.0,41.66666666666667,33.33333333333333,12
GX010811.MP4,271.0708,28.57142857142857,57.14285714285714,14.285714285714285,14
GX010811.MP4,271.4712,9.090909090909092,72.72727272727273,18.181818181818183,11
GX010811.MP4,271.8716,7.6923076923076925,69.23076923076923,23.076923076923077,13
GX010811.MP4,272.272,12.5,87.5,0.0,8
GX010811.MP4,272.6724,40.0,40.0,20.0,5
GX010811.MP4,273.07280000000003,23.076923076923077,53.84615384615385,23.076923076923077,13
GX010811.MP4,273.4732,8.333333333333332,91.66666666666666,0.0,12
GX010811.MP4,273.8736,50.0,33.33333333333333,16.666666666666664,12
GX010811.MP4,274.274,16.666666666666664,83.33333333333334,0.0,12
GX010811.MP4,274.6744,20.0,80.0,0.0,10
GX010811.MP4,275.0748,66.66666666666666,33.33333333333333,0.0,3
GX010811.MP4,275.47520000000003,35.714285714285715,42.857142857142854,21.428571428571427,14
GX010811.MP4,275.8756,22.22222222222222,66.66666666666666,11.11111111111111,9
GX010811.MP4,276.276,0.0,100.0,0.0,9
GX010811.MP4,276.6764,18.181818181818183,81.81818181818183,0.0,11
GX010811.MP4,277.0768,0.0,100.0,0.0,3
GX010811.MP4,277.4772,0.0,100.0,0.0,4
GX010811.MP4,277.87760000000003,0.0,55.55555555555556,44.44444444444444,9
GX010811.MP4,278.278,0.0,87.5,12.5,8
GX010811.MP4,278.6784,0.0,81.81818181818183,18.181818181818183,11
GX010811.MP4,279.0788,7.142857142857142,71.42857142857143,21.428571428571427,14
GX010811.MP4,279.4792,16.666666666666664,83.33333333333334,0.0,6
GX010811.MP4,279.8796,36.36363636363637,45.45454545454545,18.181818181818183,11
GX010811.MP4,280.28000000000003,30.0,60.0,10.0,10
GX010811.MP4,280.6804,11.11111111111111,88.88888888888889,0.0,9
GX010811.MP4,281.0808,0.0,87.5,12.5,8
GX010811.MP4,281.4812,10.0,80.0,10.0,10
GX010811.MP4,281.8816,0.0,90.0,10.0,10
GX010811.MP4,282.282,0.0,37.5,62.5,8
GX010811.MP4,282.68240000000003,25.0,75.0,0.0,4
GX010811.MP4,283.0828,0.0,62.5,37.5,8
GX010811.MP4,283.4832,14.285714285714285,71.42857142857143,14.285714285714285,7
GX010811.MP4,283.8836,0.0,100.0,0.0,1
GX010811.MP4,284.284,33.33333333333333,33.33333333333333,33.33333333333333,3
GX010811.MP4,284.6844,50.0,25.0,25.0,4
GX010811.MP4,285.08480000000003,16.666666666666664,50.0,33.33333333333333,6
GX010811.MP4,285.4852,33.33333333333333,66.66666666666666,0.0,3
GX010811.MP4,285.8856,0.0,66.66666666666666,33.33333333333333,3
GX010811.MP4,286.286,25.0,37.5,37.5,8
GX010811.MP4,286.6864,33.33333333333333,33.33333333333333,33.33333333333333,3
GX010811.MP4,287.0868,0.0,50.0,50.0,2
GX010811.MP4,287.48720000000003,66.66666666666666,33.33333333333333,0.0,6
GX010811.MP4,287.8876,33.33333333333333,66.66666666666666,0.0,3
GX010811.MP4,288.288,0.0,0.0,100.0,1
GX010811.MP4,288.6884,50.0,33.33333333333333,16.666666666666664,6
GX010811.MP4,289.0888,0.0,0.0,0.0,0
GX010811.MP4,289.4892,66.66666666666666,33.33333333333333,0.0,3
GX010811.MP4,289.88960000000003,25.0,25.0,50.0,4
GX010811.MP4,290.29,75.0,25.0,0.0,4
GX010811.MP4,290.6904,50.0,50.0,0.0,6
GX010811.MP4,291.0908,33.33333333333333,66.66666666666666,0.0,3
GX010811.MP4,291.4912,50.0,0.0,50.0,2
GX010811.MP4,291.8916,50.0,25.0,25.0,4
GX010811.MP4,292.29200000000003,100.0,0.0,0.0,1
GX010811.MP4,292.6924,0.0,0.0,100.0,2
GX010811.MP4,293.0928,0.0,0.0,0.0,0
GX010811.MP4,293.4932,100.0,0.0,0.0,1
GX010811.MP4,293.8936,0.0,0.0,0.0,0
GX010811.MP4,294.294,100.0,0.0,0.0,1
GX010811.MP4,294.69440000000003,0.0,0.0,0.0,0
GX010811.MP4,295.0948,50.0,50.0,0.0,2
GX010811.MP4,295.4952,0.0,0.0,0.0,0
GX010811.MP4,295.8956,0.0,0.0,0.0,0
GX010811.MP4,296.296,0.0,0.0,100.0,3
GX010811.MP4,296.6964,0.0,0.0,0.0,0
GX010811.MP4,297.09680000000003,0.0,100.0,0.0,1
GX010811.MP4,297.4972,100.0,0.0,0.0,1
GX010811.MP4,297.8976,0.0,0.0,0.0,0
GX010811.MP4,298.298,0.0,0.0,0.0,0
GX010811.MP4,298.6984,0.0,0.0,0.0,0
GX010811.MP4,299.0988,0.0,0.0,0.0,0
GX010811.MP4,299.49920000000003,0.0,0.0,0.0,0
GX010811.MP4,299.8996,0.0,0.0,0.0,0
GX010811.MP4,300.3,0.0,0.0,0.0,0
GX010811.MP4,300.7004,0.0,0.0,100.0,1
GX010811.MP4,301.1008,0.0,0.0,0.0,0
GX010811.MP4,301.5012,0.0,0.0,0.0,0
GX010811.MP4,301.90160000000003,0.0,0.0,0.0,0
GX010811.MP4,302.302,0.0,0.0,0.0,0
GX010811.MP4,302.7024,0.0,0.0,100.0,2
GX010811.MP4,303.1028,0.0,100.0,0.0,1
GX010811.MP4,303.5032,0.0,0.0,0.0,0
GX010811.MP4,303.9036,0.0,0.0,0.0,0
GX010811.MP4,304.30400000000003,0.0,0.0,0.0,0
GX010811.MP4,304.7044,0.0,0.0,0.0,0
GX010811.MP4,305.1048,0.0,0.0,0.0,0
GX010811.MP4,305.5052,0.0,0.0,0.0,0
GX010811.MP4,305.9056,0.0,0.0,0.0,0
GX010811.MP4,306.306,0.0,0.0,0.0,0
GX010811.MP4,306.70640000000003,0.0,0.0,0.0,0
GX010811.MP4,307.1068,0.0,0.0,0.0,0
GX010811.MP4,307.5072,0.0,0.0,0.0,0
GX010811.MP4,307.9076,0.0,0.0,0.0,0
GX010811.MP4,308.308,0.0,0.0,0.0,0
GX010811.MP4,308.7084,0.0,0.0,0.0,0
GX010811.MP4,309.10880000000003,0.0,100.0,0.0,1
GX010811.MP4,309.5092,0.0,100.0,0.0,1
GX010811.MP4,309.9096,0.0,0.0,0.0,0
GX010811.MP4,310.31,0.0,0.0,0.0,0
GX010811.MP4,310.7104,0.0,0.0,0.0,0
GX010811.MP4,311.1108,0.0,0.0,100.0,2
GX010811.MP4,311.51120000000003,0.0,0.0,0.0,0
GX010811.MP4,311.9116,100.0,0.0,0.0,1
GX010811.MP4,312.312,0.0,0.0,0.0,0
GX010811.MP4,312.7124,0.0,0.0,0.0,0
GX010811.MP4,313.1128,0.0,0.0,0.0,0
GX010811.MP4,313.5132,0.0,0.0,0.0,0
GX010811.MP4,313.91360000000003,0.0,0.0,0.0,0
GX010811.MP4,314.314,0.0,0.0,0.0,0
GX010811.MP4,314.7144,0.0,0.0,0.0,0
GX010811.MP4,315.1148,0.0,0.0,0.0,0
GX010811.MP4,315.5152,0.0,0.0,0.0,0
GX010811.MP4,315.9156,0.0,0.0,0.0,0
GX010811.MP4,316.31600000000003,0.0,0.0,0.0,0
GX010811.MP4,316.7164,0.0,0.0,100.0,1
GX010811.MP4,317.1168,50.0,50.0,0.0,2
GX010811.MP4,317.5172,100.0,0.0,0.0,1
GX010811.MP4,317.9176,0.0,100.0,0.0,1
GX010811.MP4,318.318,0.0,0.0,0.0,0
GX010811.MP4,318.71840000000003,100.0,0.0,0.0,1
GX010811.MP4,319.1188,0.0,0.0,0.0,0
GX010811.MP4,319.5192,0.0,0.0,0.0,0
GX010811.MP4,319.9196,0.0,0.0,0.0,0
GX010811.MP4,320.32,0.0,0.0,0.0,0
GX010811.MP4,320.7204,0.0,0.0,0.0,0
GX010811.MP4,321.12080000000003,0.0,0.0,0.0,0
GX010811.MP4,321.5212,100.0,0.0,0.0,1
GX010811.MP4,321.9216,0.0,0.0,0.0,0
GX010811.MP4,322.322,0.0,0.0,0.0,0
GX010811.MP4,322.7224,0.0,0.0,100.0,1
GX010811.MP4,323.1228,100.0,0.0,0.0,1
GX010811.MP4,323.52320000000003,0.0,0.0,100.0,2
GX010811.MP4,323.9236,100.0,0.0,0.0,1
GX010811.MP4,324.324,0.0,0.0,100.0,1
GX020808.MP4,0.0,59.09090909090909,34.090909090909086,6.8181818181818175,44
GX020808.MP4,0.40040000000000003,40.74074074074074,25.925925925925924,33.33333333333333,27
GX020808.MP4,0.8008000000000001,42.857142857142854,28.57142857142857,28.57142857142857,7
GX020808.MP4,1.2012,12.5,62.5,25.0,8
GX020808.MP4,1.6016000000000001,26.666666666666668,53.333333333333336,20.0,15
GX020808.MP4,2.0020000000000002,33.33333333333333,50.0,16.666666666666664,6
GX020808.MP4,2.4024,10.0,20.0,70.0,10
GX020808.MP4,2.8028,33.33333333333333,50.0,16.666666666666664,6
GX020808.MP4,3.2032000000000003,42.857142857142854,42.857142857142854,14.285714285714285,14
GX020808.MP4,3.6036,75.0,18.75,6.25,16
GX020808.MP4,4.0040000000000004,58.333333333333336,33.33333333333333,8.333333333333332,12
GX020808.MP4,4.4044,15.0,45.0,40.0,20
GX020808.MP4,4.8048,0.0,94.11764705882352,5.88235294117647,17
GX020808.MP4,5.2052000000000005,25.0,64.28571428571429,10.714285714285714,28
GX020808.MP4,5.6056,40.0,40.0,20.0,10
GX020808.MP4,6.006,16.666666666666664,83.33333333333334,0.0,6
GX020808.MP4,6.4064000000000005,27.27272727272727,13.636363636363635,59.09090909090909,22
GX020808.MP4,6.8068,47.61904761904761,4.761904761904762,47.61904761904761,21
GX020808.MP4,7.2072,21.052631578947366,26.31578947368421,52.63157894736842,19
GX020808.MP4,7.6076,34.78260869565217,13.043478260869565,52.17391304347826,23
GX020808.MP4,8.008000000000001,28.57142857142857,52.38095238095239,19.047619047619047,21
GX020808.MP4,8.4084,22.22222222222222,33.33333333333333,44.44444444444444,18
GX020808.MP4,8.8088,40.0,24.0,36.0,25
GX020808.MP4,9.209200000000001,26.08695652173913,21.73913043478261,52.17391304347826,23
GX020808.MP4,9.6096,19.230769230769234,57.692307692307686,23.076923076923077,26
GX020808.MP4,10.01,18.181818181818183,45.45454545454545,36.36363636363637,11
GX020808.MP4,10.410400000000001,42.857142857142854,28.57142857142857,28.57142857142857,7
GX020808.MP4,10.8108,46.666666666666664,20.0,33.33333333333333,30
GX020808.MP4,11.2112,51.515151515151516,21.21212121212121,27.27272727272727,33
GX020808.MP4,11.611600000000001,22.727272727272727,18.181818181818183,59.09090909090909,22
GX020808.MP4,12.012,41.37931034482759,34.48275862068966,24.137931034482758,29
GX020808.MP4,12.4124,37.5,29.166666666666668,33.33333333333333,24
GX020808.MP4,12.812800000000001,20.0,36.0,44.0,25
GX020808.MP4,13.2132,11.11111111111111,66.66666666666666,22.22222222222222,18
GX020808.MP4,13.6136,16.666666666666664,55.55555555555556,27.77777777777778,18
GX020808.MP4,14.014000000000001,9.090909090909092,63.63636363636363,27.27272727272727,11
GX020808.MP4,14.4144,5.555555555555555,66.66666666666666,27.77777777777778,18
GX020808.MP4,14.8148,55.55555555555556,33.33333333333333,11.11111111111111,27
GX020808.MP4,15.2152,34.21052631578947,31.57894736842105,34.21052631578947,38
GX020808.MP4,15.6156,33.33333333333333,41.66666666666667,25.0,24
GX020808.MP4,16.016000000000002,25.0,50.0,25.0,36
GX020808.MP4,16.4164,44.44444444444444,33.33333333333333,22.22222222222222,36
GX020808.MP4,16.8168,38.88888888888889,30.555555555555557,30.555555555555557,36
GX020808.MP4,17.217200000000002,26.47058823529412,41.17647058823529,32.35294117647059,34
GX020808.MP4,17.6176,21.428571428571427,57.14285714285714,21.428571428571427,14
GX020808.MP4,18.018,58.82352941176471,29.411764705882355,11.76470588235294,17
GX020808.MP4,18.418400000000002,45.0,30.0,25.0,20
GX020808.MP4,18.8188,33.33333333333333,41.66666666666667,25.0,12
GX020808.MP4,19.2192,41.66666666666667,50.0,8.333333333333332,24
GX020808.MP4,19.619600000000002,21.428571428571427,35.714285714285715,42.857142857142854,14
GX020808.MP4,20.02,39.130434782608695,26.08695652173913,34.78260869565217,23
GX020808.MP4,20.4204,33.33333333333333,66.66666666666666,0.0,3
GX020808.MP4,20.820800000000002,40.0,40.0,20.0,5
GX020808.MP4,21.2212,42.857142857142854,50.0,7.142857142857142,14
GX020808.MP4,21.6216,47.82608695652174,52.17391304347826,0.0,23
GX020808.MP4,22.022000000000002,38.46153846153847,61.53846153846154,0.0,13
GX020808.MP4,22.4224,56.52173913043478,26.08695652173913,17.391304347826086,23
GX020808.MP4,22.8228,77.77777777777779,22.22222222222222,0.0,9
GX020808.MP4,23.223200000000002,57.14285714285714,21.428571428571427,21.428571428571427,14
GX020808.MP4,23.6236,33.33333333333333,26.666666666666668,40.0,15
GX020808.MP4,24.024,60.0,40.0,0.0,5
GX020808.MP4,24.424400000000002,62.5,37.5,0.0,8
GX020808.MP4,24.8248,35.714285714285715,57.14285714285714,7.142857142857142,14
GX020808.MP4,25.2252,37.5,31.25,31.25,16
GX020808.MP4,25.625600000000002,15.0,60.0,25.0,20
GX020808.MP4,26.026,22.22222222222222,55.55555555555556,22.22222222222222,27
GX020808.MP4,26.4264,36.36363636363637,36.36363636363637,27.27272727272727,11
GX020808.MP4,26.826800000000002,73.52941176470588,11.76470588235294,14.705882352941178,34
GX020808.MP4,27.2272,29.166666666666668,45.83333333333333,25.0,24
GX020808.MP4,27.6276,36.666666666666664,36.666666666666664,26.666666666666668,30
GX020808.MP4,28.028000000000002,20.0,40.0,40.0,10
GX020808.MP4,28.4284,0.0,42.857142857142854,57.14285714285714,7
GX020808.MP4,28.8288,0.0,0.0,100.0,5
GX020808.MP4,29.229200000000002,30.76923076923077,38.46153846153847,30.76923076923077,13
GX020808.MP4,29.6296,58.333333333333336,25.0,16.666666666666664,12
GX020808.MP4,30.03,47.05882352941176,50.0,2.941176470588235,34
GX020808.MP4,30.4304,66.66666666666666,33.33333333333333,0.0,12
GX020808.MP4,30.8308,41.935483870967744,35.483870967741936,22.58064516129032,31
GX020808.MP4,31.2312,6.896551724137931,79.3103448275862,13.793103448275861,29
GX020808.MP4,31.6316,52.38095238095239,38.095238095238095,9.523809523809524,21
GX020808.MP4,32.032000000000004,41.935483870967744,54.83870967741935,3.225806451612903,31
GX020808.MP4,32.4324,35.294117647058826,35.294117647058826,29.411764705882355,17
GX020808.MP4,32.8328,12.903225806451612,77.41935483870968,9.67741935483871,31
GX020808.MP4,33.233200000000004,29.629629629629626,44.44444444444444,25.925925925925924,27
GX020808.MP4,33.6336,37.93103448275862,37.93103448275862,24.137931034482758,29
GX020808.MP4,34.034,45.94594594594595,43.24324324324324,10.81081081081081,37
GX020808.MP4,34.434400000000004,44.680851063829785,34.04255319148936,21.27659574468085,47
GX020808.MP4,34.8348,35.294117647058826,41.17647058823529,23.52941176470588,17
GX020808.MP4,35.2352,48.0,40.0,12.0,25
GX020808.MP4,35.635600000000004,26.31578947368421,52.63157894736842,21.052631578947366,19
GX020808.MP4,36.036,26.31578947368421,52.63157894736842,21.052631578947366,19
GX020808.MP4,36.4364,29.411764705882355,58.82352941176471,11.76470588235294,17
GX020808.MP4,36.836800000000004,50.0,40.0,10.0,20
GX020808.MP4,37.2372,36.36363636363637,36.36363636363637,27.27272727272727,33
GX020808.MP4,37.6376,64.51612903225806,25.806451612903224,9.67741935483871,31
GX020808.MP4,38.038000000000004,52.0,32.0,16.0,25
GX020808.MP4,38.4384,52.0,28.000000000000004,20.0,25
GX020808.MP4,38.8388,59.09090909090909,18.181818181818183,22.727272727272727,22
GX020808.MP4,39.239200000000004,52.0,16.0,32.0,25
GX020808.MP4,39.6396,50.0,33.33333333333333,16.666666666666664,30
GX020808.MP4,40.04,46.15384615384615,34.61538461538461,19.230769230769234,26
GX020808.MP4,40.440400000000004,41.37931034482759,31.03448275862069,27.586206896551722,29
GX020808.MP4,40.8408,35.714285714285715,35.714285714285715,28.57142857142857,14
GX020808.MP4,41.2412,21.052631578947366,52.63157894736842,26.31578947368421,19
GX020808.MP4,41.641600000000004,8.333333333333332,25.0,66.66666666666666,12
GX020808.MP4,42.042,44.0,36.0,20.0,25
GX020808.MP4,42.4424,45.45454545454545,22.727272727272727,31.818181818181817,22
GX020808.MP4,42.842800000000004,27.27272727272727,45.45454545454545,27.27272727272727,22
GX020808.MP4,43.2432,33.33333333333333,38.095238095238095,28.57142857142857,21
GX020808.MP4,43.6436,48.275862068965516,20.689655172413794,31.03448275862069,29
GX020808.MP4,44.044000000000004,40.0,42.857142857142854,17.142857142857142,35
GX020808.MP4,44.4444,25.925925925925924,40.74074074074074,33.33333333333333,27
GX020808.MP4,44.8448,25.0,50.0,25.0,28
GX020808.MP4,45.245200000000004,42.857142857142854,46.42857142857143,10.714285714285714,28
GX020808.MP4,45.6456,40.74074074074074,40.74074074074074,18.51851851851852,27
GX020808.MP4,46.046,29.72972972972973,37.83783783783784,32.432432432432435,37
GX020808.MP4,46.446400000000004,24.137931034482758,44.827586206896555,31.03448275862069,29
GX020808.MP4,46.8468,38.46153846153847,46.15384615384615,15.384615384615385,26
GX020808.MP4,47.2472,42.30769230769231,26.923076923076923,30.76923076923077,26
GX020808.MP4,47.647600000000004,50.0,40.909090909090914,9.090909090909092,22
GX020808.MP4,48.048,55.55555555555556,22.22222222222222,22.22222222222222,27
GX020808.MP4,48.4484,70.0,10.0,20.0,20
GX020808.MP4,48.848800000000004,63.63636363636363,27.27272727272727,9.090909090909092,22
GX020808.MP4,49.2492,35.294117647058826,23.52941176470588,41.17647058823529,17
GX020808.MP4,49.6496,27.27272727272727,27.27272727272727,45.45454545454545,22
GX020808.MP4,50.050000000000004,55.88235294117647,29.411764705882355,14.705882352941178,34
GX020808.MP4,50.4504,39.53488372093023,34.883720930232556,25.581395348837212,43
GX020808.MP4,50.8508,34.883720930232556,46.51162790697674,18.6046511627907,43
GX020808.MP4,51.251200000000004,53.84615384615385,23.076923076923077,23.076923076923077,26
GX020808.MP4,51.6516,60.0,20.0,20.0,30
GX020808.MP4,52.052,44.11764705882353,26.47058823529412,29.411764705882355,34
GX020808.MP4,52.452400000000004,4.0,64.0,32.0,25
GX020808.MP4,52.8528,9.090909090909092,45.45454545454545,45.45454545454545,22
GX020808.MP4,53.2532,42.10526315789473,31.57894736842105,26.31578947368421,38
GX020808.MP4,53.653600000000004,18.181818181818183,36.36363636363637,45.45454545454545,33
GX020808.MP4,54.054,22.22222222222222,59.25925925925925,18.51851851851852,27
GX020808.MP4,54.4544,23.076923076923077,50.0,26.923076923076923,26
GX020808.MP4,54.854800000000004,41.935483870967744,32.25806451612903,25.806451612903224,31
GX020808.MP4,55.2552,40.0,31.428571428571427,28.57142857142857,35
GX020808.MP4,55.6556,32.432432432432435,43.24324324324324,24.324324324324326,37
GX020808.MP4,56.056000000000004,41.935483870967744,22.58064516129032,35.483870967741936,31
GX020808.MP4,56.4564,44.44444444444444,38.88888888888889,16.666666666666664,36
GX020808.MP4,56.8568,50.0,31.25,18.75,16
GX020808.MP4,57.257200000000005,46.666666666666664,26.666666666666668,26.666666666666668,30
GX020808.MP4,57.6576,44.827586206896555,27.586206896551722,27.586206896551722,29
GX020808.MP4,58.058,48.275862068965516,24.137931034482758,27.586206896551722,29
GX020808.MP4,58.458400000000005,61.111111111111114,16.666666666666664,22.22222222222222,18
GX020808.MP4,58.8588,47.368421052631575,36.84210526315789,15.789473684210526,19
GX020808.MP4,59.2592,15.625,62.5,21.875,32
GX020808.MP4,59.6596,21.052631578947366,52.63157894736842,26.31578947368421,19
GX020808.MP4,60.06,37.142857142857146,37.142857142857146,25.71428571428571,35
GX020808.MP4,60.4604,45.714285714285715,40.0,14.285714285714285,35
GX020808.MP4,60.8608,42.42424242424242,45.45454545454545,12.121212121212121,33
GX020808.MP4,61.2612,46.666666666666664,36.666666666666664,16.666666666666664,30
GX020808.MP4,61.6616,50.0,41.66666666666667,8.333333333333332,24
GX020808.MP4,62.062,41.37931034482759,34.48275862068966,24.137931034482758,29
GX020808.MP4,62.4624,31.57894736842105,55.26315789473685,13.157894736842104,38
GX020808.MP4,62.8628,43.90243902439025,24.390243902439025,31.70731707317073,41
GX020808.MP4,63.2632,35.294117647058826,52.94117647058824,11.76470588235294,34
GX020808.MP4,63.6636,31.70731707317073,46.34146341463415,21.951219512195124,41
GX020808.MP4,64.06400000000001,41.66666666666667,41.66666666666667,16.666666666666664,24
GX020808.MP4,64.4644,34.61538461538461,38.46153846153847,26.923076923076923,26
GX020808.MP4,64.8648,42.42424242424242,42.42424242424242,15.151515151515152,33
GX020808.MP4,65.26520000000001,52.94117647058824,35.294117647058826,11.76470588235294,17
GX020808.MP4,65.6656,42.30769230769231,46.15384615384615,11.538461538461538,26
GX020808.MP4,66.066,43.75,31.25,25.0,32
GX020808.MP4,66.46640000000001,37.93103448275862,34.48275862068966,27.586206896551722,29
GX020808.MP4,66.8668,37.93103448275862,34.48275862068966,27.586206896551722,29
GX020808.MP4,67.2672,30.76923076923077,41.02564102564102,28.205128205128204,39
GX020808.MP4,67.66760000000001,36.11111111111111,44.44444444444444,19.444444444444446,36
GX020808.MP4,68.068,36.666666666666664,40.0,23.333333333333332,30
GX020808.MP4,68.4684,32.0,36.0,32.0,25
GX020808.MP4,68.86880000000001,42.857142857142854,28.57142857142857,28.57142857142857,21
GX020808.MP4,69.2692,61.53846153846154,23.076923076923077,15.384615384615385,13
GX020808.MP4,69.6696,20.0,46.666666666666664,33.33333333333333,15
GX020808.MP4,70.07000000000001,26.923076923076923,57.692307692307686,15.384615384615385,26
GX020808.MP4,70.4704,22.727272727272727,45.45454545454545,31.818181818181817,22
GX020808.MP4,70.8708,29.411764705882355,64.70588235294117,5.88235294117647,34
GX020808.MP4,71.27120000000001,34.21052631578947,57.89473684210527,7.894736842105263,38
GX020808.MP4,71.6716,11.538461538461538,76.92307692307693,11.538461538461538,26
GX020808.MP4,72.072,2.941176470588235,91.17647058823529,5.88235294117647,34
GX020808.MP4,72.47240000000001,70.37037037037037,14.814814814814813,14.814814814814813,27
GX020808.MP4,72.8728,30.303030303030305,63.63636363636363,6.0606060606060606,33
GX020808.MP4,73.2732,61.904761904761905,23.809523809523807,14.285714285714285,21
GX020808.MP4,73.67360000000001,41.86046511627907,37.2093023255814,20.930232558139537,43
GX020808.MP4,74.074,41.17647058823529,41.17647058823529,17.647058823529413,34
GX020808.MP4,74.4744,50.0,39.285714285714285,10.714285714285714,28
GX020808.MP4,74.87480000000001,27.586206896551722,48.275862068965516,24.137931034482758,29
GX020808.MP4,75.2752,20.0,77.14285714285715,2.857142857142857,35
GX020808.MP4,75.6756,25.0,62.5,12.5,24
GX020808.MP4,76.07600000000001,22.22222222222222,59.25925925925925,18.51851851851852,27
GX020808.MP4,76.4764,18.181818181818183,56.81818181818182,25.0,44
GX020808.MP4,76.8768,12.0,84.0,4.0,25
GX020808.MP4,77.27720000000001,32.0,64.0,4.0,25
GX020808.MP4,77.6776,32.25806451612903,51.61290322580645,16.129032258064516,31
GX020808.MP4,78.078,32.5,62.5,5.0,40
GX020808.MP4,78.47840000000001,42.30769230769231,50.0,7.6923076923076925,26
GX020808.MP4,78.8788,34.61538461538461,46.15384615384615,19.230769230769234,26
GX020808.MP4,79.2792,60.0,37.142857142857146,2.857142857142857,35
GX020808.MP4,79.67960000000001,34.78260869565217,43.47826086956522,21.73913043478261,23
GX020808.MP4,80.08,24.0,64.0,12.0,25
GX020808.MP4,80.4804,24.0,52.0,24.0,25
GX020808.MP4,80.88080000000001,30.76923076923077,61.53846153846154,7.6923076923076925,26
GX020808.MP4,81.2812,18.181818181818183,59.09090909090909,22.727272727272727,22
GX020808.MP4,81.6816,40.0,45.0,15.0,20
GX020808.MP4,82.08200000000001,40.909090909090914,45.45454545454545,13.636363636363635,22
GX020808.MP4,82.4824,28.000000000000004,48.0,24.0,25
GX020808.MP4,82.8828,44.44444444444444,33.33333333333333,22.22222222222222,18
GX020808.MP4,83.28320000000001,30.0,70.0,0.0,10
GX020808.MP4,83.6836,42.10526315789473,47.368421052631575,10.526315789473683,19
GX020808.MP4,84.084,29.411764705882355,52.94117647058824,17.647058823529413,17
GX020808.MP4,84.48440000000001,33.33333333333333,44.44444444444444,22.22222222222222,18
GX020808.MP4,84.8848,53.84615384615385,46.15384615384615,0.0,13
GX020808.MP4,85.2852,42.857142857142854,42.857142857142854,14.285714285714285,28
GX020808.MP4,85.68560000000001,40.0,56.00000000000001,4.0,25
GX020808.MP4,86.086,47.82608695652174,43.47826086956522,8.695652173913043,23
GX020808.MP4,86.4864,24.0,48.0,28.000000000000004,25
GX020808.MP4,86.88680000000001,18.181818181818183,72.72727272727273,9.090909090909092,22
GX020808.MP4,87.2872,8.333333333333332,58.333333333333336,33.33333333333333,24
GX020808.MP4,87.6876,29.411764705882355,58.82352941176471,11.76470588235294,17
GX020808.MP4,88.08800000000001,14.285714285714285,78.57142857142857,7.142857142857142,14
GX020808.MP4,88.4884,23.809523809523807,57.14285714285714,19.047619047619047,21
GX020808.MP4,88.8888,23.809523809523807,71.42857142857143,4.761904761904762,21
GX020808.MP4,89.28920000000001,13.333333333333334,80.0,6.666666666666667,15
GX020808.MP4,89.6896,42.857142857142854,47.61904761904761,9.523809523809524,21
GX020808.MP4,90.09,32.142857142857146,46.42857142857143,21.428571428571427,28
GX020808.MP4,90.49040000000001,26.666666666666668,40.0,33.33333333333333,15
GX020808.MP4,90.8908,42.857142857142854,42.857142857142854,14.285714285714285,21
GX020808.MP4,91.2912,25.0,65.0,10.0,20
GX020808.MP4,91.69160000000001,24.0,52.0,24.0,25
GX020808.MP4,92.092,41.17647058823529,44.11764705882353,14.705882352941178,34
GX020808.MP4,92.4924,47.61904761904761,28.57142857142857,23.809523809523807,21
GX020808.MP4,92.89280000000001,29.629629629629626,48.148148148148145,22.22222222222222,27
GX020808.MP4,93.2932,23.333333333333332,66.66666666666666,10.0,30
GX020808.MP4,93.6936,26.47058823529412,61.76470588235294,11.76470588235294,34
GX020808.MP4,94.09400000000001,45.45454545454545,40.909090909090914,13.636363636363635,22
GX020808.MP4,94.4944,12.0,76.0,12.0,25
GX020808.MP4,94.8948,27.77777777777778,50.0,22.22222222222222,18
GX020808.MP4,95.29520000000001,39.130434782608695,23.91304347826087,36.95652173913043,46
GX020808.MP4,95.6956,32.55813953488372,39.53488372093023,27.906976744186046,43
GX020808.MP4,96.096,27.77777777777778,55.55555555555556,16.666666666666664,18
GX020808.MP4,96.49640000000001,11.76470588235294,64.70588235294117,23.52941176470588,17
GX020808.MP4,96.8968,41.935483870967744,35.483870967741936,22.58064516129032,31
GX020808.MP4,97.2972,40.0,40.0,20.0,10
GX020808.MP4,97.69760000000001,28.57142857142857,52.38095238095239,19.047619047619047,21
GX020808.MP4,98.098,14.285714285714285,42.857142857142854,42.857142857142854,7
GX020808.MP4,98.4984,45.83333333333333,25.0,29.166666666666668,24
GX020808.MP4,98.89880000000001,27.77777777777778,58.333333333333336,13.88888888888889,36
GX020808.MP4,99.2992,47.368421052631575,31.57894736842105,21.052631578947366,19
GX020808.MP4,99.6996,36.84210526315789,31.57894736842105,31.57894736842105,19
GX020808.MP4,100.10000000000001,38.095238095238095,33.33333333333333,28.57142857142857,21
GX020808.MP4,100.5004,40.0,40.0,20.0,20
GX020808.MP4,100.9008,35.0,40.0,25.0,20
GX020808.MP4,101.30120000000001,37.5,25.0,37.5,8
GX020808.MP4,101.7016,33.33333333333333,33.33333333333333,33.33333333333333,9
GX020808.MP4,102.102,27.27272727272727,45.45454545454545,27.27272727272727,22
GX020808.MP4,102.50240000000001,39.130434782608695,39.130434782608695,21.73913043478261,23
GX020808.MP4,102.9028,44.44444444444444,27.77777777777778,27.77777777777778,18
GX020808.MP4,103.3032,30.76923076923077,53.84615384615385,15.384615384615385,26
GX020808.MP4,103.70360000000001,37.5,56.25,6.25,16
GX020808.MP4,104.104,28.57142857142857,64.28571428571429,7.142857142857142,14
GX020808.MP4,104.5044,17.24137931034483,65.51724137931035,17.24137931034483,29
GX020808.MP4,104.90480000000001,48.64864864864865,40.54054054054054,10.81081081081081,37
GX020808.MP4,105.3052,18.75,78.125,3.125,32
GX020808.MP4,105.7056,47.61904761904761,40.476190476190474,11.904761904761903,42
GX020808.MP4,106.10600000000001,55.81395348837209,39.53488372093023,4.651162790697675,43
GX020808.MP4,106.5064,50.0,40.476190476190474,9.523809523809524,42
GX020808.MP4,106.9068,56.00000000000001,40.0,4.0,25
GX020808.MP4,107.30720000000001,47.82608695652174,47.82608695652174,4.3478260869565215,23
GX020808.MP4,107.7076,69.56521739130434,21.73913043478261,8.695652173913043,23
GX020808.MP4,108.108,57.692307692307686,34.61538461538461,7.6923076923076925,26
GX020808.MP4,108.50840000000001,29.72972972972973,48.64864864864865,21.62162162162162,37
GX020808.MP4,108.9088,32.142857142857146,46.42857142857143,21.428571428571427,28
GX020808.MP4,109.3092,53.125,40.625,6.25,32
GX020808.MP4,109.70960000000001,43.75,56.25,0.0,32
GX020808.MP4,110.11,25.0,70.83333333333334,4.166666666666666,24
GX020808.MP4,110.5104,34.48275862068966,58.620689655172406,6.896551724137931,29
GX020808.MP4,110.91080000000001,42.857142857142854,38.095238095238095,19.047619047619047,21
GX020808.MP4,111.3112,33.33333333333333,43.333333333333336,23.333333333333332,30
GX020808.MP4,111.7116,45.16129032258064,38.70967741935484,16.129032258064516,31
GX020808.MP4,112.11200000000001,41.66666666666667,45.83333333333333,12.5,24
GX020808.MP4,112.5124,38.88888888888889,50.0,11.11111111111111,36
GX020808.MP4,112.9128,31.03448275862069,48.275862068965516,20.689655172413794,29
GX020808.MP4,113.31320000000001,41.66666666666667,47.22222222222222,11.11111111111111,36
GX020808.MP4,113.7136,50.0,40.0,10.0,20
GX020808.MP4,114.114,21.73913043478261,65.21739130434783,13.043478260869565,23
GX020808.MP4,114.51440000000001,35.714285714285715,42.857142857142854,21.428571428571427,28
GX020808.MP4,114.9148,42.857142857142854,46.42857142857143,10.714285714285714,28
GX020808.MP4,115.3152,25.0,55.00000000000001,20.0,20
GX020808.MP4,115.71560000000001,45.45454545454545,45.45454545454545,9.090909090909092,22
GX020808.MP4,116.116,55.172413793103445,41.37931034482759,3.4482758620689653,29
GX020808.MP4,116.5164,50.0,33.33333333333333,16.666666666666664,24
GX020808.MP4,116.91680000000001,45.45454545454545,36.36363636363637,18.181818181818183,22
GX020808.MP4,117.3172,34.78260869565217,52.17391304347826,13.043478260869565,23
GX020808.MP4,117.7176,29.629629629629626,55.55555555555556,14.814814814814813,27
GX020808.MP4,118.11800000000001,38.46153846153847,51.28205128205128,10.256410256410255,39
GX020808.MP4,118.5184,34.375,40.625,25.0,32
GX020808.MP4,118.9188,48.484848484848484,36.36363636363637,15.151515151515152,33
GX020808.MP4,119.3192,41.37931034482759,51.724137931034484,6.896551724137931,29
GX020808.MP4,119.7196,40.0,50.0,10.0,40
GX020808.MP4,120.12,50.0,34.61538461538461,15.384615384615385,26
GX020808.MP4,120.5204,22.727272727272727,63.63636363636363,13.636363636363635,22
GX020808.MP4,120.9208,11.11111111111111,66.66666666666666,22.22222222222222,27
GX020808.MP4,121.3212,30.76923076923077,46.15384615384615,23.076923076923077,13
GX020808.MP4,121.7216,100.0,0.0,0.0,1
GX020808.MP4,122.122,0.0,100.0,0.0,2
GX020808.MP4,122.5224,27.27272727272727,36.36363636363637,36.36363636363637,11
GX020808.MP4,122.9228,20.0,40.0,40.0,10
GX020808.MP4,123.3232,22.727272727272727,63.63636363636363,13.636363636363635,22
GX020808.MP4,123.7236,30.76923076923077,30.76923076923077,38.46153846153847,13
GX020808.MP4,124.124,21.428571428571427,57.14285714285714,21.428571428571427,14
GX020808.MP4,124.5244,56.25,25.0,18.75,16
GX020808.MP4,124.9248,32.35294117647059,50.0,17.647058823529413,34
GX020808.MP4,125.3252,20.689655172413794,58.620689655172406,20.689655172413794,29
GX020808.MP4,125.7256,33.33333333333333,46.666666666666664,20.0,15
GX020808.MP4,126.126,26.923076923076923,46.15384615384615,26.923076923076923,26
GX020808.MP4,126.5264,29.166666666666668,50.0,20.833333333333336,24
GX020808.MP4,126.9268,25.0,56.25,18.75,16
GX020808.MP4,127.3272,40.0,20.0,40.0,10
GX020808.MP4,127.7276,36.36363636363637,45.45454545454545,18.181818181818183,33
GX020808.MP4,128.12800000000001,22.22222222222222,66.66666666666666,11.11111111111111,18
GX020808.MP4,128.5284,35.714285714285715,35.714285714285715,28.57142857142857,14
GX020808.MP4,128.9288,25.0,50.0,25.0,8
GX020808.MP4,129.32920000000001,41.17647058823529,52.94117647058824,5.88235294117647,17
GX020808.MP4,129.7296,18.421052631578945,63.1578947368421,18.421052631578945,38
GX020808.MP4,130.13,16.666666666666664,33.33333333333333,50.0,6
GX020808.MP4,130.53040000000001,22.22222222222222,44.44444444444444,33.33333333333333,9
GX020808.MP4,130.9308,41.66666666666667,33.33333333333333,25.0,12
GX020808.MP4,131.3312,28.57142857142857,57.14285714285714,14.285714285714285,7
GX020808.MP4,131.73160000000001,33.33333333333333,33.33333333333333,33.33333333333333,12
GX020808.MP4,132.132,31.57894736842105,47.368421052631575,21.052631578947366,19
GX020808.MP4,132.5324,42.10526315789473,42.10526315789473,15.789473684210526,38
GX020808.MP4,132.93280000000001,38.88888888888889,50.0,11.11111111111111,36
GX020808.MP4,133.3332,37.83783783783784,54.054054054054056,8.108108108108109,37
GX020808.MP4,133.7336,35.483870967741936,54.83870967741935,9.67741935483871,31
GX020808.MP4,134.13400000000001,35.8974358974359,53.84615384615385,10.256410256410255,39
GX020808.MP4,134.5344,40.476190476190474,47.61904761904761,11.904761904761903,42
GX020808.MP4,134.9348,30.76923076923077,61.53846153846154,7.6923076923076925,39
GX020808.MP4,135.33520000000001,29.545454545454547,59.09090909090909,11.363636363636363,44
GX020808.MP4,135.7356,41.46341463414634,43.90243902439025,14.634146341463413,41
GX020808.MP4,136.136,39.02439024390244,46.34146341463415,14.634146341463413,41
GX020808.MP4,136.53640000000001,57.89473684210527,42.10526315789473,0.0,38
GX020808.MP4,136.9368,34.375,56.25,9.375,32
GX020808.MP4,137.3372,9.375,62.5,28.125,32
GX020808.MP4,137.73760000000001,23.52941176470588,52.94117647058824,23.52941176470588,34
GX020808.MP4,138.138,16.666666666666664,50.0,33.33333333333333,36
GX020808.MP4,138.5384,9.67741935483871,61.29032258064516,29.03225806451613,31
GX020808.MP4,138.93880000000001,19.35483870967742,41.935483870967744,38.70967741935484,31
GX020808.MP4,139.3392,23.684210526315788,63.1578947368421,13.157894736842104,38
GX020808.MP4,139.7396,20.930232558139537,62.7906976744186,16.27906976744186,43
GX020808.MP4,140.14000000000001,20.51282051282051,53.84615384615385,25.64102564102564,39
GX020808.MP4,140.5404,34.375,56.25,9.375,32
GX020808.MP4,140.9408,0.0,40.0,60.0,10
GX020808.MP4,141.34120000000001,18.181818181818183,31.818181818181817,50.0,22
GX020808.MP4,141.7416,34.78260869565217,39.130434782608695,26.08695652173913,23
GX020808.MP4,142.142,42.10526315789473,42.10526315789473,15.789473684210526,19
GX020808.MP4,142.54240000000001,33.33333333333333,54.166666666666664,12.5,24
GX020808.MP4,142.9428,17.24137931034483,68.96551724137932,13.793103448275861,29
GX020808.MP4,143.3432,10.714285714285714,78.57142857142857,10.714285714285714,28
GX020808.MP4,143.74360000000001,38.23529411764706,32.35294117647059,29.411764705882355,34
GX020808.MP4,144.144,15.151515151515152,42.42424242424242,42.42424242424242,33
GX020808.MP4,144.5444,18.91891891891892,43.24324324324324,37.83783783783784,37
GX020808.MP4,144.94480000000001,32.35294117647059,47.05882352941176,20.588235294117645,34
GX020808.MP4,145.3452,41.17647058823529,58.82352941176471,0.0,34
GX020808.MP4,145.7456,44.827586206896555,51.724137931034484,3.4482758620689653,29
GX020808.MP4,146.14600000000002,46.875,46.875,6.25,32
GX020808.MP4,146.5464,48.275862068965516,51.724137931034484,0.0,29
GX020808.MP4,146.9468,40.625,56.25,3.125,32
GX020808.MP4,147.34720000000002,50.0,50.0,0.0,28
GX020808.MP4,147.7476,68.75,25.0,6.25,16
GX020808.MP4,148.148,42.857142857142854,21.428571428571427,35.714285714285715,14
GX020808.MP4,148.54840000000002,64.70588235294117,29.411764705882355,5.88235294117647,17
GX020808.MP4,148.9488,44.44444444444444,40.74074074074074,14.814814814814813,27
GX020808.MP4,149.3492,46.42857142857143,46.42857142857143,7.142857142857142,28
GX020808.MP4,149.74960000000002,44.44444444444444,44.44444444444444,11.11111111111111,36
GX020808.MP4,150.15,48.148148148148145,33.33333333333333,18.51851851851852,27
GX020808.MP4,150.5504,38.46153846153847,34.61538461538461,26.923076923076923,26
GX020808.MP4,150.95080000000002,21.052631578947366,68.42105263157895,10.526315789473683,19
GX020808.MP4,151.3512,36.36363636363637,54.54545454545454,9.090909090909092,22
GX020808.MP4,151.7516,16.0,60.0,24.0,25
GX020808.MP4,152.15200000000002,21.052631578947366,57.89473684210527,21.052631578947366,19
GX020808.MP4,152.5524,43.75,37.5,18.75,16
GX020808.MP4,152.9528,29.629629629629626,51.85185185185185,18.51851851851852,27
GX020808.MP4,153.35320000000002,38.095238095238095,42.857142857142854,19.047619047619047,21
GX020808.MP4,153.7536,40.625,46.875,12.5,32
GX020808.MP4,154.154,45.714285714285715,45.714285714285715,8.571428571428571,35
GX020808.MP4,154.55440000000002,46.34146341463415,48.78048780487805,4.878048780487805,41
GX020808.MP4,154.9548,20.0,64.0,16.0,25
GX020808.MP4,155.3552,36.0,44.0,20.0,25
GX020808.MP4,155.75560000000002,33.33333333333333,41.66666666666667,25.0,24
GX020808.MP4,156.156,28.57142857142857,47.61904761904761,23.809523809523807,21
GX020808.MP4,156.5564,20.0,50.0,30.0,10
GX020808.MP4,156.95680000000002,26.31578947368421,63.1578947368421,10.526315789473683,19
GX020808.MP4,157.3572,46.875,53.125,0.0,32
GX020808.MP4,157.7576,38.70967741935484,54.83870967741935,6.451612903225806,31
GX020808.MP4,158.15800000000002,32.0,56.00000000000001,12.0,25
GX020808.MP4,158.5584,32.5,47.5,20.0,40
GX020808.MP4,158.9588,32.432432432432435,43.24324324324324,24.324324324324326,37
GX020808.MP4,159.35920000000002,60.71428571428571,21.428571428571427,17.857142857142858,28
GX020808.MP4,159.7596,55.55555555555556,33.33333333333333,11.11111111111111,27
GX020808.MP4,160.16,44.44444444444444,27.77777777777778,27.77777777777778,18
GX020808.MP4,160.56040000000002,31.818181818181817,36.36363636363637,31.818181818181817,22
GX020808.MP4,160.9608,38.88888888888889,44.44444444444444,16.666666666666664,18
GX020808.MP4,161.3612,45.83333333333333,45.83333333333333,8.333333333333332,24
GX020808.MP4,161.76160000000002,17.857142857142858,60.71428571428571,21.428571428571427,28
GX020808.MP4,162.162,22.58064516129032,67.74193548387096,9.67741935483871,31
GX020808.MP4,162.5624,36.36363636363637,40.909090909090914,22.727272727272727,22
GX020808.MP4,162.96280000000002,38.23529411764706,41.17647058823529,20.588235294117645,34
GX020808.MP4,163.3632,39.285714285714285,57.14285714285714,3.571428571428571,28
GX020808.MP4,163.7636,39.130434782608695,52.17391304347826,8.695652173913043,23
GX020808.MP4,164.16400000000002,38.095238095238095,52.38095238095239,9.523809523809524,21
GX020808.MP4,164.5644,32.35294117647059,58.82352941176471,8.823529411764707,34
GX020808.MP4,164.9648,24.137931034482758,65.51724137931035,10.344827586206897,29
GX020808.MP4,165.36520000000002,42.857142857142854,53.57142857142857,3.571428571428571,28
GX020808.MP4,165.7656,32.0,56.00000000000001,12.0,25
GX020808.MP4,166.166,25.0,58.333333333333336,16.666666666666664,24
GX020808.MP4,166.56640000000002,26.08695652173913,52.17391304347826,21.73913043478261,23
GX020808.MP4,166.9668,33.33333333333333,54.166666666666664,12.5,24
GX020808.MP4,167.3672,33.33333333333333,55.55555555555556,11.11111111111111,27
GX020808.MP4,167.76760000000002,36.36363636363637,54.54545454545454,9.090909090909092,22
GX020808.MP4,168.168,37.03703703703704,55.55555555555556,7.4074074074074066,27
GX020808.MP4,168.5684,38.297872340425535,42.5531914893617,19.148936170212767,47
GX020808.MP4,168.96880000000002,48.837209302325576,34.883720930232556,16.27906976744186,43
GX020808.MP4,169.3692,40.0,35.0,25.0,40
GX020808.MP4,169.7696,31.03448275862069,55.172413793103445,13.793103448275861,29
GX020808.MP4,170.17000000000002,39.130434782608695,39.130434782608695,21.73913043478261,23
GX020808.MP4,170.5704,50.0,32.5,17.5,40
GX020808.MP4,170.9708,65.71428571428571,14.285714285714285,20.0,35
GX020808.MP4,171.37120000000002,60.71428571428571,14.285714285714285,25.0,28
GX020808.MP4,171.7716,55.88235294117647,23.52941176470588,20.588235294117645,34
GX020808.MP4,172.172,51.42857142857142,31.428571428571427,17.142857142857142,35
GX020808.MP4,172.57240000000002,53.84615384615385,30.76923076923077,15.384615384615385,39
GX020808.MP4,172.9728,70.0,10.0,20.0,20
GX020808.MP4,173.3732,50.0,29.166666666666668,20.833333333333336,24
GX020808.MP4,173.77360000000002,56.52173913043478,21.73913043478261,21.73913043478261,23
GX020808.MP4,174.174,45.714285714285715,25.71428571428571,28.57142857142857,35
GX020808.MP4,174.5744,48.148148148148145,18.51851851851852,33.33333333333333,27
GX020808.MP4,174.97480000000002,50.0,15.384615384615385,34.61538461538461,26
GX020808.MP4,175.3752,20.0,62.857142857142854,17.142857142857142,35
GX020808.MP4,175.7756,41.37931034482759,34.48275862068966,24.137931034482758,29
GX020808.MP4,176.17600000000002,19.35483870967742,58.06451612903226,22.58064516129032,31
GX020808.MP4,176.5764,40.0,40.0,20.0,10
GX020808.MP4,176.9768,25.0,12.5,62.5,8
GX020808.MP4,177.37720000000002,0.0,66.66666666666666,33.33333333333333,15
GX020808.MP4,177.7776,8.333333333333332,66.66666666666666,25.0,12
GX020808.MP4,178.178,35.0,40.0,25.0,20
GX020808.MP4,178.57840000000002,7.6923076923076925,92.3076923076923,0.0,13
GX020808.MP4,178.9788,56.25,31.25,12.5,16
GX020808.MP4,179.3792,26.08695652173913,47.82608695652174,26.08695652173913,23
GX020808.MP4,179.77960000000002,32.25806451612903,38.70967741935484,29.03225806451613,31
GX020808.MP4,180.18,39.39393939393939,42.42424242424242,18.181818181818183,33
GX020808.MP4,180.5804,40.625,53.125,6.25,32
GX020808.MP4,180.98080000000002,35.714285714285715,57.14285714285714,7.142857142857142,28
GX020808.MP4,181.3812,47.82608695652174,43.47826086956522,8.695652173913043,23
GX020808.MP4,181.7816,42.857142857142854,42.857142857142854,14.285714285714285,28
GX020808.MP4,182.18200000000002,42.30769230769231,38.46153846153847,19.230769230769234,26
GX020808.MP4,182.5824,60.0,20.0,20.0,15
GX020808.MP4,182.9828,35.0,35.0,30.0,20
GX020808.MP4,183.38320000000002,33.33333333333333,28.57142857142857,38.095238095238095,21
GX020808.MP4,183.7836,28.000000000000004,28.000000000000004,44.0,25
GX020808.MP4,184.184,40.0,26.666666666666668,33.33333333333333,15
GX020808.MP4,184.58440000000002,43.75,12.5,43.75,16
GX020808.MP4,184.9848,33.33333333333333,46.666666666666664,20.0,15
GX020808.MP4,185.3852,31.57894736842105,36.84210526315789,31.57894736842105,19
GX020808.MP4,185.78560000000002,43.75,18.75,37.5,16
GX020808.MP4,186.186,52.38095238095239,42.857142857142854,4.761904761904762,21
GX020808.MP4,186.5864,40.0,32.0,28.000000000000004,25
GX020808.MP4,186.98680000000002,37.5,29.166666666666668,33.33333333333333,24
GX020808.MP4,187.3872,48.275862068965516,44.827586206896555,6.896551724137931,29
GX020808.MP4,187.7876,34.375,34.375,31.25,32
GX020808.MP4,188.18800000000002,56.52173913043478,21.73913043478261,21.73913043478261,23
GX020808.MP4,188.5884,53.84615384615385,34.61538461538461,11.538461538461538,26
GX020808.MP4,188.9888,71.42857142857143,17.857142857142858,10.714285714285714,28
GX020808.MP4,189.38920000000002,57.89473684210527,21.052631578947366,21.052631578947366,38
GX020808.MP4,189.7896,50.0,28.57142857142857,21.428571428571427,28
GX020808.MP4,190.19,41.86046511627907,41.86046511627907,16.27906976744186,43
GX020808.MP4,190.59040000000002,57.49999999999999,17.5,25.0,40
GX020808.MP4,190.9908,47.72727272727273,22.727272727272727,29.545454545454547,44
GX020808.MP4,191.3912,41.17647058823529,29.411764705882355,29.411764705882355,34
GX020808.MP4,191.79160000000002,25.806451612903224,51.61290322580645,22.58064516129032,31
GX020808.MP4,192.192,18.75,53.125,28.125,32
GX020808.MP4,192.5924,43.333333333333336,30.0,26.666666666666668,30
GX020808.MP4,192.99280000000002,27.027027027027028,29.72972972972973,43.24324324324324,37
GX020808.MP4,193.3932,20.51282051282051,56.41025641025641,23.076923076923077,39
GX020808.MP4,193.7936,40.0,25.71428571428571,34.285714285714285,35
GX020808.MP4,194.19400000000002,40.0,10.0,50.0,40
GX020808.MP4,194.5944,31.25,40.625,28.125,32
GX020808.MP4,194.9948,50.0,12.5,37.5,16
GX020808.MP4,195.39520000000002,46.15384615384615,35.8974358974359,17.94871794871795,39
GX020808.MP4,195.7956,32.35294117647059,50.0,17.647058823529413,34
GX020808.MP4,196.196,39.285714285714285,28.57142857142857,32.142857142857146,28
GX020808.MP4,196.59640000000002,22.22222222222222,77.77777777777779,0.0,18
GX020808.MP4,196.9968,51.61290322580645,32.25806451612903,16.129032258064516,31
GX020808.MP4,197.3972,37.03703703703704,48.148148148148145,14.814814814814813,27
GX020808.MP4,197.79760000000002,44.44444444444444,29.629629629629626,25.925925925925924,27
GX020808.MP4,198.198,58.139534883720934,20.930232558139537,20.930232558139537,43
GX020808.MP4,198.5984,47.16981132075472,37.735849056603776,15.09433962264151,53
GX020808.MP4,198.99880000000002,43.47826086956522,43.47826086956522,13.043478260869565,46
GX020808.MP4,199.3992,43.58974358974359,23.076923076923077,33.33333333333333,39
GX020808.MP4,199.7996,67.56756756756756,21.62162162162162,10.81081081081081,37
GX020808.MP4,200.20000000000002,36.36363636363637,0.0,63.63636363636363,11
GX020808.MP4,200.6004,36.36363636363637,30.303030303030305,33.33333333333333,33
GX020808.MP4,201.0008,58.333333333333336,8.333333333333332,33.33333333333333,12
GX020808.MP4,201.40120000000002,55.26315789473685,34.21052631578947,10.526315789473683,38
GX020808.MP4,201.8016,44.44444444444444,29.629629629629626,25.925925925925924,27
GX020808.MP4,202.202,58.82352941176471,20.588235294117645,20.588235294117645,34
GX020808.MP4,202.60240000000002,57.14285714285714,22.857142857142858,20.0,35
GX020808.MP4,203.0028,15.789473684210526,84.21052631578947,0.0,19
GX020808.MP4,203.4032,6.25,93.75,0.0,16
GX020808.MP4,203.80360000000002,33.33333333333333,16.666666666666664,50.0,30
GX020808.MP4,204.204,35.714285714285715,25.0,39.285714285714285,28
GX020808.MP4,204.6044,21.21212121212121,33.33333333333333,45.45454545454545,33
GX020808.MP4,205.00480000000002,20.0,80.0,0.0,20
GX020808.MP4,205.4052,22.22222222222222,74.07407407407408,3.7037037037037033,27
GX020808.MP4,205.8056,25.0,60.0,15.0,20
GX020808.MP4,206.20600000000002,29.03225806451613,54.83870967741935,16.129032258064516,31
GX020808.MP4,206.6064,40.909090909090914,59.09090909090909,0.0,22
GX020808.MP4,207.0068,50.0,25.0,25.0,12
GX020808.MP4,207.40720000000002,23.52941176470588,41.17647058823529,35.294117647058826,17
GX020808.MP4,207.8076,53.84615384615385,15.384615384615385,30.76923076923077,13
GX020808.MP4,208.208,33.33333333333333,33.33333333333333,33.33333333333333,9
GX020808.MP4,208.60840000000002,37.5,45.83333333333333,16.666666666666664,24
GX020808.MP4,209.0088,18.75,18.75,62.5,16
GX020808.MP4,209.4092,5.88235294117647,11.76470588235294,82.35294117647058,17
GX020808.MP4,209.80960000000002,4.761904761904762,14.285714285714285,80.95238095238095,21
GX020808.MP4,210.21,21.73913043478261,17.391304347826086,60.86956521739131,23
GX020808.MP4,210.6104,52.38095238095239,28.57142857142857,19.047619047619047,21
GX020808.MP4,211.01080000000002,39.285714285714285,39.285714285714285,21.428571428571427,28
GX020808.MP4,211.4112,41.66666666666667,38.88888888888889,19.444444444444446,36
GX020808.MP4,211.8116,29.629629629629626,55.55555555555556,14.814814814814813,27
GX020808.MP4,212.21200000000002,46.666666666666664,30.0,23.333333333333332,30
GX020808.MP4,212.6124,21.052631578947366,36.84210526315789,42.10526315789473,19
GX020808.MP4,213.0128,0.0,100.0,0.0,18
GX020808.MP4,213.41320000000002,7.142857142857142,64.28571428571429,28.57142857142857,14
GX020808.MP4,213.8136,18.181818181818183,36.36363636363637,45.45454545454545,22
GX020808.MP4,214.214,72.72727272727273,18.181818181818183,9.090909090909092,11
GX020808.MP4,214.61440000000002,13.793103448275861,68.96551724137932,17.24137931034483,29
GX020808.MP4,215.0148,30.0,40.0,30.0,20
GX020808.MP4,215.4152,75.0,16.666666666666664,8.333333333333332,12
GX020808.MP4,215.81560000000002,12.5,75.0,12.5,8
GX020808.MP4,216.216,25.0,41.66666666666667,33.33333333333333,12
GX020808.MP4,216.6164,53.84615384615385,7.6923076923076925,38.46153846153847,13
GX020808.MP4,217.01680000000002,52.94117647058824,17.647058823529413,29.411764705882355,17
GX020808.MP4,217.4172,43.90243902439025,12.195121951219512,43.90243902439025,41
GX020808.MP4,217.8176,53.333333333333336,16.666666666666664,30.0,30
GX020808.MP4,218.21800000000002,40.54054054054054,32.432432432432435,27.027027027027028,37
GX020808.MP4,218.6184,8.695652173913043,78.26086956521739,13.043478260869565,23
GX020808.MP4,219.0188,38.88888888888889,11.11111111111111,50.0,18
GX020808.MP4,219.41920000000002,53.84615384615385,26.923076923076923,19.230769230769234,26
GX020808.MP4,219.8196,23.076923076923077,65.38461538461539,11.538461538461538,26
GX020808.MP4,220.22,38.70967741935484,32.25806451612903,29.03225806451613,31
GX020808.MP4,220.62040000000002,13.333333333333334,73.33333333333333,13.333333333333334,30
GX020808.MP4,221.0208,11.11111111111111,88.88888888888889,0.0,9
GX020808.MP4,221.4212,47.82608695652174,26.08695652173913,26.08695652173913,23
GX020808.MP4,221.82160000000002,62.5,25.0,12.5,16
GX020808.MP4,222.222,0.0,90.0,10.0,10
GX020808.MP4,222.6224,25.925925925925924,74.07407407407408,0.0,27
GX020808.MP4,223.02280000000002,0.0,100.0,0.0,4
GX020808.MP4,223.4232,40.0,30.0,30.0,10
GX020808.MP4,223.8236,33.33333333333333,50.0,16.666666666666664,12
GX020808.MP4,224.22400000000002,47.05882352941176,41.17647058823529,11.76470588235294,17
GX020808.MP4,224.6244,23.809523809523807,61.904761904761905,14.285714285714285,21
GX020808.MP4,225.0248,43.75,28.125,28.125,32
GX020808.MP4,225.42520000000002,47.368421052631575,42.10526315789473,10.526315789473683,19
GX020808.MP4,225.8256,57.14285714285714,26.190476190476193,16.666666666666664,42
GX020808.MP4,226.226,54.54545454545454,30.303030303030305,15.151515151515152,33
GX020808.MP4,226.62640000000002,41.37931034482759,20.689655172413794,37.93103448275862,29
GX020808.MP4,227.0268,53.333333333333336,33.33333333333333,13.333333333333334,30
GX020808.MP4,227.4272,30.952380952380953,57.14285714285714,11.904761904761903,42
GX020808.MP4,227.82760000000002,66.66666666666666,33.33333333333333,0.0,12
GX020808.MP4,228.228,38.46153846153847,30.76923076923077,30.76923076923077,13
GX020808.MP4,228.6284,65.51724137931035,20.689655172413794,13.793103448275861,29
GX020808.MP4,229.02880000000002,40.816326530612244,34.69387755102041,24.489795918367346,49
GX020808.MP4,229.4292,34.69387755102041,34.69387755102041,30.612244897959183,49
GX020808.MP4,229.8296,46.15384615384615,30.76923076923077,23.076923076923077,13
GX020808.MP4,230.23000000000002,48.57142857142857,8.571428571428571,42.857142857142854,35
GX020808.MP4,230.6304,38.095238095238095,45.23809523809524,16.666666666666664,42
GX020808.MP4,231.0308,32.35294117647059,41.17647058823529,26.47058823529412,34
GX020808.MP4,231.43120000000002,50.0,31.818181818181817,18.181818181818183,22
GX020808.MP4,231.8316,34.48275862068966,58.620689655172406,6.896551724137931,29
GX020808.MP4,232.232,20.588235294117645,70.58823529411765,8.823529411764707,34
GX020808.MP4,232.63240000000002,58.97435897435898,20.51282051282051,20.51282051282051,39
GX020808.MP4,233.0328,20.833333333333336,75.0,4.166666666666666,24
GX020808.MP4,233.4332,26.08695652173913,69.56521739130434,4.3478260869565215,23
GX020808.MP4,233.83360000000002,52.63157894736842,10.526315789473683,36.84210526315789,38
GX020808.MP4,234.234,39.130434782608695,47.82608695652174,13.043478260869565,23
GX020808.MP4,234.6344,40.909090909090914,56.81818181818182,2.272727272727273,44
GX020808.MP4,235.03480000000002,44.44444444444444,38.88888888888889,16.666666666666664,36
GX020808.MP4,235.4352,63.888888888888886,16.666666666666664,19.444444444444446,36
GX020808.MP4,235.8356,63.829787234042556,23.404255319148938,12.76595744680851,47
GX020808.MP4,236.23600000000002,61.111111111111114,25.0,13.88888888888889,36
GX020808.MP4,236.6364,23.333333333333332,60.0,16.666666666666664,30
GX020808.MP4,237.0368,39.130434782608695,52.17391304347826,8.695652173913043,23
GX020808.MP4,237.43720000000002,43.47826086956522,39.130434782608695,17.391304347826086,23
GX020808.MP4,237.8376,39.02439024390244,46.34146341463415,14.634146341463413,41
GX020808.MP4,238.238,17.391304347826086,47.82608695652174,34.78260869565217,23
GX020808.MP4,238.6384,41.17647058823529,47.05882352941176,11.76470588235294,17
GX020808.MP4,239.0388,0.0,100.0,0.0,14
GX020808.MP4,239.4392,69.76744186046511,18.6046511627907,11.627906976744185,43
GX020808.MP4,239.8396,68.88888888888889,15.555555555555555,15.555555555555555,45
GX020808.MP4,240.24,58.620689655172406,24.137931034482758,17.24137931034483,29
GX020808.MP4,240.6404,37.5,37.5,25.0,16
GX020808.MP4,241.0408,17.647058823529413,52.94117647058824,29.411764705882355,34
GX020808.MP4,241.4412,13.043478260869565,86.95652173913044,0.0,23
GX020808.MP4,241.8416,6.25,93.75,0.0,16
GX020808.MP4,242.242,10.0,83.33333333333334,6.666666666666667,30
GX020808.MP4,242.6424,8.695652173913043,91.30434782608695,0.0,23
GX020808.MP4,243.0428,16.666666666666664,77.77777777777779,5.555555555555555,18
GX020808.MP4,243.4432,23.076923076923077,61.53846153846154,15.384615384615385,13
GX020808.MP4,243.8436,28.57142857142857,64.28571428571429,7.142857142857142,14
GX020808.MP4,244.244,53.48837209302325,32.55813953488372,13.953488372093023,43
GX020808.MP4,244.6444,46.93877551020408,28.57142857142857,24.489795918367346,49
GX020808.MP4,245.0448,47.72727272727273,31.818181818181817,20.454545454545457,44
GX020808.MP4,245.4452,53.191489361702125,25.53191489361702,21.27659574468085,47
GX020808.MP4,245.8456,47.05882352941176,35.294117647058826,17.647058823529413,51
GX020808.MP4,246.246,52.5,25.0,22.5,40
GX020808.MP4,246.6464,52.0,24.0,24.0,50
GX020808.MP4,247.0468,57.77777777777777,15.555555555555555,26.666666666666668,45
GX020808.MP4,247.4472,52.27272727272727,15.909090909090908,31.818181818181817,44
GX020808.MP4,247.8476,55.172413793103445,17.24137931034483,27.586206896551722,29
GX020808.MP4,248.248,48.888888888888886,24.444444444444443,26.666666666666668,45
GX020808.MP4,248.6484,82.35294117647058,13.725490196078432,3.9215686274509802,51
GX020808.MP4,249.0488,70.0,10.0,20.0,40
GX020808.MP4,249.4492,35.55555555555556,37.77777777777778,26.666666666666668,45
GX020808.MP4,249.8496,40.476190476190474,33.33333333333333,26.190476190476193,42
GX020808.MP4,250.25,43.24324324324324,24.324324324324326,32.432432432432435,37
GX020808.MP4,250.6504,65.625,18.75,15.625,32
GX020808.MP4,251.0508,60.0,25.0,15.0,40
GX020808.MP4,251.4512,52.5,20.0,27.500000000000004,40
GX020808.MP4,251.8516,70.96774193548387,9.67741935483871,19.35483870967742,31
GX020808.MP4,252.252,65.0,15.0,20.0,40
GX020808.MP4,252.6524,61.904761904761905,23.809523809523807,14.285714285714285,42
GX020808.MP4,253.0528,62.5,22.5,15.0,40
GX020808.MP4,253.4532,52.27272727272727,34.090909090909086,13.636363636363635,44
GX020808.MP4,253.8536,55.55555555555556,19.444444444444446,25.0,36
GX020808.MP4,254.254,54.347826086956516,26.08695652173913,19.565217391304348,46
GX020808.MP4,254.6544,48.38709677419355,29.03225806451613,22.58064516129032,31
GX020808.MP4,255.0548,61.53846153846154,23.076923076923077,15.384615384615385,39
GX020808.MP4,255.4552,71.42857142857143,8.571428571428571,20.0,35
GX020808.MP4,255.8556,64.28571428571429,14.285714285714285,21.428571428571427,42
GX020808.MP4,256.25600000000003,55.172413793103445,24.137931034482758,20.689655172413794,29
GX020808.MP4,256.6564,46.875,28.125,25.0,32
GX020808.MP4,257.0568,32.0,28.000000000000004,40.0,25
GX020808.MP4,257.4572,36.84210526315789,21.052631578947366,42.10526315789473,19
GX020808.MP4,257.8576,50.0,21.875,28.125,32
GX020808.MP4,258.258,38.88888888888889,38.88888888888889,22.22222222222222,36
GX020808.MP4,258.65840000000003,50.0,17.857142857142858,32.142857142857146,28
GX020808.MP4,259.0588,63.63636363636363,31.818181818181817,4.545454545454546,22
GX020808.MP4,259.4592,41.66666666666667,41.66666666666667,16.666666666666664,24
GX020808.MP4,259.8596,65.0,20.0,15.0,20
GX020808.MP4,260.26,66.66666666666666,20.833333333333336,12.5,24
GX020808.MP4,260.6604,40.476190476190474,28.57142857142857,30.952380952380953,42
GX020808.MP4,261.06080000000003,66.66666666666666,19.047619047619047,14.285714285714285,21
GX020808.MP4,261.4612,58.620689655172406,31.03448275862069,10.344827586206897,29
GX020808.MP4,261.8616,53.84615384615385,30.76923076923077,15.384615384615385,39
GX020808.MP4,262.262,42.42424242424242,30.303030303030305,27.27272727272727,33
GX020808.MP4,262.6624,80.95238095238095,19.047619047619047,0.0,21
GX020808.MP4,263.0628,71.42857142857143,28.57142857142857,0.0,7
GX020808.MP4,263.46320000000003,33.33333333333333,57.407407407407405,9.25925925925926,54
GX020808.MP4,263.8636,52.94117647058824,23.52941176470588,23.52941176470588,17
GX020808.MP4,264.264,40.0,13.333333333333334,46.666666666666664,15
GX020808.MP4,264.6644,34.78260869565217,47.82608695652174,17.391304347826086,23
GX020808.MP4,265.0648,50.0,26.666666666666668,23.333333333333332,30
GX020808.MP4,265.4652,56.666666666666664,16.666666666666664,26.666666666666668,30
GX020808.MP4,265.86560000000003,33.33333333333333,25.0,41.66666666666667,24
GX020808.MP4,266.266,23.076923076923077,76.92307692307693,0.0,13
GX020808.MP4,266.6664,29.411764705882355,64.70588235294117,5.88235294117647,17
GX020808.MP4,267.0668,8.0,88.0,4.0,25
GX020808.MP4,267.4672,69.6969696969697,9.090909090909092,21.21212121212121,33
GX020808.MP4,267.8676,37.5,25.0,37.5,8
GX020808.MP4,268.26800000000003,58.333333333333336,33.33333333333333,8.333333333333332,12
GX020808.MP4,268.6684,75.0,12.5,12.5,24
GX020808.MP4,269.0688,53.84615384615385,30.76923076923077,15.384615384615385,13
GX020808.MP4,269.4692,58.82352941176471,41.17647058823529,0.0,17
GX020808.MP4,269.8696,66.66666666666666,26.666666666666668,6.666666666666667,15
GX020808.MP4,270.27,53.333333333333336,26.666666666666668,20.0,15
GX020808.MP4,270.67040000000003,50.0,41.66666666666667,8.333333333333332,12
GX020808.MP4,271.0708,83.33333333333334,0.0,16.666666666666664,18
GX020808.MP4,271.4712,36.84210526315789,21.052631578947366,42.10526315789473,19
GX020808.MP4,271.8716,48.275862068965516,13.793103448275861,37.93103448275862,29
GX020808.MP4,272.272,40.54054054054054,10.81081081081081,48.64864864864865,37
GX020808.MP4,272.6724,38.23529411764706,14.705882352941178,47.05882352941176,34
GX020808.MP4,273.07280000000003,48.275862068965516,10.344827586206897,41.37931034482759,29
GX020808.MP4,273.4732,40.0,31.428571428571427,28.57142857142857,35
GX020808.MP4,273.8736,51.11111111111111,13.333333333333334,35.55555555555556,45
GX020808.MP4,274.274,25.0,18.75,56.25,32
GX020808.MP4,274.6744,52.77777777777778,11.11111111111111,36.11111111111111,36
GX020808.MP4,275.0748,44.44444444444444,55.55555555555556,0.0,9
GX020808.MP4,275.47520000000003,20.0,60.0,20.0,10
GX020808.MP4,275.8756,86.20689655172413,6.896551724137931,6.896551724137931,29
GX020808.MP4,276.276,71.875,15.625,12.5,32
GX020808.MP4,276.6764,48.57142857142857,17.142857142857142,34.285714285714285,35
GX020808.MP4,277.0768,64.70588235294117,2.941176470588235,32.35294117647059,34
GX020808.MP4,277.4772,75.75757575757575,3.0303030303030303,21.21212121212121,33
GX020808.MP4,277.87760000000003,57.14285714285714,21.428571428571427,21.428571428571427,42
GX020808.MP4,278.278,45.714285714285715,25.71428571428571,28.57142857142857,35
GX020808.MP4,278.6784,11.11111111111111,77.77777777777779,11.11111111111111,27
GX020808.MP4,279.0788,46.666666666666664,33.33333333333333,20.0,15
GX020808.MP4,279.4792,46.875,40.625,12.5,32
GX020808.MP4,279.8796,51.35135135135135,21.62162162162162,27.027027027027028,37
GX020808.MP4,280.28000000000003,73.80952380952381,21.428571428571427,4.761904761904762,42
GX020808.MP4,280.6804,79.41176470588235,11.76470588235294,8.823529411764707,34
GX020808.MP4,281.0808,74.4186046511628,11.627906976744185,13.953488372093023,43
GX020808.MP4,281.4812,74.28571428571429,8.571428571428571,17.142857142857142,35
GX020808.MP4,281.8816,75.67567567567568,18.91891891891892,5.405405405405405,37
GX020808.MP4,282.282,79.06976744186046,18.6046511627907,2.3255813953488373,43
GX020808.MP4,282.68240000000003,65.0,30.0,5.0,40
GX020808.MP4,283.0828,55.81395348837209,32.55813953488372,11.627906976744185,43
GX020808.MP4,283.4832,70.0,17.5,12.5,40
GX020808.MP4,283.8836,62.7906976744186,23.25581395348837,13.953488372093023,43
GX020808.MP4,284.284,44.44444444444444,44.44444444444444,11.11111111111111,27
GX020808.MP4,284.6844,40.909090909090914,45.45454545454545,13.636363636363635,22
GX020808.MP4,285.08480000000003,40.0,44.0,16.0,25
GX020808.MP4,285.4852,37.5,41.66666666666667,20.833333333333336,24
GX020808.MP4,285.8856,40.0,56.00000000000001,4.0,25
GX020808.MP4,286.286,27.586206896551722,62.06896551724138,10.344827586206897,29
GX020808.MP4,286.6864,65.21739130434783,26.08695652173913,8.695652173913043,23
GX020808.MP4,287.0868,21.951219512195124,78.04878048780488,0.0,41
GX020808.MP4,287.48720000000003,29.545454545454547,63.63636363636363,6.8181818181818175,44
GX020808.MP4,287.8876,42.857142857142854,33.33333333333333,23.809523809523807,21
GX020808.MP4,288.288,55.00000000000001,30.0,15.0,20
GX020808.MP4,288.6884,76.47058823529412,17.647058823529413,5.88235294117647,17
GX020808.MP4,289.0888,68.0,16.0,16.0,25
GX020808.MP4,289.4892,57.89473684210527,26.31578947368421,15.789473684210526,38
GX020808.MP4,289.88960000000003,58.06451612903226,32.25806451612903,9.67741935483871,31
GX020808.MP4,290.29,45.23809523809524,42.857142857142854,11.904761904761903,42
GX020808.MP4,290.6904,61.904761904761905,26.190476190476193,11.904761904761903,42
GX020808.MP4,291.0908,56.81818181818182,34.090909090909086,9.090909090909092,44
GX020808.MP4,291.4912,46.93877551020408,36.734693877551024,16.3265306122449,49
GX020808.MP4,291.8916,67.64705882352942,26.47058823529412,5.88235294117647,34
GX020808.MP4,292.29200000000003,56.52173913043478,21.73913043478261,21.73913043478261,46
GX020808.MP4,292.6924,43.47826086956522,39.130434782608695,17.391304347826086,46
GX020808.MP4,293.0928,48.38709677419355,35.483870967741936,16.129032258064516,31
GX020808.MP4,293.4932,66.66666666666666,29.629629629629626,3.7037037037037033,27
GX020808.MP4,293.8936,55.00000000000001,20.0,25.0,40
GX020808.MP4,294.294,52.77777777777778,36.11111111111111,11.11111111111111,36
GX020808.MP4,294.69440000000003,73.46938775510205,24.489795918367346,2.0408163265306123,49
GX020808.MP4,295.0948,72.72727272727273,20.454545454545457,6.8181818181818175,44
GX020808.MP4,295.4952,62.5,35.0,2.5,40
GX020808.MP4,295.8956,48.93617021276596,46.808510638297875,4.25531914893617,47
GX020808.MP4,296.296,51.92307692307693,44.230769230769226,3.8461538461538463,52
GX020808.MP4,296.6964,62.857142857142854,31.428571428571427,5.714285714285714,35
GX020808.MP4,297.09680000000003,57.49999999999999,40.0,2.5,40
GX020808.MP4,297.4972,39.53488372093023,51.162790697674424,9.30232558139535,43
GX020808.MP4,297.8976,52.17391304347826,39.130434782608695,8.695652173913043,46
GX020808.MP4,298.298,43.90243902439025,41.46341463414634,14.634146341463413,41
GX020808.MP4,298.6984,56.52173913043478,36.95652173913043,6.521739130434782,46
GX020808.MP4,299.0988,48.78048780487805,43.90243902439025,7.317073170731707,41
GX020808.MP4,299.49920000000003,45.16129032258064,48.38709677419355,6.451612903225806,31
GX020808.MP4,299.8996,43.75,53.125,3.125,32
GX020808.MP4,300.3,44.0,44.0,12.0,25
GX020808.MP4,300.7004,33.33333333333333,35.55555555555556,31.11111111111111,45
GX020808.MP4,301.1008,34.21052631578947,52.63157894736842,13.157894736842104,38
GX020808.MP4,301.5012,48.275862068965516,48.275862068965516,3.4482758620689653,29
GX020808.MP4,301.90160000000003,28.000000000000004,56.00000000000001,16.0,25
GX020808.MP4,302.302,51.85185185185185,40.74074074074074,7.4074074074074066,27
GX020808.MP4,302.7024,33.33333333333333,55.55555555555556,11.11111111111111,18
GX020808.MP4,303.1028,16.0,80.0,4.0,25
GX020808.MP4,303.5032,37.93103448275862,51.724137931034484,10.344827586206897,29
GX020808.MP4,303.9036,42.857142857142854,35.714285714285715,21.428571428571427,14
GX020808.MP4,304.30400000000003,50.0,37.5,12.5,32
GX020808.MP4,304.7044,45.83333333333333,41.66666666666667,12.5,24
GX020808.MP4,305.1048,23.52941176470588,47.05882352941176,29.411764705882355,17
GX020808.MP4,305.5052,44.44444444444444,13.88888888888889,41.66666666666667,36
GX020808.MP4,305.9056,28.57142857142857,51.42857142857142,20.0,35
GX020808.MP4,306.306,26.666666666666668,60.0,13.333333333333334,30
GX020808.MP4,306.70640000000003,6.666666666666667,53.333333333333336,40.0,15
GX020808.MP4,307.1068,10.0,70.0,20.0,10
GX020808.MP4,307.5072,30.76923076923077,46.15384615384615,23.076923076923077,13
GX020808.MP4,307.9076,13.333333333333334,60.0,26.666666666666668,15
GX020808.MP4,308.308,23.333333333333332,66.66666666666666,10.0,30
GX020808.MP4,308.7084,58.333333333333336,33.33333333333333,8.333333333333332,12
GX020808.MP4,309.10880000000003,44.44444444444444,55.55555555555556,0.0,27
GX020808.MP4,309.5092,62.5,37.5,0.0,8
GX020808.MP4,309.9096,38.095238095238095,52.38095238095239,9.523809523809524,42
GX020808.MP4,310.31,25.0,50.0,25.0,12
GX020808.MP4,310.7104,20.0,60.0,20.0,15
GX020808.MP4,311.1108,37.5,56.25,6.25,32
GX020808.MP4,311.51120000000003,31.57894736842105,63.1578947368421,5.263157894736842,19
GX020808.MP4,311.9116,40.0,60.0,0.0,15
GX020808.MP4,312.312,40.0,33.33333333333333,26.666666666666668,15
GX020808.MP4,312.7124,40.0,40.0,20.0,20
GX020808.MP4,313.1128,30.76923076923077,50.0,19.230769230769234,26
GX020808.MP4,313.5132,38.88888888888889,38.88888888888889,22.22222222222222,18
GX020808.MP4,313.91360000000003,9.090909090909092,77.27272727272727,13.636363636363635,22
GX020808.MP4,314.314,33.33333333333333,52.38095238095239,14.285714285714285,21
GX020808.MP4,314.7144,33.33333333333333,50.0,16.666666666666664,24
GX020808.MP4,315.1148,42.857142857142854,28.57142857142857,28.57142857142857,21
GX020808.MP4,315.5152,27.77777777777778,44.44444444444444,27.77777777777778,18
GX020808.MP4,315.9156,25.806451612903224,51.61290322580645,22.58064516129032,31
GX020808.MP4,316.31600000000003,40.0,48.57142857142857,11.428571428571429,35
GX020808.MP4,316.7164,38.23529411764706,47.05882352941176,14.705882352941178,34
GX020808.MP4,317.1168,28.205128205128204,43.58974358974359,28.205128205128204,39
GX020808.MP4,317.5172,26.190476190476193,47.61904761904761,26.190476190476193,42
GX020808.MP4,317.9176,22.22222222222222,60.0,17.77777777777778,45
GX020808.MP4,318.318,28.125,65.625,6.25,32
GX020808.MP4,318.71840000000003,60.526315789473685,36.84210526315789,2.631578947368421,38
GX020808.MP4,319.1188,32.35294117647059,47.05882352941176,20.588235294117645,34
GX020808.MP4,319.5192,14.285714285714285,50.0,35.714285714285715,42
GX020808.MP4,319.9196,30.555555555555557,38.88888888888889,30.555555555555557,36
GX020808.MP4,320.32,20.689655172413794,48.275862068965516,31.03448275862069,29
GX020808.MP4,320.7204,35.714285714285715,64.28571428571429,0.0,28
GX020808.MP4,321.12080000000003,22.857142857142858,54.285714285714285,22.857142857142858,35
GX020808.MP4,321.5212,40.74074074074074,51.85185185185185,7.4074074074074066,27
GX020808.MP4,321.9216,28.57142857142857,42.857142857142854,28.57142857142857,42
GX020808.MP4,322.322,29.545454545454547,50.0,20.454545454545457,44
GX020808.MP4,322.7224,31.57894736842105,63.1578947368421,5.263157894736842,38
GX020808.MP4,323.1228,22.22222222222222,52.77777777777778,25.0,36
GX020808.MP4,323.52320000000003,31.03448275862069,51.724137931034484,17.24137931034483,29
GX020808.MP4,323.9236,28.57142857142857,50.0,21.428571428571427,28
GX020808.MP4,324.324,37.5,45.83333333333333,16.666666666666664,24
GX020808.MP4,324.7244,39.39393939393939,42.42424242424242,18.181818181818183,33
GX020808.MP4,325.1248,35.483870967741936,51.61290322580645,12.903225806451612,31
GX020808.MP4,325.5252,8.333333333333332,91.66666666666666,0.0,12
GX020808.MP4,325.92560000000003,22.22222222222222,55.55555555555556,22.22222222222222,9
GX020808.MP4,326.326,33.33333333333333,33.33333333333333,33.33333333333333,30
GX020808.MP4,326.7264,19.047619047619047,42.857142857142854,38.095238095238095,21
GX020808.MP4,327.1268,42.42424242424242,33.33333333333333,24.242424242424242,33
GX020808.MP4,327.5272,54.54545454545454,45.45454545454545,0.0,11
GX020808.MP4,327.9276,20.0,50.0,30.0,20
GX020808.MP4,328.32800000000003,30.76923076923077,46.15384615384615,23.076923076923077,26
GX020808.MP4,328.7284,30.0,55.00000000000001,15.0,20
GX020808.MP4,329.1288,13.636363636363635,86.36363636363636,0.0,22
GX020808.MP4,329.5292,18.181818181818183,72.72727272727273,9.090909090909092,22
GX020808.MP4,329.9296,57.14285714285714,38.095238095238095,4.761904761904762,21
GX020808.MP4,330.33,28.57142857142857,57.14285714285714,14.285714285714285,35
GX020808.MP4,330.73040000000003,51.85185185185185,33.33333333333333,14.814814814814813,27
GX020808.MP4,331.1308,40.625,43.75,15.625,32
GX020808.MP4,331.5312,27.586206896551722,55.172413793103445,17.24137931034483,29
GX020808.MP4,331.9316,30.0,50.0,20.0,30
GX020808.MP4,332.332,34.375,53.125,12.5,32
GX020808.MP4,332.7324,42.10526315789473,50.0,7.894736842105263,38
GX020808.MP4,333.13280000000003,29.629629629629626,59.25925925925925,11.11111111111111,27
GX020808.MP4,333.5332,37.5,43.75,18.75,32
GX020808.MP4,333.9336,31.03448275862069,55.172413793103445,13.793103448275861,29
GX020808.MP4,334.334,37.5,50.0,12.5,40
GX020808.MP4,334.7344,30.76923076923077,56.41025641025641,12.82051282051282,39
GX020808.MP4,335.1348,34.375,46.875,18.75,32
GX020808.MP4,335.53520000000003,35.13513513513514,51.35135135135135,13.513513513513514,37
GX020808.MP4,335.9356,48.717948717948715,43.58974358974359,7.6923076923076925,39
GX020808.MP4,336.336,45.94594594594595,45.94594594594595,8.108108108108109,37
GX020808.MP4,336.7364,38.88888888888889,47.22222222222222,13.88888888888889,36
GX020808.MP4,337.1368,48.38709677419355,38.70967741935484,12.903225806451612,31
GX020808.MP4,337.5372,35.294117647058826,38.23529411764706,26.47058823529412,34
GX020808.MP4,337.93760000000003,31.03448275862069,44.827586206896555,24.137931034482758,29
GX020808.MP4,338.338,45.714285714285715,40.0,14.285714285714285,35
GX020808.MP4,338.7384,41.02564102564102,53.84615384615385,5.128205128205128,39
GX020808.MP4,339.1388,37.03703703703704,48.148148148148145,14.814814814814813,27
GX020808.MP4,339.5392,41.37931034482759,37.93103448275862,20.689655172413794,29
GX020808.MP4,339.9396,44.0,44.0,12.0,25
GX020808.MP4,340.34000000000003,36.84210526315789,42.10526315789473,21.052631578947366,19
GX020808.MP4,340.7404,25.0,45.0,30.0,20
GX020808.MP4,341.1408,16.0,84.0,0.0,25
GX020808.MP4,341.5412,30.0,65.0,5.0,20
GX020808.MP4,341.9416,40.909090909090914,40.909090909090914,18.181818181818183,22
GX020808.MP4,342.342,33.33333333333333,41.66666666666667,25.0,36
GX020808.MP4,342.74240000000003,60.0,31.428571428571427,8.571428571428571,35
GX020808.MP4,343.1428,56.25,34.375,9.375,32
GX020808.MP4,343.5432,28.125,59.375,12.5,32
GX020808.MP4,343.9436,34.375,53.125,12.5,32
GX020808.MP4,344.344,26.666666666666668,53.333333333333336,20.0,30
GX020808.MP4,344.7444,36.84210526315789,57.89473684210527,5.263157894736842,38
GX020808.MP4,345.14480000000003,30.555555555555557,55.55555555555556,13.88888888888889,36
GX020808.MP4,345.5452,28.947368421052634,55.26315789473685,15.789473684210526,38
GX020808.MP4,345.9456,30.0,55.00000000000001,15.0,40
GX020808.MP4,346.346,65.0,35.0,0.0,40
GX020808.MP4,346.7464,55.88235294117647,41.17647058823529,2.941176470588235,34
GX020808.MP4,347.1468,27.586206896551722,68.96551724137932,3.4482758620689653,29
GX020808.MP4,347.54720000000003,25.71428571428571,74.28571428571429,0.0,35
GX020808.MP4,347.9476,41.02564102564102,53.84615384615385,5.128205128205128,39
GX020808.MP4,348.348,39.58333333333333,54.166666666666664,6.25,48
GX020808.MP4,348.7484,42.10526315789473,57.89473684210527,0.0,38
GX020808.MP4,349.1488,41.935483870967744,51.61290322580645,6.451612903225806,31
GX020808.MP4,349.5492,50.0,42.30769230769231,7.6923076923076925,26
GX020808.MP4,349.94960000000003,46.15384615384615,42.30769230769231,11.538461538461538,26
GX020808.MP4,350.35,42.30769230769231,42.30769230769231,15.384615384615385,26
GX020808.MP4,350.7504,40.0,25.0,35.0,20
GX020808.MP4,351.1508,35.714285714285715,25.0,39.285714285714285,28
GX020808.MP4,351.5512,52.38095238095239,33.33333333333333,14.285714285714285,42
GX020808.MP4,351.9516,43.18181818181818,45.45454545454545,11.363636363636363,44
GX020808.MP4,352.35200000000003,61.904761904761905,23.809523809523807,14.285714285714285,21
GX020808.MP4,352.7524,38.23529411764706,55.88235294117647,5.88235294117647,34
GX020808.MP4,353.1528,48.484848484848484,42.42424242424242,9.090909090909092,33
GX020808.MP4,353.5532,42.22222222222222,40.0,17.77777777777778,45
GX020808.MP4,353.9536,32.432432432432435,45.94594594594595,21.62162162162162,37
GX020808.MP4,354.354,16.3265306122449,73.46938775510205,10.204081632653061,49
GX020808.MP4,354.75440000000003,13.513513513513514,75.67567567567568,10.81081081081081,37
GX020808.MP4,355.1548,20.0,80.0,0.0,25
GX020808.MP4,355.5552,15.151515151515152,78.78787878787878,6.0606060606060606,33
GX020808.MP4,355.9556,25.0,68.75,6.25,32
GX020808.MP4,356.356,50.0,35.0,15.0,40
GX020808.MP4,356.7564,57.14285714285714,28.57142857142857,14.285714285714285,42
GX020808.MP4,357.15680000000003,28.947368421052634,23.684210526315788,47.368421052631575,38
GX020808.MP4,357.5572,33.33333333333333,27.27272727272727,39.39393939393939,33
GX020808.MP4,357.9576,20.0,51.42857142857142,28.57142857142857,35
GX020808.MP4,358.358,26.47058823529412,29.411764705882355,44.11764705882353,34
GX020808.MP4,358.7584,34.61538461538461,26.923076923076923,38.46153846153847,26
GX020808.MP4,359.1588,78.57142857142857,16.666666666666664,4.761904761904762,42
GX020808.MP4,359.55920000000003,62.5,30.0,7.5,40
GX020808.MP4,359.9596,57.14285714285714,35.714285714285715,7.142857142857142,42
GX020808.MP4,360.36,33.33333333333333,42.42424242424242,24.242424242424242,33
GX020808.MP4,360.7604,18.51851851851852,40.74074074074074,40.74074074074074,27
GX020808.MP4,361.1608,20.51282051282051,35.8974358974359,43.58974358974359,39
GX020808.MP4,361.5612,16.129032258064516,45.16129032258064,38.70967741935484,31
GX020808.MP4,361.96160000000003,27.27272727272727,33.33333333333333,39.39393939393939,33
GX020808.MP4,362.362,33.33333333333333,33.33333333333333,33.33333333333333,33
GX020808.MP4,362.7624,44.11764705882353,41.17647058823529,14.705882352941178,34
GX020808.MP4,363.1628,35.294117647058826,38.23529411764706,26.47058823529412,34
GX020808.MP4,363.5632,31.25,46.875,21.875,32
GX020808.MP4,363.9636,46.15384615384615,38.46153846153847,15.384615384615385,26
GX020808.MP4,364.36400000000003,31.70731707317073,46.34146341463415,21.951219512195124,41
GX020808.MP4,364.7644,39.473684210526315,34.21052631578947,26.31578947368421,38
GX020808.MP4,365.1648,40.0,46.666666666666664,13.333333333333334,30
GX020808.MP4,365.5652,36.0,64.0,0.0,25
GX020808.MP4,365.9656,23.809523809523807,52.38095238095239,23.809523809523807,21
GX020808.MP4,366.366,19.230769230769234,50.0,30.76923076923077,26
GX020808.MP4,366.76640000000003,22.727272727272727,36.36363636363637,40.909090909090914,22
GX020808.MP4,367.1668,50.0,30.0,20.0,10
GX020808.MP4,367.5672,60.0,33.33333333333333,6.666666666666667,15
GX020808.MP4,367.9676,30.0,50.0,20.0,20
GX020808.MP4,368.368,38.095238095238095,52.38095238095239,9.523809523809524,21
GX020808.MP4,368.7684,45.83333333333333,41.66666666666667,12.5,24
GX020808.MP4,369.16880000000003,56.666666666666664,36.666666666666664,6.666666666666667,30
GX020808.MP4,369.5692,50.0,46.15384615384615,3.8461538461538463,26
GX020808.MP4,369.9696,25.0,70.83333333333334,4.166666666666666,24
GX020808.MP4,370.37,35.0,50.0,15.0,20
GX020808.MP4,370.7704,36.84210526315789,52.63157894736842,10.526315789473683,19
GX020808.MP4,371.1708,35.294117647058826,52.94117647058824,11.76470588235294,17
GX020808.MP4,371.57120000000003,33.33333333333333,52.38095238095239,14.285714285714285,21
GX020808.MP4,371.9716,40.54054054054054,43.24324324324324,16.216216216216218,37
GX020808.MP4,372.372,43.75,40.625,15.625,32
GX020808.MP4,372.7724,26.08695652173913,63.04347826086957,10.869565217391305,46
GX020808.MP4,373.1728,25.0,59.375,15.625,32
GX020808.MP4,373.5732,27.27272727272727,54.54545454545454,18.181818181818183,33
GX020808.MP4,373.97360000000003,50.0,45.23809523809524,4.761904761904762,42
GX020808.MP4,374.374,20.588235294117645,58.82352941176471,20.588235294117645,34
GX020808.MP4,374.7744,23.52941176470588,58.82352941176471,17.647058823529413,34
GX020808.MP4,375.1748,31.25,53.125,15.625,32
GX020808.MP4,375.5752,23.684210526315788,60.526315789473685,15.789473684210526,38
GX020808.MP4,375.9756,21.62162162162162,62.16216216216216,16.216216216216218,37
GX020808.MP4,376.37600000000003,28.205128205128204,56.41025641025641,15.384615384615385,39
GX020808.MP4,376.7764,27.500000000000004,50.0,22.5,40
GX020808.MP4,377.1768,28.947368421052634,52.63157894736842,18.421052631578945,38
GX020808.MP4,377.5772,34.090909090909086,52.27272727272727,13.636363636363635,44
GX020808.MP4,377.9776,37.77777777777778,44.44444444444444,17.77777777777778,45
GX020808.MP4,378.378,36.11111111111111,50.0,13.88888888888889,36
GX020808.MP4,378.77840000000003,34.21052631578947,50.0,15.789473684210526,38
GX020808.MP4,379.1788,34.146341463414636,46.34146341463415,19.51219512195122,41
GX020808.MP4,379.5792,26.82926829268293,68.29268292682927,4.878048780487805,41
GX020808.MP4,379.9796,29.268292682926827,63.41463414634146,7.317073170731707,41
GX020808.MP4,380.38,30.303030303030305,57.57575757575758,12.121212121212121,33
GX020808.MP4,380.7804,24.324324324324326,59.45945945945946,16.216216216216218,37
GX020808.MP4,381.18080000000003,31.11111111111111,53.333333333333336,15.555555555555555,45
GX020808.MP4,381.5812,27.586206896551722,51.724137931034484,20.689655172413794,29
GX020808.MP4,381.9816,32.35294117647059,38.23529411764706,29.411764705882355,34
GX020808.MP4,382.382,18.421052631578945,63.1578947368421,18.421052631578945,38
GX020808.MP4,382.7824,13.793103448275861,82.75862068965517,3.4482758620689653,29
GX020808.MP4,383.1828,23.52941176470588,41.17647058823529,35.294117647058826,17
GX020808.MP4,383.58320000000003,46.666666666666664,26.666666666666668,26.666666666666668,30
GX020808.MP4,383.9836,54.54545454545454,36.36363636363637,9.090909090909092,33
GX020808.MP4,384.384,37.83783783783784,27.027027027027028,35.13513513513514,37
GX020808.MP4,384.7844,50.0,44.44444444444444,5.555555555555555,36
GX020808.MP4,385.1848,41.17647058823529,35.294117647058826,23.52941176470588,34
GX020808.MP4,385.5852,33.33333333333333,55.55555555555556,11.11111111111111,27
GX020808.MP4,385.98560000000003,28.000000000000004,64.0,8.0,25
GX020808.MP4,386.386,21.052631578947366,76.31578947368422,2.631578947368421,38
GX020808.MP4,386.7864,20.588235294117645,73.52941176470588,5.88235294117647,34
GX020808.MP4,387.1868,18.75,78.125,3.125,32
GX020808.MP4,387.5872,19.047619047619047,66.66666666666666,14.285714285714285,42
GX020808.MP4,387.9876,20.0,57.49999999999999,22.5,40
GX020808.MP4,388.38800000000003,32.432432432432435,48.64864864864865,18.91891891891892,37
GX020808.MP4,388.7884,38.23529411764706,32.35294117647059,29.411764705882355,34
GX020808.MP4,389.1888,6.666666666666667,76.66666666666667,16.666666666666664,30
GX020808.MP4,389.5892,25.64102564102564,71.7948717948718,2.564102564102564,39
GX020808.MP4,389.9896,30.0,35.0,35.0,20
GX020808.MP4,390.39,0.0,90.0,10.0,20
GX020808.MP4,390.79040000000003,29.166666666666668,50.0,20.833333333333336,24
GX020808.MP4,391.1908,41.935483870967744,51.61290322580645,6.451612903225806,31
GX020808.MP4,391.5912,25.0,53.57142857142857,21.428571428571427,28
GX020808.MP4,391.9916,36.666666666666664,56.666666666666664,6.666666666666667,30
GX020808.MP4,392.392,32.55813953488372,44.18604651162791,23.25581395348837,43
GX020808.MP4,392.7924,30.303030303030305,42.42424242424242,27.27272727272727,33
GX020808.MP4,393.19280000000003,47.82608695652174,39.130434782608695,13.043478260869565,23
GX020808.MP4,393.5932,40.909090909090914,27.27272727272727,31.818181818181817,22
GX020808.MP4,393.9936,62.7906976744186,20.930232558139537,16.27906976744186,43
GX020808.MP4,394.394,53.57142857142857,35.714285714285715,10.714285714285714,28
GX020808.MP4,394.7944,42.30769230769231,53.84615384615385,3.8461538461538463,26
GX020808.MP4,395.1948,22.22222222222222,55.55555555555556,22.22222222222222,27
GX020808.MP4,395.59520000000003,18.181818181818183,63.63636363636363,18.181818181818183,22
GX020808.MP4,395.9956,25.0,50.0,25.0,28
GX020808.MP4,396.396,4.3478260869565215,65.21739130434783,30.434782608695656,23
GX020808.MP4,396.7964,0.0,66.66666666666666,33.33333333333333,24
GX020808.MP4,397.1968,8.823529411764707,64.70588235294117,26.47058823529412,34
GX020808.MP4,397.5972,14.285714285714285,57.14285714285714,28.57142857142857,28
GX020808.MP4,397.99760000000003,26.47058823529412,58.82352941176471,14.705882352941178,34
GX020808.MP4,398.398,25.71428571428571,45.714285714285715,28.57142857142857,35
GX020808.MP4,398.7984,45.45454545454545,36.36363636363637,18.181818181818183,22
GX020808.MP4,399.1988,33.33333333333333,44.44444444444444,22.22222222222222,9
GX020808.MP4,399.5992,47.61904761904761,28.57142857142857,23.809523809523807,21
GX020808.MP4,399.9996,33.33333333333333,52.38095238095239,14.285714285714285,21
GX020808.MP4,400.40000000000003,52.17391304347826,34.78260869565217,13.043478260869565,23
GX020808.MP4,400.8004,31.25,31.25,37.5,16
GX020808.MP4,401.2008,19.047619047619047,52.38095238095239,28.57142857142857,21
GX020808.MP4,401.6012,42.857142857142854,42.857142857142854,14.285714285714285,21
GX020808.MP4,402.0016,42.10526315789473,36.84210526315789,21.052631578947366,19
GX020808.MP4,402.402,18.75,56.25,25.0,16
GX020808.MP4,402.80240000000003,33.33333333333333,29.166666666666668,37.5,24
GX020808.MP4,403.2028,52.63157894736842,21.052631578947366,26.31578947368421,19
GX020808.MP4,403.6032,52.94117647058824,23.52941176470588,23.52941176470588,17
GX020808.MP4,404.0036,50.0,30.0,20.0,10
GX020808.MP4,404.404,50.0,22.22222222222222,27.77777777777778,18
GX020808.MP4,404.8044,25.925925925925924,51.85185185185185,22.22222222222222,27
GX020808.MP4,405.20480000000003,5.555555555555555,88.88888888888889,5.555555555555555,18
GX020808.MP4,405.6052,33.33333333333333,11.11111111111111,55.55555555555556,9
GX020808.MP4,406.0056,19.230769230769234,34.61538461538461,46.15384615384615,26
GX020808.MP4,406.406,19.047619047619047,57.14285714285714,23.809523809523807,21
GX020808.MP4,406.8064,52.0,24.0,24.0,25
GX020808.MP4,407.2068,43.75,25.0,31.25,16
GX020808.MP4,407.60720000000003,29.166666666666668,62.5,8.333333333333332,24
GX020808.MP4,408.0076,33.33333333333333,66.66666666666666,0.0,6
GX020808.MP4,408.408,11.11111111111111,88.88888888888889,0.0,9
GX020808.MP4,408.8084,33.33333333333333,33.33333333333333,33.33333333333333,18
GX020808.MP4,409.2088,45.45454545454545,50.0,4.545454545454546,22
GX020808.MP4,409.6092,37.5,53.125,9.375,32
GX020808.MP4,410.00960000000003,44.44444444444444,33.33333333333333,22.22222222222222,18
GX020808.MP4,410.41,33.33333333333333,41.66666666666667,25.0,24
GX020808.MP4,410.8104,46.15384615384615,23.076923076923077,30.76923076923077,26
GX020808.MP4,411.2108,33.33333333333333,40.74074074074074,25.925925925925924,27
GX020808.MP4,411.6112,29.629629629629626,25.925925925925924,44.44444444444444,27
GX020808.MP4,412.0116,27.27272727272727,22.727272727272727,50.0,22
GX020808.MP4,412.41200000000003,35.0,35.0,30.0,20
GX020808.MP4,412.8124,33.33333333333333,46.15384615384615,20.51282051282051,39
GX020808.MP4,413.2128,53.84615384615385,35.8974358974359,10.256410256410255,39
GX020808.MP4,413.6132,56.25,31.25,12.5,32
GX020808.MP4,414.0136,7.894736842105263,73.68421052631578,18.421052631578945,38
GX020808.MP4,414.414,35.0,50.0,15.0,20
GX020808.MP4,414.81440000000003,35.0,35.0,30.0,20
GX020808.MP4,415.2148,30.76923076923077,38.46153846153847,30.76923076923077,26
GX020808.MP4,415.6152,42.10526315789473,47.368421052631575,10.526315789473683,19
GX020808.MP4,416.0156,22.727272727272727,63.63636363636363,13.636363636363635,22
GX020808.MP4,416.416,33.33333333333333,25.0,41.66666666666667,12
GX020808.MP4,416.8164,25.0,58.333333333333336,16.666666666666664,12
GX020808.MP4,417.21680000000003,21.052631578947366,42.10526315789473,36.84210526315789,19
GX020808.MP4,417.6172,77.77777777777779,22.22222222222222,0.0,27
GX020808.MP4,418.0176,56.666666666666664,40.0,3.3333333333333335,30
GX020808.MP4,418.418,45.83333333333333,41.66666666666667,12.5,24
GX020808.MP4,418.8184,41.66666666666667,33.33333333333333,25.0,24
GX020808.MP4,419.2188,41.02564102564102,51.28205128205128,7.6923076923076925,39
GX020808.MP4,419.61920000000003,34.78260869565217,39.130434782608695,26.08695652173913,23
GX020808.MP4,420.0196,50.0,21.428571428571427,28.57142857142857,42
GX020808.MP4,420.42,29.411764705882355,35.294117647058826,35.294117647058826,17
GX020808.MP4,420.8204,42.10526315789473,31.57894736842105,26.31578947368421,19
GX020808.MP4,421.2208,32.0,56.00000000000001,12.0,25
GX020808.MP4,421.6212,34.48275862068966,51.724137931034484,13.793103448275861,29
GX020808.MP4,422.02160000000003,55.55555555555556,22.22222222222222,22.22222222222222,18
GX020808.MP4,422.422,57.14285714285714,23.809523809523807,19.047619047619047,21
GX020808.MP4,422.8224,43.47826086956522,39.130434782608695,17.391304347826086,23
GX020808.MP4,423.2228,45.45454545454545,31.818181818181817,22.727272727272727,22
GX020808.MP4,423.6232,52.38095238095239,38.095238095238095,9.523809523809524,21
GX020808.MP4,424.0236,50.0,35.714285714285715,14.285714285714285,14
GX020808.MP4,424.42400000000004,46.42857142857143,35.714285714285715,17.857142857142858,28
GX020808.MP4,424.8244,39.39393939393939,42.42424242424242,18.181818181818183,33
GX020808.MP4,425.2248,28.947368421052634,52.63157894736842,18.421052631578945,38
GX020808.MP4,425.6252,31.03448275862069,44.827586206896555,24.137931034482758,29
GX020808.MP4,426.0256,35.714285714285715,32.142857142857146,32.142857142857146,28
GX020808.MP4,426.426,40.625,34.375,25.0,32
GX020808.MP4,426.82640000000004,50.0,36.36363636363637,13.636363636363635,22
GX020808.MP4,427.2268,40.909090909090914,45.45454545454545,13.636363636363635,22
GX020808.MP4,427.6272,30.434782608695656,60.86956521739131,8.695652173913043,23
GX020808.MP4,428.0276,54.54545454545454,31.818181818181817,13.636363636363635,22
GX020808.MP4,428.428,50.0,38.88888888888889,11.11111111111111,18
GX020808.MP4,428.8284,29.411764705882355,64.70588235294117,5.88235294117647,17
GX020808.MP4,429.22880000000004,21.052631578947366,68.42105263157895,10.526315789473683,19
GX020808.MP4,429.6292,23.076923076923077,76.92307692307693,0.0,13
GX020808.MP4,430.0296,33.33333333333333,57.14285714285714,9.523809523809524,21
GX020808.MP4,430.43,17.647058823529413,52.94117647058824,29.411764705882355,17
GX020808.MP4,430.8304,22.22222222222222,50.0,27.77777777777778,18
GX020808.MP4,431.2308,0.0,100.0,0.0,15
GX020808.MP4,431.63120000000004,67.44186046511628,11.627906976744185,20.930232558139537,43
GX020808.MP4,432.0316,53.84615384615385,7.6923076923076925,38.46153846153847,13
GX020808.MP4,432.432,14.814814814814813,70.37037037037037,14.814814814814813,27
GX020808.MP4,432.8324,18.181818181818183,63.63636363636363,18.181818181818183,11
GX020808.MP4,433.2328,31.428571428571427,22.857142857142858,45.714285714285715,35
GX020808.MP4,433.6332,35.0,60.0,5.0,20
GX020808.MP4,434.03360000000004,41.17647058823529,17.647058823529413,41.17647058823529,17
GX020808.MP4,434.434,29.72972972972973,51.35135135135135,18.91891891891892,37
GX020808.MP4,434.8344,46.15384615384615,23.076923076923077,30.76923076923077,13
GX020808.MP4,435.2348,60.0,20.0,20.0,15
GX020808.MP4,435.6352,62.5,12.5,25.0,8
GX020808.MP4,436.0356,37.5,53.125,9.375,32
GX020808.MP4,436.43600000000004,51.35135135135135,37.83783783783784,10.81081081081081,37
GX020808.MP4,436.8364,61.904761904761905,16.666666666666664,21.428571428571427,42
GX020808.MP4,437.2368,34.61538461538461,23.076923076923077,42.30769230769231,26
GX020808.MP4,437.6372,36.36363636363637,21.21212121212121,42.42424242424242,33
GX020808.MP4,438.0376,33.33333333333333,25.925925925925924,40.74074074074074,27
GX020808.MP4,438.438,36.36363636363637,24.242424242424242,39.39393939393939,33
GX020808.MP4,438.83840000000004,51.85185185185185,18.51851851851852,29.629629629629626,27
GX020808.MP4,439.2388,36.11111111111111,30.555555555555557,33.33333333333333,36
GX020808.MP4,439.6392,34.61538461538461,30.76923076923077,34.61538461538461,26
GX020808.MP4,440.0396,73.33333333333333,13.333333333333334,13.333333333333334,15
GX020808.MP4,440.44,50.0,32.142857142857146,17.857142857142858,28
GX020808.MP4,440.8404,25.0,0.0,75.0,4
GX020808.MP4,441.24080000000004,0.0,40.0,60.0,5
GX020808.MP4,441.6412,50.0,33.33333333333333,16.666666666666664,6
GX020808.MP4,442.0416,10.0,25.0,65.0,20
GX020808.MP4,442.442,0.0,40.0,60.0,15
GX020808.MP4,442.8424,18.51851851851852,14.814814814814813,66.66666666666666,27
GX020808.MP4,443.2428,0.0,75.86206896551724,24.137931034482758,29
GX020808.MP4,443.64320000000004,11.11111111111111,33.33333333333333,55.55555555555556,9
GX020808.MP4,444.0436,42.857142857142854,14.285714285714285,42.857142857142854,28
GX020808.MP4,444.444,41.17647058823529,47.05882352941176,11.76470588235294,17
GX020808.MP4,444.8444,30.0,40.0,30.0,10
GX020808.MP4,445.2448,16.0,60.0,24.0,25
GX020808.MP4,445.6452,43.47826086956522,30.434782608695656,26.08695652173913,23
GX020808.MP4,446.04560000000004,64.51612903225806,22.58064516129032,12.903225806451612,31
GX020808.MP4,446.446,66.66666666666666,22.22222222222222,11.11111111111111,36
GX020808.MP4,446.8464,73.07692307692307,15.384615384615385,11.538461538461538,26
GX020808.MP4,447.2468,64.51612903225806,12.903225806451612,22.58064516129032,31
GX020808.MP4,447.6472,40.74074074074074,33.33333333333333,25.925925925925924,27
GX020808.MP4,448.0476,33.33333333333333,55.55555555555556,11.11111111111111,9
GX020808.MP4,448.44800000000004,15.789473684210526,21.052631578947366,63.1578947368421,19
GX020808.MP4,448.8484,39.130434782608695,13.043478260869565,47.82608695652174,23
GX020808.MP4,449.2488,25.806451612903224,19.35483870967742,54.83870967741935,31
GX020808.MP4,449.6492,24.0,24.0,52.0,25
GX020808.MP4,450.0496,33.33333333333333,20.833333333333336,45.83333333333333,24
GX020808.MP4,450.45,30.0,25.0,45.0,20
GX020808.MP4,450.85040000000004,28.57142857142857,32.142857142857146,39.285714285714285,28
GX020808.MP4,451.2508,33.33333333333333,0.0,66.66666666666666,12
GX020808.MP4,451.6512,52.94117647058824,23.52941176470588,23.52941176470588,17
GX020808.MP4,452.0516,16.666666666666664,11.11111111111111,72.22222222222221,18
GX020808.MP4,452.452,61.53846153846154,15.384615384615385,23.076923076923077,13
GX020808.MP4,452.8524,28.57142857142857,38.095238095238095,33.33333333333333,21
GX020808.MP4,453.25280000000004,15.384615384615385,46.15384615384615,38.46153846153847,13
GX020808.MP4,453.6532,27.586206896551722,51.724137931034484,20.689655172413794,29
GX020808.MP4,454.0536,15.0,55.00000000000001,30.0,20
GX020808.MP4,454.454,75.0,12.5,12.5,8
GX020808.MP4,454.8544,53.333333333333336,26.666666666666668,20.0,15
GX020808.MP4,455.2548,15.789473684210526,63.1578947368421,21.052631578947366,19
GX020808.MP4,455.65520000000004,28.000000000000004,24.0,48.0,25
GX020808.MP4,456.0556,56.666666666666664,13.333333333333334,30.0,30
GX020808.MP4,456.456,56.25,25.0,18.75,32
GX020808.MP4,456.8564,60.0,26.666666666666668,13.333333333333334,30
GX020808.MP4,457.2568,7.142857142857142,92.85714285714286,0.0,28
GX020808.MP4,457.6572,4.545454545454546,90.9090909090909,4.545454545454546,22
GX020808.MP4,458.05760000000004,12.5,75.0,12.5,24
GX020808.MP4,458.458,20.0,60.0,20.0,25
GX020808.MP4,458.8584,54.54545454545454,27.27272727272727,18.181818181818183,11
GX020808.MP4,459.2588,31.25,25.0,43.75,16
GX020808.MP4,459.6592,14.285714285714285,50.0,35.714285714285715,14
GX020808.MP4,460.0596,23.076923076923077,38.46153846153847,38.46153846153847,13
GX020808.MP4,460.46000000000004,53.333333333333336,26.666666666666668,20.0,15
GX020808.MP4,460.8604,16.666666666666664,41.66666666666667,41.66666666666667,12
GX020808.MP4,461.2608,23.52941176470588,35.294117647058826,41.17647058823529,17
GX020808.MP4,461.6612,43.47826086956522,39.130434782608695,17.391304347826086,23
GX020808.MP4,462.0616,50.0,28.57142857142857,21.428571428571427,14
GX020808.MP4,462.462,50.0,25.0,25.0,16
GX020808.MP4,462.86240000000004,54.54545454545454,22.727272727272727,22.727272727272727,22
GX020808.MP4,463.2628,53.333333333333336,33.33333333333333,13.333333333333334,15
GX020808.MP4,463.6632,44.44444444444444,22.22222222222222,33.33333333333333,18
GX020808.MP4,464.0636,35.294117647058826,11.76470588235294,52.94117647058824,17
GX020808.MP4,464.464,30.0,20.0,50.0,20
GX020808.MP4,464.8644,61.53846153846154,30.76923076923077,7.6923076923076925,13
GX020808.MP4,465.26480000000004,36.84210526315789,31.57894736842105,31.57894736842105,19
GX020808.MP4,465.6652,32.0,36.0,32.0,25
GX020808.MP4,466.0656,44.44444444444444,22.22222222222222,33.33333333333333,9
GX020808.MP4,466.466,37.5,18.75,43.75,16
GX020808.MP4,466.8664,40.0,40.0,20.0,15
GX020808.MP4,467.2668,18.75,75.0,6.25,16
GX020808.MP4,467.66720000000004,21.428571428571427,64.28571428571429,14.285714285714285,14
GX020808.MP4,468.0676,51.724137931034484,44.827586206896555,3.4482758620689653,29
GX020808.MP4,468.468,50.0,31.25,18.75,16
GX020808.MP4,468.8684,50.0,31.25,18.75,16
GX020808.MP4,469.2688,31.57894736842105,31.57894736842105,36.84210526315789,19
GX020808.MP4,469.6692,62.5,25.0,12.5,24
GX020808.MP4,470.06960000000004,37.03703703703704,29.629629629629626,33.33333333333333,27
GX020808.MP4,470.47,36.0,32.0,32.0,25
GX020808.MP4,470.8704,41.66666666666667,33.33333333333333,25.0,24
GX020808.MP4,471.2708,50.0,25.0,25.0,20
GX020808.MP4,471.6712,52.17391304347826,26.08695652173913,21.73913043478261,23
GX020808.MP4,472.0716,48.275862068965516,37.93103448275862,13.793103448275861,29
GX020808.MP4,472.47200000000004,65.38461538461539,26.923076923076923,7.6923076923076925,26
GX020808.MP4,472.8724,60.0,23.333333333333332,16.666666666666664,30
GX020808.MP4,473.2728,50.0,33.33333333333333,16.666666666666664,18
GX020808.MP4,473.6732,59.09090909090909,31.818181818181817,9.090909090909092,22
GX020808.MP4,474.0736,22.22222222222222,72.22222222222221,5.555555555555555,18
GX020808.MP4,474.474,42.857142857142854,46.42857142857143,10.714285714285714,28
GX020808.MP4,474.87440000000004,22.58064516129032,58.06451612903226,19.35483870967742,31
GX020808.MP4,475.2748,5.555555555555555,88.88888888888889,5.555555555555555,18
GX020808.MP4,475.6752,10.526315789473683,84.21052631578947,5.263157894736842,19
GX020808.MP4,476.0756,0.0,62.5,37.5,16
GX020808.MP4,476.476,26.31578947368421,57.89473684210527,15.789473684210526,19
GX020808.MP4,476.8764,38.095238095238095,52.38095238095239,9.523809523809524,21
GX020808.MP4,477.2768,57.14285714285714,38.095238095238095,4.761904761904762,21
GX020808.MP4,477.6772,55.00000000000001,45.0,0.0,20
GX020808.MP4,478.0776,59.375,25.0,15.625,32
GX020808.MP4,478.478,37.5,50.0,12.5,8
GX020808.MP4,478.8784,19.047619047619047,52.38095238095239,28.57142857142857,21
GX020808.MP4,479.2788,42.857142857142854,21.428571428571427,35.714285714285715,14
GX020808.MP4,479.6792,8.695652173913043,86.95652173913044,4.3478260869565215,23
GX020808.MP4,480.0796,22.22222222222222,77.77777777777779,0.0,18
GX020808.MP4,480.48,62.5,29.166666666666668,8.333333333333332,24
GX020808.MP4,480.8804,47.05882352941176,23.52941176470588,29.411764705882355,17
GX020808.MP4,481.2808,10.526315789473683,89.47368421052632,0.0,19
GX020808.MP4,481.6812,55.00000000000001,30.0,15.0,20
GX020808.MP4,482.0816,60.0,28.000000000000004,12.0,25
GX020808.MP4,482.482,58.333333333333336,29.166666666666668,12.5,24
GX020808.MP4,482.8824,64.28571428571429,25.0,10.714285714285714,28
GX020808.MP4,483.2828,58.620689655172406,34.48275862068966,6.896551724137931,29
GX020808.MP4,483.6832,44.44444444444444,38.88888888888889,16.666666666666664,18
GX020808.MP4,484.0836,47.82608695652174,30.434782608695656,21.73913043478261,23
GX020808.MP4,484.484,41.17647058823529,41.17647058823529,17.647058823529413,17
GX020808.MP4,484.8844,37.5,18.75,43.75,16
GX020808.MP4,485.2848,51.61290322580645,35.483870967741936,12.903225806451612,31
GX020808.MP4,485.6852,31.03448275862069,51.724137931034484,17.24137931034483,29
GX020808.MP4,486.0856,46.42857142857143,17.857142857142858,35.714285714285715,28
GX020808.MP4,486.486,54.166666666666664,8.333333333333332,37.5,24
GX020808.MP4,486.8864,48.0,32.0,20.0,25
GX020808.MP4,487.2868,25.0,50.0,25.0,20
GX020808.MP4,487.6872,15.384615384615385,69.23076923076923,15.384615384615385,13
GX020808.MP4,488.0876,42.30769230769231,53.84615384615385,3.8461538461538463,26
GX020808.MP4,488.488,41.66666666666667,54.166666666666664,4.166666666666666,24
GX020808.MP4,488.8884,23.52941176470588,76.47058823529412,0.0,17
GX020808.MP4,489.2888,22.727272727272727,59.09090909090909,18.181818181818183,22
GX020808.MP4,489.6892,25.0,38.88888888888889,36.11111111111111,36
GX020808.MP4,490.0896,43.75,34.375,21.875,32
GX020808.MP4,490.49,65.625,18.75,15.625,32
GX020808.MP4,490.8904,64.70588235294117,35.294117647058826,0.0,34
GX020808.MP4,491.2908,57.14285714285714,39.285714285714285,3.571428571428571,28
GX020808.MP4,491.6912,55.172413793103445,41.37931034482759,3.4482758620689653,29
GX020808.MP4,492.0916,51.42857142857142,42.857142857142854,5.714285714285714,35
GX020808.MP4,492.492,44.827586206896555,37.93103448275862,17.24137931034483,29
GX020808.MP4,492.8924,42.5,37.5,20.0,40
GX020808.MP4,493.2928,52.0,28.000000000000004,20.0,25
GX020808.MP4,493.6932,34.61538461538461,46.15384615384615,19.230769230769234,26
GX020808.MP4,494.0936,41.17647058823529,41.17647058823529,17.647058823529413,17
GX020808.MP4,494.494,25.0,50.0,25.0,24
GX020808.MP4,494.8944,34.61538461538461,42.30769230769231,23.076923076923077,26
GX020808.MP4,495.2948,0.0,60.0,40.0,10
GX020808.MP4,495.6952,33.33333333333333,66.66666666666666,0.0,27
GX020808.MP4,496.0956,24.0,64.0,12.0,25
GX020808.MP4,496.496,9.523809523809524,76.19047619047619,14.285714285714285,21
GX020808.MP4,496.8964,12.0,80.0,8.0,25
GX020808.MP4,497.2968,68.75,18.75,12.5,16
GX020808.MP4,497.6972,56.25,31.25,12.5,16
GX020808.MP4,498.0976,47.368421052631575,36.84210526315789,15.789473684210526,19
GX020808.MP4,498.498,57.14285714285714,21.428571428571427,21.428571428571427,14
GX020808.MP4,498.8984,46.15384615384615,15.384615384615385,38.46153846153847,13
GX020808.MP4,499.2988,35.294117647058826,47.05882352941176,17.647058823529413,17
GX020808.MP4,499.6992,56.52173913043478,21.73913043478261,21.73913043478261,23
GX020808.MP4,500.0996,52.0,28.000000000000004,20.0,25
GX020808.MP4,500.5,50.0,27.27272727272727,22.727272727272727,22
GX020808.MP4,500.9004,42.857142857142854,23.809523809523807,33.33333333333333,21
GX020808.MP4,501.3008,37.03703703703704,48.148148148148145,14.814814814814813,27
GX020808.MP4,501.70120000000003,29.166666666666668,58.333333333333336,12.5,24
GX020808.MP4,502.1016,26.31578947368421,31.57894736842105,42.10526315789473,19
GX020808.MP4,502.502,34.61538461538461,61.53846153846154,3.8461538461538463,26
GX020808.MP4,502.9024,42.42424242424242,48.484848484848484,9.090909090909092,33
GX020808.MP4,503.3028,57.14285714285714,38.095238095238095,4.761904761904762,21
GX020808.MP4,503.7032,27.27272727272727,63.63636363636363,9.090909090909092,11
GX020808.MP4,504.10360000000003,6.0606060606060606,90.9090909090909,3.0303030303030303,33
GX020808.MP4,504.504,9.090909090909092,81.81818181818183,9.090909090909092,11
GX020808.MP4,504.9044,28.57142857142857,14.285714285714285,57.14285714285714,14
GX020808.MP4,505.3048,22.22222222222222,72.22222222222221,5.555555555555555,18
GX020808.MP4,505.7052,24.0,48.0,28.000000000000004,25
GX020808.MP4,506.1056,7.142857142857142,64.28571428571429,28.57142857142857,14
GX020808.MP4,506.50600000000003,3.4482758620689653,37.93103448275862,58.620689655172406,29
GX020808.MP4,506.9064,41.17647058823529,58.82352941176471,0.0,34
GX020808.MP4,507.3068,54.83870967741935,25.806451612903224,19.35483870967742,31
GX020808.MP4,507.7072,45.94594594594595,16.216216216216218,37.83783783783784,37
GX020808.MP4,508.1076,13.333333333333334,83.33333333333334,3.3333333333333335,30
GX020808.MP4,508.508,67.56756756756756,21.62162162162162,10.81081081081081,37
GX020808.MP4,508.90840000000003,71.42857142857143,17.857142857142858,10.714285714285714,28
GX020808.MP4,509.3088,44.0,32.0,24.0,25
GX020808.MP4,509.7092,38.23529411764706,29.411764705882355,32.35294117647059,34
GX020808.MP4,510.1096,41.37931034482759,17.24137931034483,41.37931034482759,29
GX020808.MP4,510.51,44.44444444444444,29.629629629629626,25.925925925925924,27
GX020808.MP4,510.9104,50.0,30.0,20.0,20
GX020808.MP4,511.31080000000003,41.66666666666667,45.83333333333333,12.5,24
GX020808.MP4,511.7112,37.83783783783784,37.83783783783784,24.324324324324326,37
GX020808.MP4,512.1116,42.5,37.5,20.0,40
GX020808.MP4,512.5120000000001,44.44444444444444,27.77777777777778,27.77777777777778,36
GX020808.MP4,512.9124,38.46153846153847,56.41025641025641,5.128205128205128,39
GX020808.MP4,513.3128,52.94117647058824,29.411764705882355,17.647058823529413,34
GX020808.MP4,513.7132,57.89473684210527,31.57894736842105,10.526315789473683,19
GX020808.MP4,514.1136,43.58974358974359,20.51282051282051,35.8974358974359,39
GX020808.MP4,514.514,30.434782608695656,30.434782608695656,39.130434782608695,23
GX020808.MP4,514.9144,50.0,28.57142857142857,21.428571428571427,28
GX020808.MP4,515.3148,35.714285714285715,39.285714285714285,25.0,28
GX020808.MP4,515.7152,48.38709677419355,29.03225806451613,22.58064516129032,31
GX020808.MP4,516.1156,42.857142857142854,39.285714285714285,17.857142857142858,28
GX020808.MP4,516.516,20.0,55.00000000000001,25.0,20
GX020808.MP4,516.9164,5.555555555555555,88.88888888888889,5.555555555555555,18
GX020808.MP4,517.3168000000001,35.294117647058826,64.70588235294117,0.0,17
GX020808.MP4,517.7172,60.0,40.0,0.0,10
GX020808.MP4,518.1176,62.5,30.0,7.5,40
GX020808.MP4,518.518,46.42857142857143,42.857142857142854,10.714285714285714,28
GX020808.MP4,518.9184,28.57142857142857,53.57142857142857,17.857142857142858,28
GX020808.MP4,519.3188,45.45454545454545,31.818181818181817,22.727272727272727,22
GX020808.MP4,519.7192,21.052631578947366,57.89473684210527,21.052631578947366,19
GX020808.MP4,520.1196,5.555555555555555,77.77777777777779,16.666666666666664,18
GX020808.MP4,520.52,7.142857142857142,92.85714285714286,0.0,14
GX020808.MP4,520.9204,40.0,46.666666666666664,13.333333333333334,15
GX020808.MP4,521.3208,29.629629629629626,62.96296296296296,7.4074074074074066,27
GX020808.MP4,521.7212,34.48275862068966,51.724137931034484,13.793103448275861,29
GX020808.MP4,522.1216000000001,34.78260869565217,39.130434782608695,26.08695652173913,23
GX020808.MP4,522.522,55.00000000000001,35.0,10.0,20
GX020808.MP4,522.9224,33.33333333333333,38.88888888888889,27.77777777777778,36
GX020808.MP4,523.3228,37.5,45.83333333333333,16.666666666666664,24
GX020808.MP4,523.7232,44.0,44.0,12.0,25
GX020808.MP4,524.1236,25.925925925925924,33.33333333333333,40.74074074074074,27
GX020808.MP4,524.524,42.10526315789473,31.57894736842105,26.31578947368421,19
GX020808.MP4,524.9244,22.22222222222222,61.111111111111114,16.666666666666664,18
GX020808.MP4,525.3248,15.789473684210526,57.89473684210527,26.31578947368421,19
GX020808.MP4,525.7252,23.076923076923077,38.46153846153847,38.46153846153847,26
GX020808.MP4,526.1256,18.75,31.25,50.0,16
GX020808.MP4,526.526,0.0,12.5,87.5,8
GX020808.MP4,526.9264000000001,30.0,20.0,50.0,10
GX020808.MP4,527.3268,42.857142857142854,42.857142857142854,14.285714285714285,7
GX020808.MP4,527.7272,18.75,56.25,25.0,16
GX020808.MP4,528.1276,31.57894736842105,47.368421052631575,21.052631578947366,19
GX020808.MP4,528.528,35.483870967741936,54.83870967741935,9.67741935483871,31
GX020808.MP4,528.9284,44.44444444444444,40.74074074074074,14.814814814814813,27
GX020808.MP4,529.3288,67.64705882352942,23.52941176470588,8.823529411764707,34
GX020808.MP4,529.7292,55.172413793103445,27.586206896551722,17.24137931034483,29
GX020808.MP4,530.1296,50.0,29.166666666666668,20.833333333333336,24
GX020808.MP4,530.53,39.130434782608695,34.78260869565217,26.08695652173913,23
GX020808.MP4,530.9304,37.5,62.5,0.0,8
GX020808.MP4,531.3308,40.0,32.0,28.000000000000004,25
GX020808.MP4,531.7312000000001,36.84210526315789,26.31578947368421,36.84210526315789,19
GX020808.MP4,532.1316,31.25,18.75,50.0,16
GX020808.MP4,532.532,0.0,66.66666666666666,33.33333333333333,12
GX020808.MP4,532.9324,31.57894736842105,47.368421052631575,21.052631578947366,19
GX020808.MP4,533.3328,18.75,75.0,6.25,16
GX020808.MP4,533.7332,22.58064516129032,38.70967741935484,38.70967741935484,31
GX020808.MP4,534.1336,30.434782608695656,39.130434782608695,30.434782608695656,23
GX020808.MP4,534.534,20.833333333333336,54.166666666666664,25.0,24
GX020808.MP4,534.9344,26.47058823529412,58.82352941176471,14.705882352941178,34
GX020808.MP4,535.3348,36.666666666666664,36.666666666666664,26.666666666666668,30
GX020808.MP4,535.7352,41.66666666666667,8.333333333333332,50.0,12
GX020808.MP4,536.1356,11.11111111111111,55.55555555555556,33.33333333333333,18
GX020808.MP4,536.5360000000001,0.0,86.66666666666667,13.333333333333334,15
GX020808.MP4,536.9364,44.44444444444444,33.33333333333333,22.22222222222222,18
GX020808.MP4,537.3368,14.285714285714285,57.14285714285714,28.57142857142857,21
GX020808.MP4,537.7372,42.857142857142854,42.857142857142854,14.285714285714285,21
GX020808.MP4,538.1376,27.027027027027028,37.83783783783784,35.13513513513514,37
GX020808.MP4,538.538,55.55555555555556,33.33333333333333,11.11111111111111,27
GX020808.MP4,538.9384,50.0,36.666666666666664,13.333333333333334,30
GX020808.MP4,539.3388,48.0,20.0,32.0,25
GX020808.MP4,539.7392,54.166666666666664,33.33333333333333,12.5,24
GX020808.MP4,540.1396,37.93103448275862,41.37931034482759,20.689655172413794,29
GX020808.MP4,540.54,37.5,50.0,12.5,24
GX020808.MP4,540.9404,56.00000000000001,40.0,4.0,25
GX020808.MP4,541.3408000000001,50.0,45.0,5.0,20
GX020808.MP4,541.7412,20.833333333333336,41.66666666666667,37.5,24
GX020808.MP4,542.1416,27.77777777777778,50.0,22.22222222222222,18
GX020808.MP4,542.542,35.714285714285715,50.0,14.285714285714285,28
GX020808.MP4,542.9424,13.333333333333334,86.66666666666667,0.0,15
GX020808.MP4,543.3428,39.130434782608695,30.434782608695656,30.434782608695656,23
GX020808.MP4,543.7432,21.73913043478261,69.56521739130434,8.695652173913043,23
GX020808.MP4,544.1436,33.33333333333333,41.66666666666667,25.0,12
GX020808.MP4,544.544,55.55555555555556,16.666666666666664,27.77777777777778,18
GX020808.MP4,544.9444,35.0,50.0,15.0,20
GX020808.MP4,545.3448,39.285714285714285,21.428571428571427,39.285714285714285,28
GX020808.MP4,545.7452,35.483870967741936,45.16129032258064,19.35483870967742,31
GX020808.MP4,546.1456000000001,16.666666666666664,83.33333333333334,0.0,6
GX020808.MP4,546.546,28.57142857142857,14.285714285714285,57.14285714285714,7
GX020808.MP4,546.9464,25.0,62.5,12.5,24
GX020808.MP4,547.3468,31.57894736842105,52.63157894736842,15.789473684210526,19
GX020808.MP4,547.7472,62.5,0.0,37.5,8
GX020808.MP4,548.1476,57.14285714285714,42.857142857142854,0.0,14
GX020808.MP4,548.548,13.333333333333334,73.33333333333333,13.333333333333334,15
GX020808.MP4,548.9484,25.0,75.0,0.0,12
GX020808.MP4,549.3488,16.666666666666664,75.0,8.333333333333332,12
GX020808.MP4,549.7492,47.05882352941176,47.05882352941176,5.88235294117647,17
GX020808.MP4,550.1496,42.10526315789473,52.63157894736842,5.263157894736842,19
GX020808.MP4,550.55,34.61538461538461,34.61538461538461,30.76923076923077,26
GX020808.MP4,550.9504000000001,29.166666666666668,20.833333333333336,50.0,24
GX020808.MP4,551.3508,26.08695652173913,47.82608695652174,26.08695652173913,23
GX020808.MP4,551.7512,44.44444444444444,29.629629629629626,25.925925925925924,27
GX020808.MP4,552.1516,37.93103448275862,27.586206896551722,34.48275862068966,29
GX020808.MP4,552.552,33.33333333333333,55.55555555555556,11.11111111111111,18
GX020808.MP4,552.9524,25.0,70.0,5.0,20
GX020808.MP4,553.3528,27.27272727272727,36.36363636363637,36.36363636363637,22
GX020808.MP4,553.7532,36.36363636363637,54.54545454545454,9.090909090909092,22
GX020808.MP4,554.1536,57.89473684210527,26.31578947368421,15.789473684210526,19
GX020808.MP4,554.554,64.70588235294117,17.647058823529413,17.647058823529413,17
GX020808.MP4,554.9544,34.61538461538461,46.15384615384615,19.230769230769234,26
GX020808.MP4,555.3548,48.57142857142857,17.142857142857142,34.285714285714285,35
GX020808.MP4,555.7552000000001,45.0,25.0,30.0,20
GX020808.MP4,556.1556,30.76923076923077,57.692307692307686,11.538461538461538,26
GX020808.MP4,556.556,27.27272727272727,72.72727272727273,0.0,11
GX020808.MP4,556.9564,44.44444444444444,27.77777777777778,27.77777777777778,18
GX020808.MP4,557.3568,35.0,25.0,40.0,20
GX020808.MP4,557.7572,48.0,24.0,28.000000000000004,25
GX020808.MP4,558.1576,35.0,40.0,25.0,20
GX020808.MP4,558.558,29.629629629629626,25.925925925925924,44.44444444444444,27
GX020808.MP4,558.9584,50.0,34.61538461538461,15.384615384615385,26
GX020808.MP4,559.3588,50.0,38.88888888888889,11.11111111111111,18
GX020808.MP4,559.7592,33.33333333333333,66.66666666666666,0.0,6
GX020808.MP4,560.1596,54.54545454545454,36.36363636363637,9.090909090909092,11
GX020808.MP4,560.5600000000001,81.81818181818183,9.090909090909092,9.090909090909092,11
GX020808.MP4,560.9604,72.72727272727273,0.0,27.27272727272727,11
GX020808.MP4,561.3608,44.44444444444444,33.33333333333333,22.22222222222222,9
GX020808.MP4,561.7612,47.368421052631575,47.368421052631575,5.263157894736842,19
GX020808.MP4,562.1616,72.72727272727273,18.181818181818183,9.090909090909092,11
GX020808.MP4,562.562,50.0,25.0,25.0,8
GX020808.MP4,562.9624,71.42857142857143,7.142857142857142,21.428571428571427,14
GX020808.MP4,563.3628,50.0,25.0,25.0,20
GX020808.MP4,563.7632,50.0,21.428571428571427,28.57142857142857,14
GX020808.MP4,564.1636,40.0,28.000000000000004,32.0,25
GX020808.MP4,564.564,25.0,66.66666666666666,8.333333333333332,12
GX020808.MP4,564.9644,50.0,43.75,6.25,16
GX020808.MP4,565.3648000000001,56.25,37.5,6.25,16
GX020808.MP4,565.7652,50.0,44.44444444444444,5.555555555555555,18
GX020808.MP4,566.1656,46.666666666666664,40.0,13.333333333333334,15
GX020808.MP4,566.566,57.89473684210527,21.052631578947366,21.052631578947366,19
GX020808.MP4,566.9664,50.0,17.857142857142858,32.142857142857146,28
GX020808.MP4,567.3668,46.15384615384615,53.84615384615385,0.0,26
GX020808.MP4,567.7672,55.00000000000001,30.0,15.0,20
GX020808.MP4,568.1676,37.5,56.25,6.25,32
GX020808.MP4,568.568,45.714285714285715,17.142857142857142,37.142857142857146,35
GX020808.MP4,568.9684,41.17647058823529,52.94117647058824,5.88235294117647,17
GX020808.MP4,569.3688,33.33333333333333,61.111111111111114,5.555555555555555,18
GX020808.MP4,569.7692,36.0,56.00000000000001,8.0,25
GX020808.MP4,570.1696000000001,18.75,75.0,6.25,32
GX020808.MP4,570.57,50.0,19.230769230769234,30.76923076923077,26
GX020808.MP4,570.9704,60.0,20.0,20.0,25
GX020808.MP4,571.3708,50.0,25.0,25.0,20
GX020808.MP4,571.7712,55.55555555555556,27.77777777777778,16.666666666666664,18
GX020808.MP4,572.1716,42.30769230769231,38.46153846153847,19.230769230769234,26
GX020808.MP4,572.572,25.0,75.0,0.0,12
GX020808.MP4,572.9724,45.0,50.0,5.0,20
GX020808.MP4,573.3728,36.84210526315789,57.89473684210527,5.263157894736842,19
GX020808.MP4,573.7732,57.14285714285714,42.857142857142854,0.0,14
GX020808.MP4,574.1736,50.0,50.0,0.0,12
GX020808.MP4,574.574,50.0,50.0,0.0,10
GX020808.MP4,574.9744000000001,40.0,46.666666666666664,13.333333333333334,15
GX020808.MP4,575.3748,37.5,62.5,0.0,8
GX020808.MP4,575.7752,21.428571428571427,71.42857142857143,7.142857142857142,14
GX020808.MP4,576.1756,16.666666666666664,22.22222222222222,61.111111111111114,18
GX020808.MP4,576.576,44.44444444444444,38.88888888888889,16.666666666666664,18
GX020808.MP4,576.9764,52.94117647058824,17.647058823529413,29.411764705882355,17
GX020808.MP4,577.3768,44.44444444444444,33.33333333333333,22.22222222222222,18
GX020808.MP4,577.7772,50.0,31.25,18.75,16
GX020808.MP4,578.1776,50.0,27.77777777777778,22.22222222222222,18
GX020808.MP4,578.578,60.86956521739131,17.391304347826086,21.73913043478261,23
GX020808.MP4,578.9784,50.0,28.57142857142857,21.428571428571427,28
GX020808.MP4,579.3788,50.0,32.142857142857146,17.857142857142858,28
GX020808.MP4,579.7792000000001,54.166666666666664,37.5,8.333333333333332,24
GX020808.MP4,580.1796,46.15384615384615,30.76923076923077,23.076923076923077,26
GX020808.MP4,580.58,32.25806451612903,41.935483870967744,25.806451612903224,31
GX020808.MP4,580.9804,38.88888888888889,44.44444444444444,16.666666666666664,36
GX020808.MP4,581.3808,48.148148148148145,37.03703703703704,14.814814814814813,27
GX020808.MP4,581.7812,60.0,28.57142857142857,11.428571428571429,35
GX020808.MP4,582.1816,54.54545454545454,29.545454545454547,15.909090909090908,44
GX020808.MP4,582.582,75.60975609756098,19.51219512195122,4.878048780487805,41
GX020808.MP4,582.9824,5.405405405405405,94.5945945945946,0.0,37
GX020808.MP4,583.3828,44.44444444444444,16.666666666666664,38.88888888888889,36
GX020808.MP4,583.7832,36.36363636363637,40.909090909090914,22.727272727272727,22
GX020808.MP4,584.1836,7.6923076923076925,76.92307692307693,15.384615384615385,13
GX020808.MP4,584.5840000000001,25.0,60.71428571428571,14.285714285714285,28
GX020808.MP4,584.9844,30.303030303030305,57.57575757575758,12.121212121212121,33
GX020808.MP4,585.3848,36.666666666666664,53.333333333333336,10.0,30
GX020808.MP4,585.7852,46.15384615384615,46.15384615384615,7.6923076923076925,26
GX020808.MP4,586.1856,45.45454545454545,45.45454545454545,9.090909090909092,22
GX020808.MP4,586.586,39.39393939393939,45.45454545454545,15.151515151515152,33
GX020808.MP4,586.9864,44.0,40.0,16.0,25
GX020808.MP4,587.3868,17.857142857142858,67.85714285714286,14.285714285714285,28
GX020808.MP4,587.7872,52.17391304347826,26.08695652173913,21.73913043478261,23
GX020808.MP4,588.1876,50.0,40.0,10.0,10
GX020808.MP4,588.588,43.75,34.375,21.875,32
GX020808.MP4,588.9884,27.77777777777778,66.66666666666666,5.555555555555555,18
GX020808.MP4,589.3888000000001,23.809523809523807,66.66666666666666,9.523809523809524,21
GX020808.MP4,589.7892,14.285714285714285,75.0,10.714285714285714,28
GX020808.MP4,590.1896,21.428571428571427,50.0,28.57142857142857,14
GX020808.MP4,590.59,25.0,37.5,37.5,16
GX020808.MP4,590.9904,45.0,25.0,30.0,20
GX020808.MP4,591.3908,40.0,20.0,40.0,20
GX020808.MP4,591.7912,23.076923076923077,50.0,26.923076923076923,26
GX020808.MP4,592.1916,19.230769230769234,57.692307692307686,23.076923076923077,26
GX020808.MP4,592.592,51.28205128205128,12.82051282051282,35.8974358974359,39
GX020808.MP4,592.9924,9.375,78.125,12.5,32
GX020808.MP4,593.3928,22.5,30.0,47.5,40
GX020808.MP4,593.7932,50.0,10.714285714285714,39.285714285714285,28
GX020808.MP4,594.1936000000001,24.0,68.0,8.0,25
GX020808.MP4,594.594,32.142857142857146,53.57142857142857,14.285714285714285,28
GX020808.MP4,594.9944,45.45454545454545,36.36363636363637,18.181818181818183,33
GX020808.MP4,595.3948,55.55555555555556,33.33333333333333,11.11111111111111,36
GX020808.MP4,595.7952,50.0,37.5,12.5,40
GX020808.MP4,596.1956,39.130434782608695,39.130434782608695,21.73913043478261,23
GX020808.MP4,596.596,70.0,26.666666666666668,3.3333333333333335,30
GX020808.MP4,596.9964,33.33333333333333,19.444444444444446,47.22222222222222,36
GX020808.MP4,597.3968,48.0,8.0,44.0,25
GX020808.MP4,597.7972,21.21212121212121,45.45454545454545,33.33333333333333,33
GX020808.MP4,598.1976,30.0,46.666666666666664,23.333333333333332,30
GX020808.MP4,598.598,50.0,33.33333333333333,16.666666666666664,24
GX020808.MP4,598.9984000000001,30.0,36.666666666666664,33.33333333333333,30
GX020808.MP4,599.3988,22.22222222222222,25.925925925925924,51.85185185185185,27
GX020808.MP4,599.7992,21.875,34.375,43.75,32
GX020808.MP4,600.1996,51.515151515151516,24.242424242424242,24.242424242424242,33
GX020808.MP4,600.6,43.75,25.0,31.25,32
GX020808.MP4,601.0004,38.23529411764706,26.47058823529412,35.294117647058826,34
GX020808.MP4,601.4008,41.17647058823529,29.411764705882355,29.411764705882355,34
GX020808.MP4,601.8012,45.45454545454545,30.303030303030305,24.242424242424242,33
GX020808.MP4,602.2016,33.33333333333333,30.303030303030305,36.36363636363637,33
GX020808.MP4,602.602,62.5,28.125,9.375,32
GX020808.MP4,603.0024,8.108108108108109,81.08108108108108,10.81081081081081,37
GX020808.MP4,603.4028,24.242424242424242,63.63636363636363,12.121212121212121,33
GX020808.MP4,603.8032000000001,14.893617021276595,63.829787234042556,21.27659574468085,47
GX020808.MP4,604.2036,34.78260869565217,65.21739130434783,0.0,23
GX020808.MP4,604.604,47.05882352941176,41.17647058823529,11.76470588235294,17
GX020808.MP4,605.0044,51.85185185185185,33.33333333333333,14.814814814814813,27
GX020808.MP4,605.4048,38.095238095238095,52.38095238095239,9.523809523809524,21
GX020808.MP4,605.8052,39.285714285714285,25.0,35.714285714285715,28
GX020808.MP4,606.2056,33.33333333333333,52.38095238095239,14.285714285714285,21
GX020808.MP4,606.606,44.0,36.0,20.0,25
GX020808.MP4,607.0064,68.96551724137932,24.137931034482758,6.896551724137931,29
GX020808.MP4,607.4068,34.61538461538461,46.15384615384615,19.230769230769234,26
GX020808.MP4,607.8072,41.66666666666667,41.66666666666667,16.666666666666664,24
GX020808.MP4,608.2076,68.0,24.0,8.0,25
GX020808.MP4,608.6080000000001,43.75,56.25,0.0,16
GX020808.MP4,609.0084,50.0,28.57142857142857,21.428571428571427,28
GX020808.MP4,609.4088,36.11111111111111,11.11111111111111,52.77777777777778,36
GX020808.MP4,609.8092,33.33333333333333,29.629629629629626,37.03703703703704,27
GX020808.MP4,610.2096,32.142857142857146,39.285714285714285,28.57142857142857,28
GX020808.MP4,610.61,35.714285714285715,57.14285714285714,7.142857142857142,42
GX020808.MP4,611.0104,39.39393939393939,45.45454545454545,15.151515151515152,33
GX020808.MP4,611.4108,38.88888888888889,50.0,11.11111111111111,36
GX020808.MP4,611.8112,51.724137931034484,27.586206896551722,20.689655172413794,29
GX020808.MP4,612.2116,39.130434782608695,43.47826086956522,17.391304347826086,23
GX020808.MP4,612.612,44.11764705882353,41.17647058823529,14.705882352941178,34
GX020808.MP4,613.0124,52.94117647058824,29.411764705882355,17.647058823529413,34
GX020808.MP4,613.4128000000001,45.83333333333333,41.66666666666667,12.5,24
GX020808.MP4,613.8132,42.857142857142854,25.0,32.142857142857146,28
GX020808.MP4,614.2136,44.827586206896555,20.689655172413794,34.48275862068966,29
GX020808.MP4,614.614,32.142857142857146,32.142857142857146,35.714285714285715,28
GX020808.MP4,615.0144,37.5,45.83333333333333,16.666666666666664,24
GX020808.MP4,615.4148,36.0,44.0,20.0,25
GX020808.MP4,615.8152,39.130434782608695,39.130434782608695,21.73913043478261,23
GX020808.MP4,616.2156,33.33333333333333,44.44444444444444,22.22222222222222,18
GX020808.MP4,616.616,39.130434782608695,47.82608695652174,13.043478260869565,23
GX020808.MP4,617.0164,38.46153846153847,50.0,11.538461538461538,26
GX020808.MP4,617.4168,40.0,36.0,24.0,25
GX020808.MP4,617.8172,50.0,36.36363636363637,13.636363636363635,22
GX020808.MP4,618.2176000000001,50.0,40.909090909090914,9.090909090909092,22
GX020808.MP4,618.618,41.66666666666667,41.66666666666667,16.666666666666664,24
GX020808.MP4,619.0184,40.625,25.0,34.375,32
GX020808.MP4,619.4188,34.48275862068966,44.827586206896555,20.689655172413794,29
GX020808.MP4,619.8192,42.857142857142854,39.285714285714285,17.857142857142858,28
GX020808.MP4,620.2196,25.0,50.0,25.0,20
GX020808.MP4,620.62,42.857142857142854,32.142857142857146,25.0,28
GX020808.MP4,621.0204,61.111111111111114,38.88888888888889,0.0,18
GX020808.MP4,621.4208,34.61538461538461,42.30769230769231,23.076923076923077,26
GX020808.MP4,621.8212,35.714285714285715,39.285714285714285,25.0,28
GX020808.MP4,622.2216,32.432432432432435,40.54054054054054,27.027027027027028,37
GX020808.MP4,622.622,15.384615384615385,42.30769230769231,42.30769230769231,26
GX020808.MP4,623.0224000000001,27.27272727272727,31.818181818181817,40.909090909090914,22
GX020808.MP4,623.4228,27.27272727272727,50.0,22.727272727272727,22
GX020808.MP4,623.8232,31.428571428571427,34.285714285714285,34.285714285714285,35
GX020808.MP4,624.2236,39.285714285714285,35.714285714285715,25.0,28
GX020808.MP4,624.624,26.666666666666668,43.333333333333336,30.0,30
GX020808.MP4,625.0244,41.935483870967744,38.70967741935484,19.35483870967742,31
GX020808.MP4,625.4248,41.66666666666667,29.166666666666668,29.166666666666668,24
GX020808.MP4,625.8252,47.05882352941176,41.17647058823529,11.76470588235294,17
GX020808.MP4,626.2256,22.22222222222222,55.55555555555556,22.22222222222222,27
GX020808.MP4,626.626,22.58064516129032,41.935483870967744,35.483870967741936,31
GX020808.MP4,627.0264,36.0,40.0,24.0,25
GX020808.MP4,627.4268,14.705882352941178,76.47058823529412,8.823529411764707,34
GX020808.MP4,627.8272000000001,8.571428571428571,74.28571428571429,17.142857142857142,35
GX020808.MP4,628.2276,17.24137931034483,41.37931034482759,41.37931034482759,29
GX020808.MP4,628.628,32.25806451612903,35.483870967741936,32.25806451612903,31
GX020808.MP4,629.0284,25.0,47.5,27.500000000000004,40
GX020808.MP4,629.4288,47.61904761904761,26.190476190476193,26.190476190476193,42
GX020808.MP4,629.8292,25.0,32.142857142857146,42.857142857142854,28
GX020808.MP4,630.2296,14.285714285714285,80.95238095238095,4.761904761904762,21
GX020808.MP4,630.63,25.0,38.88888888888889,36.11111111111111,36
GX020808.MP4,631.0304,17.391304347826086,60.86956521739131,21.73913043478261,23
GX020808.MP4,631.4308,40.74074074074074,40.74074074074074,18.51851851851852,27
GX020808.MP4,631.8312,15.151515151515152,78.78787878787878,6.0606060606060606,33
GX020808.MP4,632.2316,40.0,45.714285714285715,14.285714285714285,35
GX020808.MP4,632.6320000000001,47.5,42.5,10.0,40
GX020808.MP4,633.0324,27.27272727272727,45.45454545454545,27.27272727272727,33
GX020808.MP4,633.4328,25.0,53.57142857142857,21.428571428571427,28
GX020808.MP4,633.8332,34.78260869565217,60.86956521739131,4.3478260869565215,23
GX020808.MP4,634.2336,25.64102564102564,69.23076923076923,5.128205128205128,39
GX020808.MP4,634.634,30.76923076923077,61.53846153846154,7.6923076923076925,39
GX020808.MP4,635.0344,43.47826086956522,47.82608695652174,8.695652173913043,46
GX020808.MP4,635.4348,45.45454545454545,48.484848484848484,6.0606060606060606,33
GX020808.MP4,635.8352,20.588235294117645,67.64705882352942,11.76470588235294,34
GX020808.MP4,636.2356,26.923076923076923,42.30769230769231,30.76923076923077,26
GX020808.MP4,636.636,35.0,35.0,30.0,20
GX020808.MP4,637.0364,56.52173913043478,34.78260869565217,8.695652173913043,23
GX020808.MP4,637.4368000000001,31.818181818181817,63.63636363636363,4.545454545454546,22
GX020808.MP4,637.8372,20.689655172413794,62.06896551724138,17.24137931034483,29
GX020808.MP4,638.2376,46.666666666666664,40.0,13.333333333333334,15
GX020808.MP4,638.638,33.33333333333333,56.666666666666664,10.0,30
GX020808.MP4,639.0384,25.0,50.0,25.0,16
GX020808.MP4,639.4388,36.84210526315789,36.84210526315789,26.31578947368421,19
GX020808.MP4,639.8392,31.57894736842105,26.31578947368421,42.10526315789473,19
GX020808.MP4,640.2396,37.5,45.83333333333333,16.666666666666664,24
GX020808.MP4,640.64,38.095238095238095,38.095238095238095,23.809523809523807,21
GX020808.MP4,641.0404,33.33333333333333,22.22222222222222,44.44444444444444,18
GX020808.MP4,641.4408,51.85185185185185,18.51851851851852,29.629629629629626,27
GX020808.MP4,641.8412,50.0,30.0,20.0,20
GX020808.MP4,642.2416000000001,40.625,34.375,25.0,32
GX020808.MP4,642.642,20.0,60.0,20.0,20
GX020808.MP4,643.0424,9.67741935483871,67.74193548387096,22.58064516129032,31
GX020808.MP4,643.4428,18.75,62.5,18.75,16
GX020808.MP4,643.8432,34.61538461538461,38.46153846153847,26.923076923076923,26
GX020808.MP4,644.2436,36.0,40.0,24.0,25
GX020808.MP4,644.644,37.03703703703704,44.44444444444444,18.51851851851852,27
GX020808.MP4,645.0444,45.94594594594595,35.13513513513514,18.91891891891892,37
GX020808.MP4,645.4448,41.935483870967744,32.25806451612903,25.806451612903224,31
GX020808.MP4,645.8452,57.14285714285714,23.809523809523807,19.047619047619047,21
GX020808.MP4,646.2456,44.0,44.0,12.0,25
GX020808.MP4,646.646,38.23529411764706,38.23529411764706,23.52941176470588,34
GX020808.MP4,647.0464000000001,50.0,40.0,10.0,20
GX020808.MP4,647.4468,36.36363636363637,36.36363636363637,27.27272727272727,11
GX020808.MP4,647.8472,43.75,34.375,21.875,32
GX020808.MP4,648.2476,31.818181818181817,54.54545454545454,13.636363636363635,22
GX020808.MP4,648.648,50.0,41.66666666666667,8.333333333333332,24
GX020808.MP4,649.0484,25.0,65.0,10.0,20
GX020808.MP4,649.4488,19.230769230769234,57.692307692307686,23.076923076923077,26
GX020808.MP4,649.8492,25.0,50.0,25.0,16
GX020808.MP4,650.2496,42.857142857142854,50.0,7.142857142857142,14
GX020808.MP4,650.65,55.55555555555556,11.11111111111111,33.33333333333333,9
GX020808.MP4,651.0504,33.33333333333333,57.14285714285714,9.523809523809524,21
GX020808.MP4,651.4508,30.76923076923077,23.076923076923077,46.15384615384615,13
GX020808.MP4,651.8512000000001,33.33333333333333,16.666666666666664,50.0,18
GX020808.MP4,652.2516,47.05882352941176,17.647058823529413,35.294117647058826,17
GX020808.MP4,652.652,36.36363636363637,18.181818181818183,45.45454545454545,22
GX020808.MP4,653.0524,25.0,31.25,43.75,16
GX020808.MP4,653.4528,60.0,10.0,30.0,20
GX020808.MP4,653.8532,60.60606060606061,24.242424242424242,15.151515151515152,33
GX020808.MP4,654.2536,59.25925925925925,29.629629629629626,11.11111111111111,27
GX020808.MP4,654.654,78.94736842105263,15.789473684210526,5.263157894736842,38
GX020808.MP4,655.0544,22.22222222222222,33.33333333333333,44.44444444444444,27
GX020808.MP4,655.4548,40.909090909090914,13.636363636363635,45.45454545454545,22
GX020808.MP4,655.8552,40.0,13.333333333333334,46.666666666666664,15
GX020808.MP4,656.2556,54.54545454545454,22.727272727272727,22.727272727272727,22
GX020808.MP4,656.6560000000001,52.38095238095239,33.33333333333333,14.285714285714285,21
GX020808.MP4,657.0564,20.0,70.0,10.0,10
GX020808.MP4,657.4568,20.833333333333336,58.333333333333336,20.833333333333336,24
GX020808.MP4,657.8572,52.63157894736842,21.052631578947366,26.31578947368421,19
GX020808.MP4,658.2576,60.0,25.0,15.0,20
GX020808.MP4,658.658,63.63636363636363,18.181818181818183,18.181818181818183,22
GX020808.MP4,659.0584,25.925925925925924,59.25925925925925,14.814814814814813,27
GX020808.MP4,659.4588,30.0,60.0,10.0,30
GX020808.MP4,659.8592,35.714285714285715,28.57142857142857,35.714285714285715,28
GX020808.MP4,660.2596,38.70967741935484,22.58064516129032,38.70967741935484,31
GX020808.MP4,660.66,40.909090909090914,27.27272727272727,31.818181818181817,22
GX020808.MP4,661.0604,42.30769230769231,38.46153846153847,19.230769230769234,26
GX020808.MP4,661.4608000000001,51.724137931034484,34.48275862068966,13.793103448275861,29
GX020808.MP4,661.8612,30.76923076923077,23.076923076923077,46.15384615384615,26
GX020808.MP4,662.2616,21.428571428571427,17.857142857142858,60.71428571428571,28
GX020808.MP4,662.662,28.57142857142857,10.714285714285714,60.71428571428571,28
GX020808.MP4,663.0624,50.0,17.857142857142858,32.142857142857146,28
GX020808.MP4,663.4628,24.0,28.000000000000004,48.0,25
GX020808.MP4,663.8632,58.333333333333336,22.22222222222222,19.444444444444446,36
GX020808.MP4,664.2636,60.0,23.333333333333332,16.666666666666664,30
GX020808.MP4,664.664,31.818181818181817,45.45454545454545,22.727272727272727,22
GX020808.MP4,665.0644,24.0,36.0,40.0,25
GX020808.MP4,665.4648,41.17647058823529,41.17647058823529,17.647058823529413,17
GX020808.MP4,665.8652,40.0,40.0,20.0,15
GX020808.MP4,666.2656000000001,9.523809523809524,71.42857142857143,19.047619047619047,21
GX020808.MP4,666.666,26.923076923076923,38.46153846153847,34.61538461538461,26
GX020808.MP4,667.0664,40.0,42.857142857142854,17.142857142857142,35
GX020808.MP4,667.4668,25.0,58.333333333333336,16.666666666666664,12
GX020808.MP4,667.8672,50.0,40.909090909090914,9.090909090909092,22
GX020808.MP4,668.2676,28.57142857142857,52.38095238095239,19.047619047619047,21
GX020808.MP4,668.668,44.44444444444444,25.925925925925924,29.629629629629626,27
GX020808.MP4,669.0684,30.0,35.0,35.0,20
GX020808.MP4,669.4688,36.36363636363637,27.27272727272727,36.36363636363637,22
GX020808.MP4,669.8692,33.33333333333333,42.857142857142854,23.809523809523807,21
GX020808.MP4,670.2696,23.809523809523807,33.33333333333333,42.857142857142854,21
GX020808.MP4,670.67,38.23529411764706,35.294117647058826,26.47058823529412,34
GX020808.MP4,671.0704000000001,34.48275862068966,27.586206896551722,37.93103448275862,29
GX020808.MP4,671.4708,18.181818181818183,45.45454545454545,36.36363636363637,22
GX020808.MP4,671.8712,40.0,43.333333333333336,16.666666666666664,30
GX020808.MP4,672.2716,42.857142857142854,28.57142857142857,28.57142857142857,28
GX020808.MP4,672.672,36.36363636363637,39.39393939393939,24.242424242424242,33
GX020808.MP4,673.0724,47.22222222222222,36.11111111111111,16.666666666666664,36
GX020808.MP4,673.4728,51.28205128205128,35.8974358974359,12.82051282051282,39
GX020808.MP4,673.8732,48.38709677419355,41.935483870967744,9.67741935483871,31
GX020808.MP4,674.2736,51.515151515151516,45.45454545454545,3.0303030303030303,33
GX020808.MP4,674.674,44.44444444444444,51.85185185185185,3.7037037037037033,27
GX020808.MP4,675.0744,32.0,60.0,8.0,25
GX020808.MP4,675.4748,31.03448275862069,55.172413793103445,13.793103448275861,29
GX020808.MP4,675.8752000000001,30.0,40.0,30.0,40
GX020808.MP4,676.2756,22.5,55.00000000000001,22.5,40
GX020808.MP4,676.676,42.10526315789473,50.0,7.894736842105263,38
GX020808.MP4,677.0764,43.333333333333336,43.333333333333336,13.333333333333334,30
GX020808.MP4,677.4768,34.78260869565217,47.82608695652174,17.391304347826086,23
GX020808.MP4,677.8772,10.0,73.33333333333333,16.666666666666664,30
GX020808.MP4,678.2776,17.142857142857142,74.28571428571429,8.571428571428571,35
GX020808.MP4,678.678,30.303030303030305,63.63636363636363,6.0606060606060606,33
GX020808.MP4,679.0784,22.58064516129032,70.96774193548387,6.451612903225806,31
GX020808.MP4,679.4788,50.0,43.333333333333336,6.666666666666667,30
GX020808.MP4,679.8792,33.33333333333333,54.54545454545454,12.121212121212121,33
GX020808.MP4,680.2796,27.27272727272727,54.54545454545454,18.181818181818183,22
GX020808.MP4,680.6800000000001,36.0,56.00000000000001,8.0,25
GX020808.MP4,681.0804,33.33333333333333,33.33333333333333,33.33333333333333,12
GX020808.MP4,681.4808,25.0,37.5,37.5,16
GX020808.MP4,681.8812,40.0,50.0,10.0,10
GX020808.MP4,682.2816,41.66666666666667,33.33333333333333,25.0,12
GX020808.MP4,682.682,56.666666666666664,30.0,13.333333333333334,30
GX020808.MP4,683.0824,39.130434782608695,43.47826086956522,17.391304347826086,23
GX020808.MP4,683.4828,54.54545454545454,36.36363636363637,9.090909090909092,33
GX020808.MP4,683.8832,44.827586206896555,41.37931034482759,13.793103448275861,29
GX020808.MP4,684.2836,46.875,37.5,15.625,32
GX020808.MP4,684.684,41.66666666666667,38.88888888888889,19.444444444444446,36
GX020808.MP4,685.0844,36.84210526315789,47.368421052631575,15.789473684210526,38
GX020808.MP4,685.4848000000001,55.55555555555556,40.74074074074074,3.7037037037037033,27
GX020808.MP4,685.8852,54.054054054054056,29.72972972972973,16.216216216216218,37
GX020808.MP4,686.2856,38.46153846153847,50.0,11.538461538461538,26
GX020808.MP4,686.686,51.515151515151516,21.21212121212121,27.27272727272727,33
GX020808.MP4,687.0864,38.46153846153847,50.0,11.538461538461538,26
GX020808.MP4,687.4868,63.63636363636363,18.181818181818183,18.181818181818183,22
GX020808.MP4,687.8872,40.909090909090914,18.181818181818183,40.909090909090914,22
GX020808.MP4,688.2876,62.5,20.833333333333336,16.666666666666664,24
GX020808.MP4,688.688,30.76923076923077,30.76923076923077,38.46153846153847,13
GX020808.MP4,689.0884,16.666666666666664,50.0,33.33333333333333,12
GX020808.MP4,689.4888,57.14285714285714,28.57142857142857,14.285714285714285,21
GX020808.MP4,689.8892,55.55555555555556,38.88888888888889,5.555555555555555,18
GX020808.MP4,690.2896000000001,47.368421052631575,42.10526315789473,10.526315789473683,19
GX020808.MP4,690.69,35.0,50.0,15.0,20
GX020808.MP4,691.0904,35.0,40.0,25.0,20
GX020808.MP4,691.4908,52.17391304347826,43.47826086956522,4.3478260869565215,23
GX020808.MP4,691.8912,42.857142857142854,50.0,7.142857142857142,14
GX020808.MP4,692.2916,46.15384615384615,46.15384615384615,7.6923076923076925,13
GX020808.MP4,692.692,41.17647058823529,23.52941176470588,35.294117647058826,17
GX020808.MP4,693.0924,50.0,31.818181818181817,18.181818181818183,22
GX020808.MP4,693.4928,63.1578947368421,36.84210526315789,0.0,19
GX020808.MP4,693.8932,50.0,18.75,31.25,32
GX020808.MP4,694.2936,48.0,24.0,28.000000000000004,25
GX020808.MP4,694.694,43.47826086956522,30.434782608695656,26.08695652173913,23
GX020808.MP4,695.0944000000001,52.38095238095239,38.095238095238095,9.523809523809524,21
GX020808.MP4,695.4948,57.14285714285714,33.33333333333333,9.523809523809524,21
GX020808.MP4,695.8952,36.84210526315789,36.84210526315789,26.31578947368421,19
GX020808.MP4,696.2956,30.434782608695656,47.82608695652174,21.73913043478261,23
GX020808.MP4,696.696,20.0,33.33333333333333,46.666666666666664,15
GX020808.MP4,697.0964,35.483870967741936,32.25806451612903,32.25806451612903,31
GX020808.MP4,697.4968,45.45454545454545,27.27272727272727,27.27272727272727,22
GX020808.MP4,697.8972,26.31578947368421,26.31578947368421,47.368421052631575,19
GX020808.MP4,698.2976,57.89473684210527,26.31578947368421,15.789473684210526,19
GX020808.MP4,698.698,33.33333333333333,25.925925925925924,40.74074074074074,27
GX020808.MP4,699.0984,30.76923076923077,30.76923076923077,38.46153846153847,26
GX020808.MP4,699.4988,75.0,15.0,10.0,20
GX020808.MP4,699.8992000000001,58.82352941176471,23.52941176470588,17.647058823529413,17
GX020808.MP4,700.2996,15.789473684210526,52.63157894736842,31.57894736842105,19
GX020808.MP4,700.7,34.48275862068966,31.03448275862069,34.48275862068966,29
GX020808.MP4,701.1004,50.0,28.57142857142857,21.428571428571427,28
GX020808.MP4,701.5008,37.93103448275862,27.586206896551722,34.48275862068966,29
GX020808.MP4,701.9012,61.904761904761905,23.809523809523807,14.285714285714285,21
GX020808.MP4,702.3016,60.60606060606061,18.181818181818183,21.21212121212121,33
GX020808.MP4,702.702,54.54545454545454,36.36363636363637,9.090909090909092,22
GX020808.MP4,703.1024,40.909090909090914,50.0,9.090909090909092,22
GX020808.MP4,703.5028,35.0,35.0,30.0,20
GX020808.MP4,703.9032,50.0,22.22222222222222,27.77777777777778,18
GX020808.MP4,704.3036,31.818181818181817,50.0,18.181818181818183,22
GX020808.MP4,704.7040000000001,33.33333333333333,44.44444444444444,22.22222222222222,18
GX020808.MP4,705.1044,79.3103448275862,17.24137931034483,3.4482758620689653,29
GX020808.MP4,705.5048,80.0,14.285714285714285,5.714285714285714,35
GX020808.MP4,705.9052,45.83333333333333,25.0,29.166666666666668,24
GX020808.MP4,706.3056,62.5,29.166666666666668,8.333333333333332,24
GX020808.MP4,706.706,45.83333333333333,37.5,16.666666666666664,24
GX020808.MP4,707.1064,52.94117647058824,23.52941176470588,23.52941176470588,17
GX020808.MP4,707.5068,72.72727272727273,0.0,27.27272727272727,11
GX020808.MP4,707.9072,0.0,100.0,0.0,11
GX020808.MP4,708.3076,55.88235294117647,2.941176470588235,41.17647058823529,34
GX020808.MP4,708.708,60.0,16.666666666666664,23.333333333333332,30
GX020808.MP4,709.1084,42.857142857142854,33.33333333333333,23.809523809523807,21
GX020808.MP4,709.5088000000001,54.166666666666664,29.166666666666668,16.666666666666664,24
GX020808.MP4,709.9092,46.15384615384615,17.94871794871795,35.8974358974359,39
GX020808.MP4,710.3096,48.484848484848484,21.21212121212121,30.303030303030305,33
GX020808.MP4,710.71,37.142857142857146,42.857142857142854,20.0,35
GX020808.MP4,711.1104,36.666666666666664,36.666666666666664,26.666666666666668,30
GX020808.MP4,711.5108,39.473684210526315,23.684210526315788,36.84210526315789,38
GX020808.MP4,711.9112,26.82926829268293,39.02439024390244,34.146341463414636,41
GX020808.MP4,712.3116,39.130434782608695,39.130434782608695,21.73913043478261,23
GX020808.MP4,712.712,43.75,37.5,18.75,16
GX020808.MP4,713.1124,50.0,25.0,25.0,16
GX020808.MP4,713.5128,20.0,30.0,50.0,20
GX020808.MP4,713.9132,27.586206896551722,51.724137931034484,20.689655172413794,29
GX020808.MP4,714.3136000000001,18.181818181818183,50.0,31.818181818181817,22
GX020808.MP4,714.714,30.434782608695656,52.17391304347826,17.391304347826086,23
GX020808.MP4,715.1144,37.93103448275862,37.93103448275862,24.137931034482758,29
GX020808.MP4,715.5148,36.0,36.0,28.000000000000004,25
GX020808.MP4,715.9152,37.03703703703704,29.629629629629626,33.33333333333333,27
GX020808.MP4,716.3156,17.647058823529413,76.47058823529412,5.88235294117647,17
GX020808.MP4,716.716,25.0,62.5,12.5,16
GX020808.MP4,717.1164,45.45454545454545,18.181818181818183,36.36363636363637,11
GX020808.MP4,717.5168,40.74074074074074,37.03703703703704,22.22222222222222,27
GX020808.MP4,717.9172,46.666666666666664,30.0,23.333333333333332,30
GX020808.MP4,718.3176,36.84210526315789,31.57894736842105,31.57894736842105,19
GX020808.MP4,718.718,44.44444444444444,44.44444444444444,11.11111111111111,9
GX020808.MP4,719.1184000000001,20.689655172413794,75.86206896551724,3.4482758620689653,29
GX020808.MP4,719.5188,29.545454545454547,70.45454545454545,0.0,44
GX020808.MP4,719.9192,43.58974358974359,56.41025641025641,0.0,39
GX020808.MP4,720.3196,66.66666666666666,30.303030303030305,3.0303030303030303,33
GX020808.MP4,720.72,53.125,31.25,15.625,32
GX020808.MP4,721.1204,45.83333333333333,33.33333333333333,20.833333333333336,24
GX020808.MP4,721.5208,36.0,40.0,24.0,25
GX020808.MP4,721.9212,30.76923076923077,50.0,19.230769230769234,26
GX020808.MP4,722.3216,39.130434782608695,26.08695652173913,34.78260869565217,23
GX020808.MP4,722.722,40.625,31.25,28.125,32
GX020808.MP4,723.1224,46.666666666666664,26.666666666666668,26.666666666666668,30
GX020808.MP4,723.5228,47.61904761904761,28.57142857142857,23.809523809523807,21
GX020808.MP4,723.9232000000001,40.0,24.0,36.0,25
GX020808.MP4,724.3236,45.83333333333333,50.0,4.166666666666666,24
GX020808.MP4,724.724,33.33333333333333,46.666666666666664,20.0,30
GX020808.MP4,725.1244,26.08695652173913,47.82608695652174,26.08695652173913,46
GX020808.MP4,725.5248,40.54054054054054,35.13513513513514,24.324324324324326,37
GX020808.MP4,725.9252,41.02564102564102,33.33333333333333,25.64102564102564,39
GX020808.MP4,726.3256,36.36363636363637,34.090909090909086,29.545454545454547,44
GX020808.MP4,726.726,45.714285714285715,28.57142857142857,25.71428571428571,35
GX020808.MP4,727.1264,35.294117647058826,32.35294117647059,32.35294117647059,34
GX020808.MP4,727.5268,32.35294117647059,44.11764705882353,23.52941176470588,34
GX020808.MP4,727.9272,20.51282051282051,74.35897435897436,5.128205128205128,39
GX020808.MP4,728.3276,34.61538461538461,53.84615384615385,11.538461538461538,26
GX020808.MP4,728.7280000000001,40.0,42.857142857142854,17.142857142857142,35
GX020808.MP4,729.1284,36.36363636363637,33.33333333333333,30.303030303030305,33
GX020808.MP4,729.5288,40.54054054054054,21.62162162162162,37.83783783783784,37
GX020808.MP4,729.9292,28.205128205128204,48.717948717948715,23.076923076923077,39
GX020808.MP4,730.3296,26.666666666666668,40.0,33.33333333333333,30
GX020808.MP4,730.73,17.647058823529413,52.94117647058824,29.411764705882355,34
GX020808.MP4,731.1304,41.46341463414634,31.70731707317073,26.82926829268293,41
GX020808.MP4,731.5308,30.76923076923077,64.1025641025641,5.128205128205128,39
GX020808.MP4,731.9312,25.0,59.09090909090909,15.909090909090908,44
GX020808.MP4,732.3316,31.03448275862069,55.172413793103445,13.793103448275861,29
GX020808.MP4,732.732,27.906976744186046,48.837209302325576,23.25581395348837,43
GX020808.MP4,733.1324,37.5,53.125,9.375,32
GX020808.MP4,733.5328000000001,29.411764705882355,50.0,20.588235294117645,34
GX020808.MP4,733.9332,26.666666666666668,43.333333333333336,30.0,30
GX020808.MP4,734.3336,28.57142857142857,42.857142857142854,28.57142857142857,35
GX020808.MP4,734.734,35.8974358974359,48.717948717948715,15.384615384615385,39
GX020808.MP4,735.1344,36.84210526315789,36.84210526315789,26.31578947368421,38
GX020808.MP4,735.5348,35.8974358974359,25.64102564102564,38.46153846153847,39
GX020808.MP4,735.9352,47.82608695652174,30.434782608695656,21.73913043478261,23
GX020808.MP4,736.3356,40.0,45.0,15.0,20
GX020808.MP4,736.736,70.96774193548387,22.58064516129032,6.451612903225806,31
GX020808.MP4,737.1364,34.61538461538461,26.923076923076923,38.46153846153847,26
GX020808.MP4,737.5368,23.809523809523807,33.33333333333333,42.857142857142854,21
GX020808.MP4,737.9372,50.0,30.0,20.0,20
GX020808.MP4,738.3376000000001,41.17647058823529,17.647058823529413,41.17647058823529,17
GX020808.MP4,738.738,40.74074074074074,44.44444444444444,14.814814814814813,27
GX020808.MP4,739.1384,34.78260869565217,17.391304347826086,47.82608695652174,23
GX020808.MP4,739.5388,40.0,25.0,35.0,20
GX020808.MP4,739.9392,38.095238095238095,38.095238095238095,23.809523809523807,21
GX020808.MP4,740.3396,36.36363636363637,27.27272727272727,36.36363636363637,11
GX020808.MP4,740.74,42.857142857142854,32.142857142857146,25.0,28
GX020808.MP4,741.1404,21.428571428571427,35.714285714285715,42.857142857142854,14
GX020808.MP4,741.5408,55.00000000000001,25.0,20.0,20
GX020808.MP4,741.9412,36.666666666666664,23.333333333333332,40.0,30
GX020808.MP4,742.3416,41.02564102564102,17.94871794871795,41.02564102564102,39
GX020808.MP4,742.742,46.42857142857143,17.857142857142858,35.714285714285715,28
GX020808.MP4,743.1424000000001,31.03448275862069,41.37931034482759,27.586206896551722,29
GX020808.MP4,743.5428,44.44444444444444,44.44444444444444,11.11111111111111,18
GX020808.MP4,743.9432,45.0,35.0,20.0,20
GX020808.MP4,744.3436,38.88888888888889,38.88888888888889,22.22222222222222,18
GX020808.MP4,744.744,18.91891891891892,75.67567567567568,5.405405405405405,37
GX020808.MP4,745.1444,50.0,0.0,50.0,24
GX020808.MP4,745.5448,34.61538461538461,50.0,15.384615384615385,26
GX020808.MP4,745.9452,50.0,27.77777777777778,22.22222222222222,18
GX020808.MP4,746.3456,33.33333333333333,61.111111111111114,5.555555555555555,18
GX020808.MP4,746.746,41.66666666666667,25.0,33.33333333333333,12
GX020808.MP4,747.1464,47.82608695652174,39.130434782608695,13.043478260869565,23
GX020808.MP4,747.5468,35.294117647058826,47.05882352941176,17.647058823529413,34
GX020808.MP4,747.9472000000001,31.03448275862069,20.689655172413794,48.275862068965516,29
GX020808.MP4,748.3476,50.0,30.76923076923077,19.230769230769234,26
GX020808.MP4,748.748,21.875,59.375,18.75,32
GX020808.MP4,749.1484,21.052631578947366,71.05263157894737,7.894736842105263,38
GX020808.MP4,749.5488,11.538461538461538,84.61538461538461,3.8461538461538463,26
GX020808.MP4,749.9492,0.0,92.0,8.0,25
GX020808.MP4,750.3496,38.88888888888889,44.44444444444444,16.666666666666664,18
GX020808.MP4,750.75,41.935483870967744,45.16129032258064,12.903225806451612,31
GX020808.MP4,751.1504,54.166666666666664,25.0,20.833333333333336,24
GX020808.MP4,751.5508,35.294117647058826,55.88235294117647,8.823529411764707,34
GX020808.MP4,751.9512,33.33333333333333,52.77777777777778,13.88888888888889,36
GX020808.MP4,752.3516,45.16129032258064,32.25806451612903,22.58064516129032,31
GX020808.MP4,752.7520000000001,45.16129032258064,29.03225806451613,25.806451612903224,31
GX020808.MP4,753.1524000000001,10.344827586206897,41.37931034482759,48.275862068965516,29
GX020808.MP4,753.5528,20.0,43.333333333333336,36.666666666666664,30
GX020808.MP4,753.9532,32.0,32.0,36.0,25
GX020808.MP4,754.3536,29.72972972972973,48.64864864864865,21.62162162162162,37
GX020808.MP4,754.754,41.46341463414634,39.02439024390244,19.51219512195122,41
GX020808.MP4,755.1544,55.00000000000001,30.0,15.0,40
GX020808.MP4,755.5548,52.63157894736842,23.684210526315788,23.684210526315788,38
GX020808.MP4,755.9552,52.77777777777778,19.444444444444446,27.77777777777778,36
GX020808.MP4,756.3556,51.28205128205128,17.94871794871795,30.76923076923077,39
GX020808.MP4,756.756,40.816326530612244,48.97959183673469,10.204081632653061,49
GX020808.MP4,757.1564,36.58536585365854,48.78048780487805,14.634146341463413,41
GX020808.MP4,757.5568000000001,46.15384615384615,38.46153846153847,15.384615384615385,39
GX020808.MP4,757.9572000000001,41.935483870967744,48.38709677419355,9.67741935483871,31
GX020808.MP4,758.3576,57.89473684210527,39.473684210526315,2.631578947368421,38
GX020808.MP4,758.758,50.0,25.0,25.0,28
GX020808.MP4,759.1584,34.375,25.0,40.625,32
GX020808.MP4,759.5588,33.33333333333333,42.857142857142854,23.809523809523807,21
GX020808.MP4,759.9592,30.0,30.0,40.0,20
GX020808.MP4,760.3596,15.384615384615385,26.923076923076923,57.692307692307686,26
GX020808.MP4,760.76,24.242424242424242,21.21212121212121,54.54545454545454,33
GX020808.MP4,761.1604,27.27272727272727,31.818181818181817,40.909090909090914,22
GX020808.MP4,761.5608,16.666666666666664,41.66666666666667,41.66666666666667,24
GX020808.MP4,761.9612,27.027027027027028,35.13513513513514,37.83783783783784,37
GX020808.MP4,762.3616000000001,33.33333333333333,48.148148148148145,18.51851851851852,27
GX020808.MP4,762.7620000000001,28.000000000000004,32.0,40.0,25
GX020808.MP4,763.1624,30.76923076923077,34.61538461538461,34.61538461538461,26
GX020808.MP4,763.5628,37.93103448275862,41.37931034482759,20.689655172413794,29
GX020808.MP4,763.9632,17.391304347826086,30.434782608695656,52.17391304347826,23
GX020808.MP4,764.3636,34.78260869565217,26.08695652173913,39.130434782608695,23
GX020808.MP4,764.764,45.45454545454545,31.818181818181817,22.727272727272727,22
GX020808.MP4,765.1644,31.428571428571427,22.857142857142858,45.714285714285715,35
GX020808.MP4,765.5648,45.94594594594595,16.216216216216218,37.83783783783784,37
GX020808.MP4,765.9652,30.303030303030305,27.27272727272727,42.42424242424242,33
GX020808.MP4,766.3656,14.705882352941178,17.647058823529413,67.64705882352942,34
GX020808.MP4,766.766,14.285714285714285,28.57142857142857,57.14285714285714,28
GX020808.MP4,767.1664000000001,20.833333333333336,37.5,41.66666666666667,24
GX020808.MP4,767.5668000000001,25.0,33.33333333333333,41.66666666666667,24
GX020808.MP4,767.9672,25.925925925925924,29.629629629629626,44.44444444444444,27
GX020808.MP4,768.3676,28.57142857142857,37.142857142857146,34.285714285714285,35
GX030808.MP4,0.0,20.51282051282051,25.64102564102564,53.84615384615385,39
GX030808.MP4,0.40040000000000003,25.0,40.625,34.375,32
GX030808.MP4,0.8008000000000001,17.391304347826086,43.47826086956522,39.130434782608695,23
GX030808.MP4,1.2012,11.538461538461538,38.46153846153847,50.0,26
GX030808.MP4,1.6016000000000001,19.047619047619047,52.38095238095239,28.57142857142857,42
GX030808.MP4,2.0020000000000002,12.121212121212121,42.42424242424242,45.45454545454545,33
GX030808.MP4,2.4024,17.142857142857142,28.57142857142857,54.285714285714285,35
GX030808.MP4,2.8028,26.08695652173913,34.78260869565217,39.130434782608695,23
GX030808.MP4,3.2032000000000003,25.925925925925924,37.03703703703704,37.03703703703704,27
GX030808.MP4,3.6036,20.833333333333336,37.5,41.66666666666667,24
GX030808.MP4,4.0040000000000004,34.48275862068966,27.586206896551722,37.93103448275862,29
GX030808.MP4,4.4044,31.25,18.75,50.0,32
GX030808.MP4,4.8048,25.806451612903224,25.806451612903224,48.38709677419355,31
GX030808.MP4,5.2052000000000005,33.33333333333333,40.74074074074074,25.925925925925924,27
GX030808.MP4,5.6056,23.076923076923077,53.84615384615385,23.076923076923077,26
GX030808.MP4,6.006,21.428571428571427,21.428571428571427,57.14285714285714,28
GX030808.MP4,6.4064000000000005,15.384615384615385,26.923076923076923,57.692307692307686,26
GX030808.MP4,6.8068,18.51851851851852,51.85185185185185,29.629629629629626,27
GX030808.MP4,7.2072,12.5,62.5,25.0,24
GX030808.MP4,7.6076,14.285714285714285,38.095238095238095,47.61904761904761,21
GX030808.MP4,8.008000000000001,47.61904761904761,38.095238095238095,14.285714285714285,21
GX030808.MP4,8.4084,21.73913043478261,34.78260869565217,43.47826086956522,23
GX030808.MP4,8.8088,21.052631578947366,31.57894736842105,47.368421052631575,19
GX030808.MP4,9.209200000000001,13.157894736842104,57.89473684210527,28.947368421052634,38
GX030808.MP4,9.6096,18.75,31.25,50.0,32
GX030808.MP4,10.01,31.25,25.0,43.75,32
GX030808.MP4,10.410400000000001,36.36363636363637,27.27272727272727,36.36363636363637,22
GX030808.MP4,10.8108,25.71428571428571,40.0,34.285714285714285,35
GX030808.MP4,11.2112,41.66666666666667,29.166666666666668,29.166666666666668,24
GX030808.MP4,11.611600000000001,28.57142857142857,53.57142857142857,17.857142857142858,28
GX030808.MP4,12.012,25.0,40.625,34.375,32
GX030808.MP4,12.4124,21.875,43.75,34.375,32
GX030808.MP4,12.812800000000001,31.03448275862069,31.03448275862069,37.93103448275862,29
GX030808.MP4,13.2132,28.57142857142857,35.714285714285715,35.714285714285715,28
GX030808.MP4,13.6136,37.5,37.5,25.0,32
GX030808.MP4,14.014000000000001,31.25,43.75,25.0,16
GX030808.MP4,14.4144,10.0,56.666666666666664,33.33333333333333,30
GX030808.MP4,14.8148,24.242424242424242,54.54545454545454,21.21212121212121,33
GX030808.MP4,15.2152,47.22222222222222,30.555555555555557,22.22222222222222,36
GX030808.MP4,15.6156,36.0,28.000000000000004,36.0,25
GX030808.MP4,16.016000000000002,34.61538461538461,26.923076923076923,38.46153846153847,26
GX030808.MP4,16.4164,26.08695652173913,21.73913043478261,52.17391304347826,23
GX030808.MP4,16.8168,33.33333333333333,22.22222222222222,44.44444444444444,27
GX030808.MP4,17.217200000000002,40.909090909090914,36.36363636363637,22.727272727272727,22
GX030808.MP4,17.6176,30.0,35.0,35.0,20
GX030808.MP4,18.018,44.0,20.0,36.0,25
GX030808.MP4,18.418400000000002,60.0,15.0,25.0,20
GX030808.MP4,18.8188,50.0,16.666666666666664,33.33333333333333,24
GX030808.MP4,19.2192,21.428571428571427,64.28571428571429,14.285714285714285,14
GX030808.MP4,19.619600000000002,0.0,44.44444444444444,55.55555555555556,9
GX030808.MP4,20.02,5.555555555555555,83.33333333333334,11.11111111111111,18
GX030808.MP4,20.4204,46.15384615384615,28.205128205128204,25.64102564102564,39
GX030808.MP4,20.820800000000002,44.73684210526316,36.84210526315789,18.421052631578945,38
GX030808.MP4,21.2212,15.625,62.5,21.875,32
GX030808.MP4,21.6216,30.0,60.0,10.0,10
GX030808.MP4,22.022000000000002,26.47058823529412,11.76470588235294,61.76470588235294,34
GX030808.MP4,22.4224,37.142857142857146,11.428571428571429,51.42857142857142,35
GX030808.MP4,22.8228,35.714285714285715,28.57142857142857,35.714285714285715,14
GX030808.MP4,23.223200000000002,30.434782608695656,45.65217391304348,23.91304347826087,46
GX030808.MP4,23.6236,41.86046511627907,41.86046511627907,16.27906976744186,43
GX030808.MP4,24.024,28.205128205128204,58.97435897435898,12.82051282051282,39
GX030808.MP4,24.424400000000002,48.275862068965516,31.03448275862069,20.689655172413794,29
GX030808.MP4,24.8248,40.0,40.0,20.0,35
GX030808.MP4,25.2252,43.47826086956522,39.130434782608695,17.391304347826086,23
GX030808.MP4,25.625600000000002,57.14285714285714,28.57142857142857,14.285714285714285,28
GX030808.MP4,26.026,66.66666666666666,20.0,13.333333333333334,30
GX030808.MP4,26.4264,65.71428571428571,28.57142857142857,5.714285714285714,35
GX030808.MP4,26.826800000000002,66.66666666666666,22.22222222222222,11.11111111111111,27
GX030808.MP4,27.2272,51.724137931034484,34.48275862068966,13.793103448275861,29
GX030808.MP4,27.6276,50.0,21.428571428571427,28.57142857142857,14
GX030808.MP4,28.028000000000002,50.0,27.77777777777778,22.22222222222222,18
GX030808.MP4,28.4284,36.36363636363637,40.909090909090914,22.727272727272727,22
GX030808.MP4,28.8288,11.11111111111111,85.18518518518519,3.7037037037037033,27
GX030808.MP4,29.229200000000002,25.0,56.25,18.75,16
GX030808.MP4,29.6296,80.0,10.0,10.0,20
GX030808.MP4,30.03,64.0,36.0,0.0,25
GX030808.MP4,30.4304,41.935483870967744,41.935483870967744,16.129032258064516,31
GX030808.MP4,30.8308,52.5,25.0,22.5,40
GX030808.MP4,31.2312,23.076923076923077,34.61538461538461,42.30769230769231,26
GX030808.MP4,31.6316,21.73913043478261,34.78260869565217,43.47826086956522,23
GX030808.MP4,32.032000000000004,31.818181818181817,59.09090909090909,9.090909090909092,22
GX030808.MP4,32.4324,25.0,59.375,15.625,32
GX030808.MP4,32.8328,35.714285714285715,57.14285714285714,7.142857142857142,28
GX030808.MP4,33.233200000000004,14.814814814814813,77.77777777777779,7.4074074074074066,27
GX030808.MP4,33.6336,22.727272727272727,68.18181818181817,9.090909090909092,22
GX030808.MP4,34.034,12.903225806451612,80.64516129032258,6.451612903225806,31
GX030808.MP4,34.434400000000004,37.5,50.0,12.5,24
GX030808.MP4,34.8348,25.0,60.0,15.0,20
GX030808.MP4,35.2352,46.42857142857143,35.714285714285715,17.857142857142858,28
GX030808.MP4,35.635600000000004,38.88888888888889,41.66666666666667,19.444444444444446,36
GX030808.MP4,36.036,44.0,44.0,12.0,25
GX030808.MP4,36.4364,45.45454545454545,27.27272727272727,27.27272727272727,33
GX030808.MP4,36.836800000000004,37.5,50.0,12.5,32
GX030808.MP4,37.2372,45.0,45.0,10.0,40
GX030808.MP4,37.6376,35.714285714285715,35.714285714285715,28.57142857142857,42
GX030808.MP4,38.038000000000004,35.294117647058826,35.294117647058826,29.411764705882355,34
GX030808.MP4,38.4384,27.659574468085108,44.680851063829785,27.659574468085108,47
GX030808.MP4,38.8388,29.166666666666668,62.5,8.333333333333332,48
GX030808.MP4,39.239200000000004,29.629629629629626,51.85185185185185,18.51851851851852,27
GX030808.MP4,39.6396,41.37931034482759,41.37931034482759,17.24137931034483,29
GX030808.MP4,40.04,40.0,28.57142857142857,31.428571428571427,35
GX030808.MP4,40.440400000000004,40.625,37.5,21.875,32
GX030808.MP4,40.8408,57.77777777777777,20.0,22.22222222222222,45
GX030808.MP4,41.2412,25.0,55.55555555555556,19.444444444444446,36
GX030808.MP4,41.641600000000004,40.909090909090914,45.45454545454545,13.636363636363635,44
GX030808.MP4,42.042,45.23809523809524,30.952380952380953,23.809523809523807,42
GX030808.MP4,42.4424,42.5531914893617,38.297872340425535,19.148936170212767,47
GX030808.MP4,42.842800000000004,45.45454545454545,36.36363636363637,18.181818181818183,44
GX030808.MP4,43.2432,45.94594594594595,29.72972972972973,24.324324324324326,37
GX030808.MP4,43.6436,44.44444444444444,48.148148148148145,7.4074074074074066,27
GX030808.MP4,44.044000000000004,25.0,54.166666666666664,20.833333333333336,24
GX030808.MP4,44.4444,38.46153846153847,33.33333333333333,28.205128205128204,39
GX030808.MP4,44.8448,47.61904761904761,47.61904761904761,4.761904761904762,21
GX030808.MP4,45.245200000000004,52.94117647058824,35.294117647058826,11.76470588235294,17
GX030808.MP4,45.6456,42.10526315789473,36.84210526315789,21.052631578947366,19
GX030808.MP4,46.046,38.88888888888889,33.33333333333333,27.77777777777778,18
GX030808.MP4,46.446400000000004,43.47826086956522,21.73913043478261,34.78260869565217,23
GX030808.MP4,46.8468,58.82352941176471,11.76470588235294,29.411764705882355,17
GX030808.MP4,47.2472,27.27272727272727,27.27272727272727,45.45454545454545,11
GX030808.MP4,47.647600000000004,25.0,50.0,25.0,20
GX030808.MP4,48.048,60.97560975609756,31.70731707317073,7.317073170731707,41
GX030808.MP4,48.4484,63.1578947368421,31.57894736842105,5.263157894736842,38
GX030808.MP4,48.848800000000004,65.38461538461539,23.076923076923077,11.538461538461538,26
GX030808.MP4,49.2492,50.0,36.36363636363637,13.636363636363635,22
GX030808.MP4,49.6496,52.94117647058824,41.17647058823529,5.88235294117647,17
GX030808.MP4,50.050000000000004,57.89473684210527,31.57894736842105,10.526315789473683,19
GX030808.MP4,50.4504,36.0,60.0,4.0,25
GX030808.MP4,50.8508,29.166666666666668,50.0,20.833333333333336,24
GX030808.MP4,51.251200000000004,30.76923076923077,50.0,19.230769230769234,26
GX030808.MP4,51.6516,46.15384615384615,25.64102564102564,28.205128205128204,39
GX030808.MP4,52.052,64.70588235294117,23.52941176470588,11.76470588235294,34
GX030808.MP4,52.452400000000004,36.666666666666664,26.666666666666668,36.666666666666664,30
GX030808.MP4,52.8528,28.57142857142857,40.0,31.428571428571427,35
GX030808.MP4,53.2532,45.714285714285715,28.57142857142857,25.71428571428571,35
GX030808.MP4,53.653600000000004,31.70731707317073,36.58536585365854,31.70731707317073,41
GX030808.MP4,54.054,31.57894736842105,18.421052631578945,50.0,38
GX030808.MP4,54.4544,33.33333333333333,35.8974358974359,30.76923076923077,39
GX030808.MP4,54.854800000000004,47.22222222222222,13.88888888888889,38.88888888888889,36
GX030808.MP4,55.2552,52.0,12.0,36.0,25
GX030808.MP4,55.6556,20.0,53.333333333333336,26.666666666666668,15
GX030808.MP4,56.056000000000004,50.0,14.285714285714285,35.714285714285715,28
GX030808.MP4,56.4564,42.857142857142854,35.714285714285715,21.428571428571427,28
GX030808.MP4,56.8568,43.90243902439025,26.82926829268293,29.268292682926827,41
GX030808.MP4,57.257200000000005,40.0,11.428571428571429,48.57142857142857,35
GX030808.MP4,57.6576,75.0,25.0,0.0,52
GX030808.MP4,58.058,77.77777777777779,22.22222222222222,0.0,45
GX030808.MP4,58.458400000000005,53.65853658536586,31.70731707317073,14.634146341463413,41
GX030808.MP4,58.8588,44.18604651162791,23.25581395348837,32.55813953488372,43
GX030808.MP4,59.2592,56.81818181818182,15.909090909090908,27.27272727272727,44
GX030808.MP4,59.6596,61.36363636363637,18.181818181818183,20.454545454545457,44
GX030808.MP4,60.06,60.0,15.0,25.0,40
GX030808.MP4,60.4604,29.411764705882355,26.47058823529412,44.11764705882353,34
GX030808.MP4,60.8608,47.22222222222222,30.555555555555557,22.22222222222222,36
GX030808.MP4,61.2612,50.0,16.666666666666664,33.33333333333333,24
GX030808.MP4,61.6616,42.857142857142854,28.57142857142857,28.57142857142857,14
GX030808.MP4,62.062,50.0,0.0,50.0,6
GX030808.MP4,62.4624,50.0,42.857142857142854,7.142857142857142,14
GX030808.MP4,62.8628,30.0,55.00000000000001,15.0,20
GX030808.MP4,63.2632,47.368421052631575,42.10526315789473,10.526315789473683,19
GX030808.MP4,63.6636,37.5,29.166666666666668,33.33333333333333,24
GX030808.MP4,64.06400000000001,41.37931034482759,44.827586206896555,13.793103448275861,29
GX030808.MP4,64.4644,44.11764705882353,32.35294117647059,23.52941176470588,34
GX030808.MP4,64.8648,41.17647058823529,32.35294117647059,26.47058823529412,34
GX030808.MP4,65.26520000000001,40.74074074074074,40.74074074074074,18.51851851851852,27
GX030808.MP4,65.6656,22.727272727272727,54.54545454545454,22.727272727272727,22
GX030808.MP4,66.066,39.39393939393939,27.27272727272727,33.33333333333333,33
GX030808.MP4,66.46640000000001,50.0,25.0,25.0,24
GX030808.MP4,66.8668,29.411764705882355,58.82352941176471,11.76470588235294,17
GX030808.MP4,67.2672,33.33333333333333,44.44444444444444,22.22222222222222,27
GX030808.MP4,67.66760000000001,44.44444444444444,55.55555555555556,0.0,9
GX030808.MP4,68.068,53.84615384615385,15.384615384615385,30.76923076923077,13
GX030808.MP4,68.4684,41.66666666666667,33.33333333333333,25.0,12
GX030808.MP4,68.86880000000001,6.666666666666667,80.0,13.333333333333334,15
GX030808.MP4,69.2692,62.5,25.0,12.5,16
GX030808.MP4,69.6696,27.586206896551722,37.93103448275862,34.48275862068966,29
GX030808.MP4,70.07000000000001,29.629629629629626,40.74074074074074,29.629629629629626,27
GX030808.MP4,70.4704,38.23529411764706,35.294117647058826,26.47058823529412,34
GX030808.MP4,70.8708,26.666666666666668,36.666666666666664,36.666666666666664,30
GX030808.MP4,71.27120000000001,54.054054054054056,24.324324324324326,21.62162162162162,37
GX030808.MP4,71.6716,31.03448275862069,31.03448275862069,37.93103448275862,29
GX030808.MP4,72.072,28.57142857142857,37.142857142857146,34.285714285714285,35
GX030808.MP4,72.47240000000001,23.52941176470588,32.35294117647059,44.11764705882353,34
GX030808.MP4,72.8728,21.73913043478261,69.56521739130434,8.695652173913043,23
GX030808.MP4,73.2732,15.0,52.5,32.5,40
GX030808.MP4,73.67360000000001,23.333333333333332,53.333333333333336,23.333333333333332,30
GX030808.MP4,74.074,33.33333333333333,46.15384615384615,20.51282051282051,39
GX030808.MP4,74.4744,32.142857142857146,50.0,17.857142857142858,28
GX030808.MP4,74.87480000000001,29.545454545454547,45.45454545454545,25.0,44
GX030808.MP4,75.2752,41.66666666666667,36.11111111111111,22.22222222222222,36
GX030808.MP4,75.6756,52.38095238095239,23.809523809523807,23.809523809523807,42
GX030808.MP4,76.07600000000001,55.00000000000001,20.0,25.0,40
GX030808.MP4,76.4764,17.5,65.0,17.5,40
GX030808.MP4,76.8768,35.13513513513514,43.24324324324324,21.62162162162162,37
GX030808.MP4,77.27720000000001,42.22222222222222,28.888888888888886,28.888888888888886,45
GX030808.MP4,77.6776,34.375,50.0,15.625,32
GX030808.MP4,78.078,53.333333333333336,36.666666666666664,10.0,30
GX030808.MP4,78.47840000000001,50.0,25.0,25.0,24
GX030808.MP4,78.8788,63.33333333333333,33.33333333333333,3.3333333333333335,30
GX030808.MP4,79.2792,51.35135135135135,35.13513513513514,13.513513513513514,37
GX030808.MP4,79.67960000000001,44.18604651162791,37.2093023255814,18.6046511627907,43
GX030808.MP4,80.08,44.44444444444444,33.33333333333333,22.22222222222222,36
GX030808.MP4,80.4804,23.684210526315788,65.78947368421053,10.526315789473683,38
GX030808.MP4,80.88080000000001,22.448979591836736,53.06122448979592,24.489795918367346,49
GX030808.MP4,81.2812,28.57142857142857,45.23809523809524,26.190476190476193,42
GX030808.MP4,81.6816,27.083333333333332,50.0,22.916666666666664,48
GX030808.MP4,82.08200000000001,27.77777777777778,47.22222222222222,25.0,36
GX030808.MP4,82.4824,35.8974358974359,41.02564102564102,23.076923076923077,39
GX030808.MP4,82.8828,53.333333333333336,16.666666666666664,30.0,30
GX030808.MP4,83.28320000000001,44.44444444444444,27.77777777777778,27.77777777777778,18
GX030808.MP4,83.6836,46.42857142857143,21.428571428571427,32.142857142857146,28
GX030808.MP4,84.084,40.0,13.333333333333334,46.666666666666664,15
GX030808.MP4,84.48440000000001,40.0,30.0,30.0,20
GX030808.MP4,84.8848,42.857142857142854,23.809523809523807,33.33333333333333,21
GX030808.MP4,85.2852,50.0,12.5,37.5,16
GX030808.MP4,85.68560000000001,57.14285714285714,28.57142857142857,14.285714285714285,14
GX030808.MP4,86.086,41.17647058823529,23.52941176470588,35.294117647058826,17
GX030808.MP4,86.4864,38.88888888888889,33.33333333333333,27.77777777777778,18
GX030808.MP4,86.88680000000001,60.0,25.0,15.0,20
GX030808.MP4,87.2872,62.96296296296296,11.11111111111111,25.925925925925924,27
GX030808.MP4,87.6876,54.83870967741935,16.129032258064516,29.03225806451613,31
GX030808.MP4,88.08800000000001,50.0,29.411764705882355,20.588235294117645,34
GX030808.MP4,88.4884,48.148148148148145,25.925925925925924,25.925925925925924,27
GX030808.MP4,88.8888,55.172413793103445,27.586206896551722,17.24137931034483,29
GX030808.MP4,89.28920000000001,39.130434782608695,30.434782608695656,30.434782608695656,23
GX030808.MP4,89.6896,52.17391304347826,21.73913043478261,26.08695652173913,23
GX030808.MP4,90.09,35.714285714285715,21.428571428571427,42.857142857142854,28
GX030808.MP4,90.49040000000001,28.57142857142857,57.14285714285714,14.285714285714285,21
GX030808.MP4,90.8908,50.0,33.33333333333333,16.666666666666664,18
GX030808.MP4,91.2912,63.63636363636363,22.727272727272727,13.636363636363635,22
GX030808.MP4,91.69160000000001,42.857142857142854,39.285714285714285,17.857142857142858,28
GX030808.MP4,92.092,63.63636363636363,27.27272727272727,9.090909090909092,22
GX030808.MP4,92.4924,64.28571428571429,14.285714285714285,21.428571428571427,28
GX030808.MP4,92.89280000000001,69.23076923076923,15.384615384615385,15.384615384615385,13
GX030808.MP4,93.2932,66.66666666666666,11.11111111111111,22.22222222222222,18
GX030808.MP4,93.6936,61.904761904761905,28.57142857142857,9.523809523809524,21
GX030808.MP4,94.09400000000001,55.55555555555556,27.77777777777778,16.666666666666664,18
GX030808.MP4,94.4944,47.82608695652174,30.434782608695656,21.73913043478261,23
GX030808.MP4,94.8948,52.94117647058824,17.647058823529413,29.411764705882355,17
GX030808.MP4,95.29520000000001,80.0,6.666666666666667,13.333333333333334,15
GX030808.MP4,95.6956,50.0,27.77777777777778,22.22222222222222,36
GX030808.MP4,96.096,53.57142857142857,21.428571428571427,25.0,28
GX030808.MP4,96.49640000000001,48.484848484848484,21.21212121212121,30.303030303030305,33
GX030808.MP4,96.8968,35.0,30.0,35.0,40
GX030808.MP4,97.2972,38.70967741935484,35.483870967741936,25.806451612903224,31
GX030808.MP4,97.69760000000001,40.0,33.33333333333333,26.666666666666668,30
GX030808.MP4,98.098,42.5,27.500000000000004,30.0,40
GX030808.MP4,98.4984,45.23809523809524,28.57142857142857,26.190476190476193,42
GX030808.MP4,98.89880000000001,51.11111111111111,33.33333333333333,15.555555555555555,45
GX030808.MP4,99.2992,32.432432432432435,40.54054054054054,27.027027027027028,37
GX030808.MP4,99.6996,32.35294117647059,52.94117647058824,14.705882352941178,34
GX030808.MP4,100.10000000000001,30.76923076923077,48.717948717948715,20.51282051282051,39
GX030808.MP4,100.5004,45.45454545454545,38.63636363636363,15.909090909090908,44
GX030808.MP4,100.9008,39.53488372093023,46.51162790697674,13.953488372093023,43
GX030808.MP4,101.30120000000001,54.054054054054056,43.24324324324324,2.7027027027027026,37
GX030808.MP4,101.7016,34.146341463414636,48.78048780487805,17.073170731707318,41
GX030808.MP4,102.102,50.0,27.77777777777778,22.22222222222222,36
GX030808.MP4,102.50240000000001,76.47058823529412,17.647058823529413,5.88235294117647,34
GX030808.MP4,102.9028,75.75757575757575,18.181818181818183,6.0606060606060606,33
GX030808.MP4,103.3032,85.71428571428571,7.142857142857142,7.142857142857142,28
GX030808.MP4,103.70360000000001,53.57142857142857,32.142857142857146,14.285714285714285,28
GX030808.MP4,104.104,34.375,37.5,28.125,32
GX030808.MP4,104.5044,40.0,26.666666666666668,33.33333333333333,30
GX030808.MP4,104.90480000000001,43.24324324324324,29.72972972972973,27.027027027027028,37
GX030808.MP4,105.3052,34.375,37.5,28.125,32
GX030808.MP4,105.7056,45.45454545454545,21.21212121212121,33.33333333333333,33
GX030808.MP4,106.10600000000001,54.83870967741935,25.806451612903224,19.35483870967742,31
GX030808.MP4,106.5064,36.11111111111111,50.0,13.88888888888889,36
GX030808.MP4,106.9068,35.8974358974359,51.28205128205128,12.82051282051282,39
GX030808.MP4,107.30720000000001,52.5,30.0,17.5,40
GX030808.MP4,107.7076,33.33333333333333,38.88888888888889,27.77777777777778,36
GX030808.MP4,108.108,28.57142857142857,3.571428571428571,67.85714285714286,28
GX030808.MP4,108.50840000000001,47.368421052631575,15.789473684210526,36.84210526315789,38
GX030808.MP4,108.9088,33.33333333333333,36.36363636363637,30.303030303030305,33
GX030808.MP4,109.3092,39.285714285714285,25.0,35.714285714285715,28
GX030808.MP4,109.70960000000001,58.620689655172406,17.24137931034483,24.137931034482758,29
GX030808.MP4,110.11,43.75,21.875,34.375,32
GX030808.MP4,110.5104,32.0,32.0,36.0,25
GX030808.MP4,110.91080000000001,33.33333333333333,29.629629629629626,37.03703703703704,27
GX030808.MP4,111.3112,52.17391304347826,26.08695652173913,21.73913043478261,23
GX030808.MP4,111.7116,79.16666666666666,8.333333333333332,12.5,24
GX030808.MP4,112.11200000000001,75.86206896551724,13.793103448275861,10.344827586206897,29
GX030808.MP4,112.5124,37.03703703703704,33.33333333333333,29.629629629629626,27
GX030808.MP4,112.9128,41.935483870967744,32.25806451612903,25.806451612903224,31
GX030808.MP4,113.31320000000001,40.625,37.5,21.875,32
GX030808.MP4,113.7136,59.25925925925925,18.51851851851852,22.22222222222222,27
GX030808.MP4,114.114,53.84615384615385,7.6923076923076925,38.46153846153847,26
GX030808.MP4,114.51440000000001,64.51612903225806,16.129032258064516,19.35483870967742,31
GX030808.MP4,114.9148,54.83870967741935,29.03225806451613,16.129032258064516,31
GX030808.MP4,115.3152,50.0,30.0,20.0,30
GX030808.MP4,115.71560000000001,16.666666666666664,63.888888888888886,19.444444444444446,36
GX030808.MP4,116.116,27.027027027027028,67.56756756756756,5.405405405405405,37
GX030808.MP4,116.5164,60.0,28.000000000000004,12.0,25
GX030808.MP4,116.91680000000001,48.78048780487805,19.51219512195122,31.70731707317073,41
GX030808.MP4,117.3172,75.0,9.375,15.625,32
GX030808.MP4,117.7176,54.285714285714285,22.857142857142858,22.857142857142858,35
GX030808.MP4,118.11800000000001,54.83870967741935,22.58064516129032,22.58064516129032,31
GX030808.MP4,118.5184,63.33333333333333,16.666666666666664,20.0,30
GX030808.MP4,118.9188,64.86486486486487,24.324324324324326,10.81081081081081,37
GX030808.MP4,119.3192,35.483870967741936,29.03225806451613,35.483870967741936,31
GX030808.MP4,119.7196,22.22222222222222,37.03703703703704,40.74074074074074,27
GX030808.MP4,120.12,50.0,16.666666666666664,33.33333333333333,30
GX030808.MP4,120.5204,59.375,18.75,21.875,32
GX030808.MP4,120.9208,61.111111111111114,22.22222222222222,16.666666666666664,36
GX030808.MP4,121.3212,62.857142857142854,20.0,17.142857142857142,35
GX030808.MP4,121.7216,53.333333333333336,23.333333333333332,23.333333333333332,30
GX030808.MP4,122.122,44.11764705882353,41.17647058823529,14.705882352941178,34
GX030808.MP4,122.5224,42.857142857142854,28.57142857142857,28.57142857142857,35
GX030808.MP4,122.9228,41.935483870967744,32.25806451612903,25.806451612903224,31
GX030808.MP4,123.3232,37.93103448275862,48.275862068965516,13.793103448275861,29
GX030808.MP4,123.7236,29.411764705882355,41.17647058823529,29.411764705882355,34
GX030808.MP4,124.124,45.45454545454545,33.33333333333333,21.21212121212121,33
GX030808.MP4,124.5244,38.46153846153847,53.84615384615385,7.6923076923076925,26
GX030808.MP4,124.9248,29.166666666666668,50.0,20.833333333333336,24
GX030808.MP4,125.3252,31.03448275862069,41.37931034482759,27.586206896551722,29
GX030808.MP4,125.7256,31.818181818181817,31.818181818181817,36.36363636363637,22
GX030808.MP4,126.126,43.333333333333336,26.666666666666668,30.0,30
GX030808.MP4,126.5264,47.368421052631575,26.31578947368421,26.31578947368421,38
GX030808.MP4,126.9268,59.375,25.0,15.625,32
GX030808.MP4,127.3272,56.666666666666664,23.333333333333332,20.0,30
GX030808.MP4,127.7276,57.14285714285714,8.571428571428571,34.285714285714285,35
GX030808.MP4,128.12800000000001,54.54545454545454,18.181818181818183,27.27272727272727,33
GX030808.MP4,128.5284,32.432432432432435,56.75675675675676,10.81081081081081,37
GX030808.MP4,128.9288,25.925925925925924,55.55555555555556,18.51851851851852,27
GX030808.MP4,129.32920000000001,21.428571428571427,46.42857142857143,32.142857142857146,28
GX030808.MP4,129.7296,40.0,40.0,20.0,20
GX030808.MP4,130.13,10.526315789473683,10.526315789473683,78.94736842105263,19
GX030808.MP4,130.53040000000001,44.44444444444444,2.7777777777777777,52.77777777777778,36
GX030808.MP4,130.9308,72.22222222222221,22.22222222222222,5.555555555555555,18
GX030808.MP4,131.3312,51.42857142857142,34.285714285714285,14.285714285714285,35
GX030808.MP4,131.73160000000001,34.78260869565217,52.17391304347826,13.043478260869565,23
GX030808.MP4,132.132,65.38461538461539,23.076923076923077,11.538461538461538,26
GX030808.MP4,132.5324,51.85185185185185,33.33333333333333,14.814814814814813,27
GX030808.MP4,132.93280000000001,54.166666666666664,37.5,8.333333333333332,24
GX030808.MP4,133.3332,59.09090909090909,22.727272727272727,18.181818181818183,22
GX030808.MP4,133.7336,52.0,36.0,12.0,25
GX030808.MP4,134.13400000000001,28.57142857142857,52.38095238095239,19.047619047619047,21
GX030808.MP4,134.5344,55.55555555555556,40.74074074074074,3.7037037037037033,27
GX030808.MP4,134.9348,67.44186046511628,18.6046511627907,13.953488372093023,43
GX030808.MP4,135.33520000000001,41.17647058823529,29.411764705882355,29.411764705882355,51
GX030808.MP4,135.7356,54.90196078431373,19.607843137254903,25.49019607843137,51
GX030808.MP4,136.136,58.139534883720934,23.25581395348837,18.6046511627907,43
GX030808.MP4,136.53640000000001,52.38095238095239,28.57142857142857,19.047619047619047,42
GX030808.MP4,136.9368,40.42553191489361,27.659574468085108,31.914893617021278,47
GX030808.MP4,137.3372,56.09756097560976,34.146341463414636,9.75609756097561,41
GX030808.MP4,137.73760000000001,57.77777777777777,31.11111111111111,11.11111111111111,45
GX030808.MP4,138.138,60.526315789473685,31.57894736842105,7.894736842105263,38
GX030808.MP4,138.5384,64.1025641025641,28.205128205128204,7.6923076923076925,39
GX030808.MP4,138.93880000000001,57.49999999999999,22.5,20.0,40
GX030808.MP4,139.3392,43.18181818181818,45.45454545454545,11.363636363636363,44
GX030808.MP4,139.7396,54.54545454545454,36.36363636363637,9.090909090909092,33
GX030808.MP4,140.14000000000001,7.6923076923076925,80.76923076923077,11.538461538461538,26
GX030808.MP4,140.5404,45.16129032258064,25.806451612903224,29.03225806451613,31
GX030808.MP4,140.9408,30.434782608695656,43.47826086956522,26.08695652173913,23
GX030808.MP4,141.34120000000001,33.33333333333333,33.33333333333333,33.33333333333333,30
GX030808.MP4,141.7416,30.303030303030305,39.39393939393939,30.303030303030305,33
GX030808.MP4,142.142,39.285714285714285,35.714285714285715,25.0,28
GX030808.MP4,142.54240000000001,34.375,28.125,37.5,32
GX030808.MP4,142.9428,42.857142857142854,28.57142857142857,28.57142857142857,28
GX030808.MP4,143.3432,47.05882352941176,38.23529411764706,14.705882352941178,34
GX030808.MP4,143.74360000000001,47.22222222222222,38.88888888888889,13.88888888888889,36
GX030808.MP4,144.144,23.52941176470588,64.70588235294117,11.76470588235294,34
GX030808.MP4,144.5444,33.33333333333333,52.77777777777778,13.88888888888889,36
GX030808.MP4,144.94480000000001,63.63636363636363,18.181818181818183,18.181818181818183,33
GX030808.MP4,145.3452,56.00000000000001,28.000000000000004,16.0,25
GX030808.MP4,145.7456,28.125,56.25,15.625,32
GX030808.MP4,146.14600000000002,14.634146341463413,56.09756097560976,29.268292682926827,41
GX030808.MP4,146.5464,48.78048780487805,39.02439024390244,12.195121951219512,41
GX030808.MP4,146.9468,40.0,48.0,12.0,25
GX030808.MP4,147.34720000000002,33.33333333333333,54.166666666666664,12.5,24
GX030808.MP4,147.7476,44.0,40.0,16.0,25
GX030808.MP4,148.148,41.37931034482759,27.586206896551722,31.03448275862069,29
GX030808.MP4,148.54840000000002,50.0,36.36363636363637,13.636363636363635,44
GX030808.MP4,148.9488,43.90243902439025,41.46341463414634,14.634146341463413,41
GX030808.MP4,149.3492,32.25806451612903,45.16129032258064,22.58064516129032,31
GX030808.MP4,149.74960000000002,46.15384615384615,26.923076923076923,26.923076923076923,26
GX030808.MP4,150.15,60.416666666666664,25.0,14.583333333333334,48
GX030808.MP4,150.5504,46.15384615384615,35.8974358974359,17.94871794871795,39
GX030808.MP4,150.95080000000002,35.483870967741936,45.16129032258064,19.35483870967742,31
GX030808.MP4,151.3512,31.25,43.75,25.0,32
GX030808.MP4,151.7516,51.28205128205128,35.8974358974359,12.82051282051282,39
GX030808.MP4,152.15200000000002,59.523809523809526,28.57142857142857,11.904761904761903,42
GX030808.MP4,152.5524,54.054054054054056,27.027027027027028,18.91891891891892,37
GX030808.MP4,152.9528,47.5,32.5,20.0,40
GX030808.MP4,153.35320000000002,46.15384615384615,41.02564102564102,12.82051282051282,39
GX030808.MP4,153.7536,47.22222222222222,38.88888888888889,13.88888888888889,36
GX030808.MP4,154.154,55.88235294117647,26.47058823529412,17.647058823529413,34
GX030808.MP4,154.55440000000002,50.0,33.33333333333333,16.666666666666664,30
GX030808.MP4,154.9548,61.53846153846154,28.205128205128204,10.256410256410255,39
GX030808.MP4,155.3552,50.0,38.23529411764706,11.76470588235294,34
GX030808.MP4,155.75560000000002,54.285714285714285,31.428571428571427,14.285714285714285,35
GX030808.MP4,156.156,45.94594594594595,32.432432432432435,21.62162162162162,37
GX030808.MP4,156.5564,55.88235294117647,35.294117647058826,8.823529411764707,34
GX030808.MP4,156.95680000000002,55.55555555555556,30.555555555555557,13.88888888888889,36
GX030808.MP4,157.3572,16.129032258064516,64.51612903225806,19.35483870967742,31
GX030808.MP4,157.7576,11.538461538461538,61.53846153846154,26.923076923076923,26
GX030808.MP4,158.15800000000002,11.11111111111111,74.07407407407408,14.814814814814813,27
GX030808.MP4,158.5584,12.121212121212121,78.78787878787878,9.090909090909092,33
GX030808.MP4,158.9588,15.151515151515152,75.75757575757575,9.090909090909092,33
GX030808.MP4,159.35920000000002,26.47058823529412,64.70588235294117,8.823529411764707,34
GX030808.MP4,159.7596,22.58064516129032,64.51612903225806,12.903225806451612,31
GX030808.MP4,160.16,40.54054054054054,43.24324324324324,16.216216216216218,37
GX030808.MP4,160.56040000000002,53.84615384615385,26.923076923076923,19.230769230769234,26
GX030808.MP4,160.9608,54.54545454545454,36.36363636363637,9.090909090909092,22
GX030808.MP4,161.3612,45.0,45.0,10.0,20
GX030808.MP4,161.76160000000002,45.45454545454545,31.818181818181817,22.727272727272727,22
GX030808.MP4,162.162,33.33333333333333,55.55555555555556,11.11111111111111,18
GX030808.MP4,162.5624,38.095238095238095,61.904761904761905,0.0,21
GX030808.MP4,162.96280000000002,30.0,43.333333333333336,26.666666666666668,30
GX030808.MP4,163.3632,30.0,46.666666666666664,23.333333333333332,30
GX030808.MP4,163.7636,42.10526315789473,42.10526315789473,15.789473684210526,19
GX030808.MP4,164.16400000000002,20.0,60.0,20.0,20
GX030808.MP4,164.5644,36.0,48.0,16.0,25
GX030808.MP4,164.9648,34.375,31.25,34.375,32
GX030808.MP4,165.36520000000002,30.434782608695656,34.78260869565217,34.78260869565217,23
GX030808.MP4,165.7656,42.30769230769231,23.076923076923077,34.61538461538461,26
GX030808.MP4,166.166,34.78260869565217,30.434782608695656,34.78260869565217,23
GX030808.MP4,166.56640000000002,8.0,44.0,48.0,25
GX030808.MP4,166.9668,15.0,25.0,60.0,20
GX030808.MP4,167.3672,21.052631578947366,52.63157894736842,26.31578947368421,38
GX030808.MP4,167.76760000000002,25.806451612903224,41.935483870967744,32.25806451612903,31
GX030808.MP4,168.168,22.727272727272727,72.72727272727273,4.545454545454546,22
GX030808.MP4,168.5684,30.434782608695656,60.86956521739131,8.695652173913043,23
GX030808.MP4,168.96880000000002,23.076923076923077,76.92307692307693,0.0,13
GX030808.MP4,169.3692,16.666666666666664,83.33333333333334,0.0,12
GX030808.MP4,169.7696,6.666666666666667,86.66666666666667,6.666666666666667,15
GX030808.MP4,170.17000000000002,27.77777777777778,61.111111111111114,11.11111111111111,18
GX030808.MP4,170.5704,13.043478260869565,73.91304347826086,13.043478260869565,23
GX030808.MP4,170.9708,10.526315789473683,84.21052631578947,5.263157894736842,19
GX030808.MP4,171.37120000000002,22.22222222222222,59.25925925925925,18.51851851851852,27
GX030808.MP4,171.7716,33.33333333333333,66.66666666666666,0.0,18
GX030808.MP4,172.172,60.0,30.0,10.0,10
GX030808.MP4,172.57240000000002,27.77777777777778,44.44444444444444,27.77777777777778,18
GX030808.MP4,172.9728,57.14285714285714,38.095238095238095,4.761904761904762,21
GX030808.MP4,173.3732,44.827586206896555,37.93103448275862,17.24137931034483,29
GX030808.MP4,173.77360000000002,46.666666666666664,46.666666666666664,6.666666666666667,30
GX030808.MP4,174.174,37.5,50.0,12.5,24
GX030808.MP4,174.5744,64.70588235294117,29.411764705882355,5.88235294117647,34
GX030808.MP4,174.97480000000002,42.30769230769231,53.84615384615385,3.8461538461538463,26
GX030808.MP4,175.3752,24.137931034482758,68.96551724137932,6.896551724137931,29
GX030808.MP4,175.7756,20.930232558139537,79.06976744186046,0.0,43
GX030808.MP4,176.17600000000002,28.947368421052634,36.84210526315789,34.21052631578947,38
GX030808.MP4,176.5764,25.64102564102564,41.02564102564102,33.33333333333333,39
GX030808.MP4,176.9768,22.58064516129032,41.935483870967744,35.483870967741936,31
GX030808.MP4,177.37720000000002,17.391304347826086,73.91304347826086,8.695652173913043,23
GX030808.MP4,177.7776,41.46341463414634,31.70731707317073,26.82926829268293,41
GX030808.MP4,178.178,37.142857142857146,37.142857142857146,25.71428571428571,35
GX030808.MP4,178.57840000000002,40.625,46.875,12.5,32
GX030808.MP4,178.9788,16.666666666666664,66.66666666666666,16.666666666666664,30
GX030808.MP4,179.3792,50.0,42.857142857142854,7.142857142857142,28
GX030808.MP4,179.77960000000002,36.0,52.0,12.0,25
GX030808.MP4,180.18,25.0,62.5,12.5,24
GX030808.MP4,180.5804,27.27272727272727,42.42424242424242,30.303030303030305,33
GX030808.MP4,180.98080000000002,20.0,54.285714285714285,25.71428571428571,35
GX030808.MP4,181.3812,26.31578947368421,44.73684210526316,28.947368421052634,38
GX030808.MP4,181.7816,21.428571428571427,50.0,28.57142857142857,28
GX030808.MP4,182.18200000000002,16.666666666666664,54.166666666666664,29.166666666666668,24
GX030808.MP4,182.5824,12.903225806451612,80.64516129032258,6.451612903225806,31
GX030808.MP4,182.9828,43.24324324324324,40.54054054054054,16.216216216216218,37
GX030808.MP4,183.38320000000002,31.818181818181817,54.54545454545454,13.636363636363635,22
GX030808.MP4,183.7836,32.35294117647059,61.76470588235294,5.88235294117647,34
GX030808.MP4,184.184,37.5,43.75,18.75,32
GX030808.MP4,184.58440000000002,53.57142857142857,39.285714285714285,7.142857142857142,28
GX030808.MP4,184.9848,23.52941176470588,38.23529411764706,38.23529411764706,34
GX030808.MP4,185.3852,12.5,67.5,20.0,40
GX030808.MP4,185.78560000000002,56.00000000000001,32.0,12.0,25
GX030808.MP4,186.186,31.03448275862069,62.06896551724138,6.896551724137931,29
GX030808.MP4,186.5864,18.75,59.375,21.875,32
GX030808.MP4,186.98680000000002,30.0,50.0,20.0,20
GX030808.MP4,187.3872,25.0,50.0,25.0,32
GX030808.MP4,187.7876,32.35294117647059,55.88235294117647,11.76470588235294,34
GX030808.MP4,188.18800000000002,15.151515151515152,66.66666666666666,18.181818181818183,33
GX030808.MP4,188.5884,30.434782608695656,52.17391304347826,17.391304347826086,23
GX030808.MP4,188.9888,28.57142857142857,51.42857142857142,20.0,35
GX030808.MP4,189.38920000000002,26.666666666666668,56.666666666666664,16.666666666666664,30
GX030808.MP4,189.7896,18.91891891891892,59.45945945945946,21.62162162162162,37
GX030808.MP4,190.19,19.565217391304348,60.86956521739131,19.565217391304348,46
GX030808.MP4,190.59040000000002,23.333333333333332,53.333333333333336,23.333333333333332,30
GX030808.MP4,190.9908,27.77777777777778,58.333333333333336,13.88888888888889,36
GX030808.MP4,191.3912,29.411764705882355,64.70588235294117,5.88235294117647,17
GX030808.MP4,191.79160000000002,25.0,66.66666666666666,8.333333333333332,24
GX030808.MP4,192.192,34.375,43.75,21.875,32
GX030808.MP4,192.5924,36.0,52.0,12.0,25
GX030808.MP4,192.99280000000002,25.0,32.5,42.5,40
GX030808.MP4,193.3932,29.03225806451613,45.16129032258064,25.806451612903224,31
GX030808.MP4,193.7936,9.090909090909092,75.75757575757575,15.151515151515152,33
GX030808.MP4,194.19400000000002,50.0,29.545454545454547,20.454545454545457,44
GX030808.MP4,194.5944,22.857142857142858,57.14285714285714,20.0,35
GX030808.MP4,194.9948,14.705882352941178,82.35294117647058,2.941176470588235,34
GX030808.MP4,195.39520000000002,13.043478260869565,76.08695652173914,10.869565217391305,46
GX030808.MP4,195.7956,35.0,57.49999999999999,7.5,40
GX030808.MP4,196.196,20.689655172413794,65.51724137931035,13.793103448275861,29
GX030808.MP4,196.59640000000002,21.73913043478261,39.130434782608695,39.130434782608695,23
GX030808.MP4,196.9968,16.216216216216218,29.72972972972973,54.054054054054056,37
GX030808.MP4,197.3972,31.03448275862069,3.4482758620689653,65.51724137931035,29
GX030808.MP4,197.79760000000002,10.0,73.33333333333333,16.666666666666664,30
GX030808.MP4,198.198,0.0,100.0,0.0,23
GX030808.MP4,198.5984,9.67741935483871,90.32258064516128,0.0,31
GX030808.MP4,198.99880000000002,21.951219512195124,63.41463414634146,14.634146341463413,41
GX030808.MP4,199.3992,23.076923076923077,64.1025641025641,12.82051282051282,39
GX030808.MP4,199.7996,16.666666666666664,60.0,23.333333333333332,30
GX030808.MP4,200.20000000000002,19.047619047619047,47.61904761904761,33.33333333333333,42
GX030808.MP4,200.6004,20.51282051282051,58.97435897435898,20.51282051282051,39
GX030808.MP4,201.0008,23.809523809523807,52.38095238095239,23.809523809523807,42
GX030808.MP4,201.40120000000002,16.666666666666664,66.66666666666666,16.666666666666664,48
GX030808.MP4,201.8016,26.666666666666668,68.88888888888889,4.444444444444445,45
GX030808.MP4,202.202,29.03225806451613,58.06451612903226,12.903225806451612,31
GX030808.MP4,202.60240000000002,24.324324324324326,67.56756756756756,8.108108108108109,37
GX030808.MP4,203.0028,37.83783783783784,43.24324324324324,18.91891891891892,37
GX030808.MP4,203.4032,18.75,46.875,34.375,32
GX030808.MP4,203.80360000000002,21.875,53.125,25.0,32
GX030808.MP4,204.204,26.31578947368421,47.368421052631575,26.31578947368421,38
GX030808.MP4,204.6044,9.375,65.625,25.0,32
GX030808.MP4,205.00480000000002,14.705882352941178,70.58823529411765,14.705882352941178,34
GX030808.MP4,205.4052,13.793103448275861,75.86206896551724,10.344827586206897,29
GX030808.MP4,205.8056,12.0,76.0,12.0,25
GX030808.MP4,206.20600000000002,31.03448275862069,62.06896551724138,6.896551724137931,29
GX030808.MP4,206.6064,24.0,60.0,16.0,25
GX030808.MP4,207.0068,8.695652173913043,69.56521739130434,21.73913043478261,23
GX030808.MP4,207.40720000000002,10.526315789473683,73.68421052631578,15.789473684210526,19
GX030808.MP4,207.8076,12.5,62.5,25.0,32
GX030808.MP4,208.208,16.129032258064516,67.74193548387096,16.129032258064516,31
GX030808.MP4,208.60840000000002,12.0,44.0,44.0,25
GX030808.MP4,209.0088,23.52941176470588,58.82352941176471,17.647058823529413,17
GX030808.MP4,209.4092,4.166666666666666,54.166666666666664,41.66666666666667,24
GX030808.MP4,209.80960000000002,42.10526315789473,57.89473684210527,0.0,19
GX030808.MP4,210.21,24.242424242424242,45.45454545454545,30.303030303030305,33
GX030808.MP4,210.6104,32.25806451612903,54.83870967741935,12.903225806451612,31
GX030808.MP4,211.01080000000002,34.78260869565217,47.82608695652174,17.391304347826086,23
GX030808.MP4,211.4112,24.137931034482758,65.51724137931035,10.344827586206897,29
GX030808.MP4,211.8116,16.666666666666664,72.22222222222221,11.11111111111111,18
GX030808.MP4,212.21200000000002,16.666666666666664,73.33333333333333,10.0,30
GX030808.MP4,212.6124,19.230769230769234,57.692307692307686,23.076923076923077,26
GX030808.MP4,213.0128,25.0,63.888888888888886,11.11111111111111,36
GX030808.MP4,213.41320000000002,30.76923076923077,57.692307692307686,11.538461538461538,26
GX030808.MP4,213.8136,13.636363636363635,68.18181818181817,18.181818181818183,22
GX030808.MP4,214.214,23.333333333333332,63.33333333333333,13.333333333333334,30
GX030808.MP4,214.61440000000002,50.0,45.83333333333333,4.166666666666666,24
GX030808.MP4,215.0148,20.689655172413794,68.96551724137932,10.344827586206897,29
GX030808.MP4,215.4152,35.0,45.0,20.0,20
GX030808.MP4,215.81560000000002,40.909090909090914,50.0,9.090909090909092,22
GX030808.MP4,216.216,13.043478260869565,73.91304347826086,13.043478260869565,23
GX030808.MP4,216.6164,25.806451612903224,61.29032258064516,12.903225806451612,31
GX030808.MP4,217.01680000000002,18.51851851851852,70.37037037037037,11.11111111111111,27
GX030808.MP4,217.4172,33.33333333333333,50.0,16.666666666666664,30
GX030808.MP4,217.8176,37.93103448275862,58.620689655172406,3.4482758620689653,29
GX030808.MP4,218.21800000000002,21.875,50.0,28.125,32
GX030808.MP4,218.6184,34.78260869565217,47.82608695652174,17.391304347826086,23
GX030808.MP4,219.0188,28.57142857142857,53.57142857142857,17.857142857142858,28
GX030808.MP4,219.41920000000002,9.090909090909092,87.87878787878788,3.0303030303030303,33
GX030808.MP4,219.8196,37.03703703703704,55.55555555555556,7.4074074074074066,27
GX030808.MP4,220.22,32.142857142857146,46.42857142857143,21.428571428571427,28
GX030808.MP4,220.62040000000002,18.181818181818183,75.75757575757575,6.0606060606060606,33
GX030808.MP4,221.0208,25.0,58.333333333333336,16.666666666666664,36
GX030808.MP4,221.4212,31.03448275862069,65.51724137931035,3.4482758620689653,29
GX030808.MP4,221.82160000000002,29.03225806451613,61.29032258064516,9.67741935483871,31
GX030808.MP4,222.222,18.421052631578945,52.63157894736842,28.947368421052634,38
GX030808.MP4,222.6224,31.03448275862069,55.172413793103445,13.793103448275861,29
GX030808.MP4,223.02280000000002,36.666666666666664,40.0,23.333333333333332,30
GX030808.MP4,223.4232,19.35483870967742,58.06451612903226,22.58064516129032,31
GX030808.MP4,223.8236,51.515151515151516,42.42424242424242,6.0606060606060606,33
GX030808.MP4,224.22400000000002,27.77777777777778,52.77777777777778,19.444444444444446,36
GX030808.MP4,224.6244,22.58064516129032,70.96774193548387,6.451612903225806,31
GX030808.MP4,225.0248,32.55813953488372,62.7906976744186,4.651162790697675,43
GX030808.MP4,225.42520000000002,23.809523809523807,71.42857142857143,4.761904761904762,21
GX030808.MP4,225.8256,30.76923076923077,57.692307692307686,11.538461538461538,26
GX030808.MP4,226.226,14.814814814814813,66.66666666666666,18.51851851851852,27
GX030808.MP4,226.62640000000002,26.666666666666668,70.0,3.3333333333333335,30
GX030808.MP4,227.0268,19.047619047619047,73.80952380952381,7.142857142857142,42
GX030808.MP4,227.4272,13.157894736842104,76.31578947368422,10.526315789473683,38
GX030808.MP4,227.82760000000002,15.625,75.0,9.375,32
GX030808.MP4,228.228,13.513513513513514,64.86486486486487,21.62162162162162,37
GX030808.MP4,228.6284,28.125,71.875,0.0,32
GX030808.MP4,229.02880000000002,33.33333333333333,61.53846153846154,5.128205128205128,39
GX030808.MP4,229.4292,25.0,59.375,15.625,32
GX030808.MP4,229.8296,25.0,57.14285714285714,17.857142857142858,28
GX030808.MP4,230.23000000000002,26.666666666666668,56.666666666666664,16.666666666666664,30
GX030808.MP4,230.6304,29.72972972972973,67.56756756756756,2.7027027027027026,37
GX030808.MP4,231.0308,27.77777777777778,55.55555555555556,16.666666666666664,18
GX030808.MP4,231.43120000000002,11.538461538461538,84.61538461538461,3.8461538461538463,26
GX030808.MP4,231.8316,25.0,65.0,10.0,40
GX030808.MP4,232.232,12.5,71.875,15.625,32
GX030808.MP4,232.63240000000002,28.000000000000004,56.00000000000001,16.0,25
GX030808.MP4,233.0328,15.625,75.0,9.375,32
GX030808.MP4,233.4332,17.24137931034483,58.620689655172406,24.137931034482758,29
GX030808.MP4,233.83360000000002,23.333333333333332,56.666666666666664,20.0,30
GX030808.MP4,234.234,19.230769230769234,65.38461538461539,15.384615384615385,26
GX030808.MP4,234.6344,23.076923076923077,69.23076923076923,7.6923076923076925,26
GX030808.MP4,235.03480000000002,14.814814814814813,66.66666666666666,18.51851851851852,27
GX030808.MP4,235.4352,18.181818181818183,54.54545454545454,27.27272727272727,22
GX030808.MP4,235.8356,15.0,60.0,25.0,20
GX030808.MP4,236.23600000000002,20.833333333333336,29.166666666666668,50.0,24
GX030808.MP4,236.6364,14.285714285714285,57.14285714285714,28.57142857142857,14
GX030808.MP4,237.0368,13.157894736842104,47.368421052631575,39.473684210526315,38
GX030808.MP4,237.43720000000002,0.0,0.0,100.0,2
GX030808.MP4,237.8376,50.0,40.0,10.0,10
GX030808.MP4,238.238,26.08695652173913,30.434782608695656,43.47826086956522,23
GX030808.MP4,238.6384,11.11111111111111,44.44444444444444,44.44444444444444,9
GX030808.MP4,239.0388,51.61290322580645,29.03225806451613,19.35483870967742,31
GX030808.MP4,239.4392,14.285714285714285,80.0,5.714285714285714,35
GX030808.MP4,239.8396,8.823529411764707,85.29411764705883,5.88235294117647,34
GX030808.MP4,240.24,20.588235294117645,73.52941176470588,5.88235294117647,34
GX030808.MP4,240.6404,9.67741935483871,83.87096774193549,6.451612903225806,31
GX030808.MP4,241.0408,7.6923076923076925,88.46153846153845,3.8461538461538463,26
GX030808.MP4,241.4412,5.88235294117647,67.64705882352942,26.47058823529412,34
GX030808.MP4,241.8416,14.705882352941178,79.41176470588235,5.88235294117647,34
GX030808.MP4,242.242,13.88888888888889,86.11111111111111,0.0,36
GX030808.MP4,242.6424,15.789473684210526,84.21052631578947,0.0,38
GX030808.MP4,243.0428,10.0,90.0,0.0,30
GX030808.MP4,243.4432,10.344827586206897,82.75862068965517,6.896551724137931,29
GX030808.MP4,243.8436,20.0,80.0,0.0,30
GX030808.MP4,244.244,22.22222222222222,69.44444444444444,8.333333333333332,36
GX030808.MP4,244.6444,15.151515151515152,66.66666666666666,18.181818181818183,33
GX030808.MP4,245.0448,18.75,65.625,15.625,32
GX030808.MP4,245.4452,8.0,76.0,16.0,25
GX030808.MP4,245.8456,23.52941176470588,64.70588235294117,11.76470588235294,17
GX030808.MP4,246.246,22.22222222222222,72.22222222222221,5.555555555555555,18
GX030808.MP4,246.6464,19.047619047619047,71.42857142857143,9.523809523809524,21
GX030808.MP4,247.0468,29.166666666666668,66.66666666666666,4.166666666666666,24
GX030808.MP4,247.4472,21.73913043478261,65.21739130434783,13.043478260869565,23
GX030808.MP4,247.8476,29.411764705882355,52.94117647058824,17.647058823529413,34
GX030808.MP4,248.248,24.0,56.00000000000001,20.0,25
GX030808.MP4,248.6484,13.793103448275861,44.827586206896555,41.37931034482759,29
GX030808.MP4,249.0488,26.666666666666668,53.333333333333336,20.0,30
GX030808.MP4,249.4492,34.78260869565217,34.78260869565217,30.434782608695656,23
GX030808.MP4,249.8496,23.076923076923077,50.0,26.923076923076923,26
GX030808.MP4,250.25,43.47826086956522,43.47826086956522,13.043478260869565,23
GX030808.MP4,250.6504,10.714285714285714,42.857142857142854,46.42857142857143,28
GX030808.MP4,251.0508,18.181818181818183,72.72727272727273,9.090909090909092,11
GX030808.MP4,251.4512,9.523809523809524,76.19047619047619,14.285714285714285,21
GX030808.MP4,251.8516,7.4074074074074066,74.07407407407408,18.51851851851852,27
GX030808.MP4,252.252,4.0,88.0,8.0,25
GX030808.MP4,252.6524,11.904761904761903,76.19047619047619,11.904761904761903,42
GX030808.MP4,253.0528,6.25,43.75,50.0,32
GX030808.MP4,253.4532,16.216216216216218,43.24324324324324,40.54054054054054,37
GX030808.MP4,253.8536,15.384615384615385,84.61538461538461,0.0,26
GX030808.MP4,254.254,19.230769230769234,65.38461538461539,15.384615384615385,26
GX030808.MP4,254.6544,12.82051282051282,76.92307692307693,10.256410256410255,39
GX030808.MP4,255.0548,6.666666666666667,66.66666666666666,26.666666666666668,30
GX030808.MP4,255.4552,10.81081081081081,78.37837837837837,10.81081081081081,37
GX030808.MP4,255.8556,15.789473684210526,78.94736842105263,5.263157894736842,19
GX030808.MP4,256.25600000000003,20.833333333333336,54.166666666666664,25.0,24
GX030808.MP4,256.6564,36.666666666666664,60.0,3.3333333333333335,30
GX030808.MP4,257.0568,21.428571428571427,71.42857142857143,7.142857142857142,28
GX030808.MP4,257.4572,32.25806451612903,61.29032258064516,6.451612903225806,31
GX030808.MP4,257.8576,33.33333333333333,51.515151515151516,15.151515151515152,33
GX030808.MP4,258.258,16.216216216216218,62.16216216216216,21.62162162162162,37
GX030808.MP4,258.65840000000003,17.857142857142858,42.857142857142854,39.285714285714285,28
GX030808.MP4,259.0588,52.94117647058824,35.294117647058826,11.76470588235294,17
GX030808.MP4,259.4592,37.5,37.5,25.0,24
GX030808.MP4,259.8596,52.38095238095239,42.857142857142854,4.761904761904762,21
GX030808.MP4,260.26,44.0,32.0,24.0,25
GX030808.MP4,260.6604,35.714285714285715,53.57142857142857,10.714285714285714,28
GX030808.MP4,261.06080000000003,35.294117647058826,52.94117647058824,11.76470588235294,17
GX030808.MP4,261.4612,60.0,26.666666666666668,13.333333333333334,15
GX030808.MP4,261.8616,56.25,43.75,0.0,16
GX030808.MP4,262.262,34.48275862068966,48.275862068965516,17.24137931034483,29
GX030808.MP4,262.6624,28.000000000000004,56.00000000000001,16.0,25
GX030808.MP4,263.0628,29.629629629629626,51.85185185185185,18.51851851851852,27
GX030808.MP4,263.46320000000003,37.5,62.5,0.0,16
GX030808.MP4,263.8636,14.285714285714285,85.71428571428571,0.0,21
GX030808.MP4,264.264,22.22222222222222,51.85185185185185,25.925925925925924,27
GX030808.MP4,264.6644,9.67741935483871,67.74193548387096,22.58064516129032,31
GX030808.MP4,265.0648,15.384615384615385,76.92307692307693,7.6923076923076925,13
GX030808.MP4,265.4652,24.0,64.0,12.0,25
GX030808.MP4,265.86560000000003,30.303030303030305,51.515151515151516,18.181818181818183,33
GX030808.MP4,266.266,21.052631578947366,68.42105263157895,10.526315789473683,19
GX030808.MP4,266.6664,6.666666666666667,66.66666666666666,26.666666666666668,15
GX030808.MP4,267.0668,22.22222222222222,74.07407407407408,3.7037037037037033,27
GX030808.MP4,267.4672,23.333333333333332,70.0,6.666666666666667,30
GX030808.MP4,267.8676,26.47058823529412,64.70588235294117,8.823529411764707,34
GX030808.MP4,268.26800000000003,27.77777777777778,66.66666666666666,5.555555555555555,36
GX030808.MP4,268.6684,34.285714285714285,60.0,5.714285714285714,35
GX030808.MP4,269.0688,41.66666666666667,50.0,8.333333333333332,24
GX030808.MP4,269.4692,25.806451612903224,61.29032258064516,12.903225806451612,31
GX030808.MP4,269.8696,7.6923076923076925,50.0,42.30769230769231,26
GX030808.MP4,270.27,38.63636363636363,31.818181818181817,29.545454545454547,44
GX030808.MP4,270.67040000000003,22.58064516129032,45.16129032258064,32.25806451612903,31
GX030808.MP4,271.0708,38.23529411764706,26.47058823529412,35.294117647058826,34
GX030808.MP4,271.4712,37.5,37.5,25.0,24
GX030808.MP4,271.8716,30.434782608695656,56.52173913043478,13.043478260869565,23
GX030808.MP4,272.272,29.166666666666668,41.66666666666667,29.166666666666668,24
GX030808.MP4,272.6724,27.77777777777778,63.888888888888886,8.333333333333332,36
GX030808.MP4,273.07280000000003,50.0,46.666666666666664,3.3333333333333335,30
GX030808.MP4,273.4732,46.15384615384615,19.230769230769234,34.61538461538461,26
GX030808.MP4,273.8736,48.275862068965516,41.37931034482759,10.344827586206897,29
GX030808.MP4,274.274,44.0,48.0,8.0,25
GX030808.MP4,274.6744,11.76470588235294,88.23529411764706,0.0,17
GX030808.MP4,275.0748,41.46341463414634,48.78048780487805,9.75609756097561,41
GX030808.MP4,275.47520000000003,21.052631578947366,55.26315789473685,23.684210526315788,38
GX030808.MP4,275.8756,8.571428571428571,68.57142857142857,22.857142857142858,35
GX030808.MP4,276.276,19.35483870967742,74.19354838709677,6.451612903225806,31
GX030808.MP4,276.6764,12.121212121212121,78.78787878787878,9.090909090909092,33
GX030808.MP4,277.0768,15.151515151515152,69.6969696969697,15.151515151515152,33
GX030808.MP4,277.4772,15.151515151515152,63.63636363636363,21.21212121212121,33
GX030808.MP4,277.87760000000003,11.11111111111111,77.77777777777779,11.11111111111111,36
GX030808.MP4,278.278,17.77777777777778,73.33333333333333,8.88888888888889,45
GX030808.MP4,278.6784,16.216216216216218,70.27027027027027,13.513513513513514,37
GX030808.MP4,279.0788,21.052631578947366,65.78947368421053,13.157894736842104,38
GX030808.MP4,279.4792,23.684210526315788,65.78947368421053,10.526315789473683,38
GX030808.MP4,279.8796,23.684210526315788,50.0,26.31578947368421,38
GX030808.MP4,280.28000000000003,25.71428571428571,57.14285714285714,17.142857142857142,35
GX030808.MP4,280.6804,17.5,60.0,22.5,40
GX030808.MP4,281.0808,16.216216216216218,59.45945945945946,24.324324324324326,37
GX030808.MP4,281.4812,21.875,62.5,15.625,32
GX030808.MP4,281.8816,24.242424242424242,57.57575757575758,18.181818181818183,33
GX030808.MP4,282.282,34.146341463414636,58.536585365853654,7.317073170731707,41
GX030808.MP4,282.68240000000003,23.52941176470588,55.88235294117647,20.588235294117645,34
GX030808.MP4,283.0828,19.565217391304348,54.347826086956516,26.08695652173913,46
GX030808.MP4,283.4832,18.367346938775512,63.26530612244898,18.367346938775512,49
GX030808.MP4,283.8836,15.0,50.0,35.0,20
GX030808.MP4,284.284,30.76923076923077,46.15384615384615,23.076923076923077,26
GX030808.MP4,284.6844,36.84210526315789,36.84210526315789,26.31578947368421,19
GX030808.MP4,285.08480000000003,42.857142857142854,35.714285714285715,21.428571428571427,28
GX030808.MP4,285.4852,11.76470588235294,88.23529411764706,0.0,17
GX030808.MP4,285.8856,4.761904761904762,80.95238095238095,14.285714285714285,21
GX030808.MP4,286.286,18.6046511627907,74.4186046511628,6.976744186046512,43
GX030808.MP4,286.6864,16.666666666666664,66.66666666666666,16.666666666666664,18
GX030808.MP4,287.0868,48.57142857142857,31.428571428571427,20.0,35
GX030808.MP4,287.48720000000003,30.0,35.0,35.0,40
GX030808.MP4,287.8876,46.15384615384615,28.205128205128204,25.64102564102564,39
GX030808.MP4,288.288,41.02564102564102,46.15384615384615,12.82051282051282,39
GX030808.MP4,288.6884,40.42553191489361,48.93617021276596,10.638297872340425,47
GX030808.MP4,289.0888,26.666666666666668,46.666666666666664,26.666666666666668,45
GX030808.MP4,289.4892,37.142857142857146,48.57142857142857,14.285714285714285,35
GX030808.MP4,289.88960000000003,25.0,65.625,9.375,32
GX030808.MP4,290.29,27.083333333333332,58.333333333333336,14.583333333333334,48
GX030808.MP4,290.6904,35.294117647058826,58.82352941176471,5.88235294117647,34
GX030808.MP4,291.0908,29.72972972972973,54.054054054054056,16.216216216216218,37
GX030808.MP4,291.4912,45.714285714285715,40.0,14.285714285714285,35
GX030808.MP4,291.8916,11.11111111111111,58.333333333333336,30.555555555555557,36
GX030808.MP4,292.29200000000003,26.31578947368421,57.89473684210527,15.789473684210526,38
GX030808.MP4,292.6924,3.571428571428571,85.71428571428571,10.714285714285714,28
GX030808.MP4,293.0928,22.22222222222222,66.66666666666666,11.11111111111111,36
GX030808.MP4,293.4932,20.51282051282051,66.66666666666666,12.82051282051282,39
GX030808.MP4,293.8936,21.62162162162162,62.16216216216216,16.216216216216218,37
GX030808.MP4,294.294,30.555555555555557,63.888888888888886,5.555555555555555,36
GX030808.MP4,294.69440000000003,23.52941176470588,58.82352941176471,17.647058823529413,34
GX030808.MP4,295.0948,30.555555555555557,55.55555555555556,13.88888888888889,36
GX030808.MP4,295.4952,36.0,52.0,12.0,25
GX030808.MP4,295.8956,33.33333333333333,48.717948717948715,17.94871794871795,39
GX030808.MP4,296.296,50.0,40.0,10.0,40
GX030808.MP4,296.6964,13.157894736842104,81.57894736842105,5.263157894736842,38
GX030808.MP4,297.09680000000003,38.095238095238095,23.809523809523807,38.095238095238095,42
GX030808.MP4,297.4972,0.0,26.666666666666668,73.33333333333333,15
GX030808.MP4,297.8976,23.076923076923077,50.0,26.923076923076923,26
GX030808.MP4,298.298,31.57894736842105,47.368421052631575,21.052631578947366,19
GX030808.MP4,298.6984,51.06382978723404,42.5531914893617,6.382978723404255,47
GX030808.MP4,299.0988,51.06382978723404,42.5531914893617,6.382978723404255,47
GX030808.MP4,299.49920000000003,47.61904761904761,42.857142857142854,9.523809523809524,42
GX030808.MP4,299.8996,45.83333333333333,54.166666666666664,0.0,48
GX030808.MP4,300.3,42.5531914893617,51.06382978723404,6.382978723404255,47
GX030808.MP4,300.7004,50.98039215686274,47.05882352941176,1.9607843137254901,51
GX030808.MP4,301.1008,21.21212121212121,54.54545454545454,24.242424242424242,33
GX030808.MP4,301.5012,18.181818181818183,78.78787878787878,3.0303030303030303,33
GX030808.MP4,301.90160000000003,52.5,30.0,17.5,40
GX030808.MP4,302.302,31.70731707317073,53.65853658536586,14.634146341463413,41
GX030808.MP4,302.7024,22.5,57.49999999999999,20.0,40
GX030808.MP4,303.1028,26.666666666666668,57.77777777777777,15.555555555555555,45
GX030808.MP4,303.5032,16.216216216216218,72.97297297297297,10.81081081081081,37
GX030808.MP4,303.9036,35.55555555555556,53.333333333333336,11.11111111111111,45
GX030808.MP4,304.30400000000003,45.23809523809524,47.61904761904761,7.142857142857142,42
GX030808.MP4,304.7044,42.857142857142854,50.0,7.142857142857142,28
GX030808.MP4,305.1048,42.857142857142854,47.61904761904761,9.523809523809524,21
GX030808.MP4,305.5052,14.285714285714285,71.42857142857143,14.285714285714285,7
GX030808.MP4,305.9056,29.629629629629626,66.66666666666666,3.7037037037037033,27
GX030808.MP4,306.306,14.285714285714285,78.57142857142857,7.142857142857142,14
GX030808.MP4,306.70640000000003,21.428571428571427,64.28571428571429,14.285714285714285,14
GX030808.MP4,307.1068,40.0,40.0,20.0,30
GX030808.MP4,307.5072,27.77777777777778,27.77777777777778,44.44444444444444,18
GX030808.MP4,307.9076,42.10526315789473,31.57894736842105,26.31578947368421,19
GX030808.MP4,308.308,50.0,36.666666666666664,13.333333333333334,30
GX030808.MP4,308.7084,29.411764705882355,29.411764705882355,41.17647058823529,17
GX030808.MP4,309.10880000000003,25.0,58.333333333333336,16.666666666666664,12
GX030808.MP4,309.5092,50.0,31.818181818181817,18.181818181818183,22
GX030808.MP4,309.9096,32.142857142857146,39.285714285714285,28.57142857142857,28
GX030808.MP4,310.31,19.230769230769234,42.30769230769231,38.46153846153847,26
GX030808.MP4,310.7104,74.19354838709677,22.58064516129032,3.225806451612903,31
GX030808.MP4,311.1108,67.74193548387096,29.03225806451613,3.225806451612903,31
GX030808.MP4,311.51120000000003,62.16216216216216,37.83783783783784,0.0,37
GX030808.MP4,311.9116,51.11111111111111,46.666666666666664,2.2222222222222223,45
GX030808.MP4,312.312,54.054054054054056,40.54054054054054,5.405405405405405,37
GX030808.MP4,312.7124,60.97560975609756,36.58536585365854,2.4390243902439024,41
GX030808.MP4,313.1128,69.04761904761905,30.952380952380953,0.0,42
GX030808.MP4,313.5132,73.33333333333333,20.0,6.666666666666667,45
GX030808.MP4,313.91360000000003,31.25,68.75,0.0,32
GX030808.MP4,314.314,35.0,60.0,5.0,20
GX030808.MP4,314.7144,42.857142857142854,57.14285714285714,0.0,14
GX030808.MP4,315.1148,40.74074074074074,48.148148148148145,11.11111111111111,27
GX030808.MP4,315.5152,27.27272727272727,63.63636363636363,9.090909090909092,11
GX030808.MP4,315.9156,41.86046511627907,48.837209302325576,9.30232558139535,43
GX030808.MP4,316.31600000000003,35.483870967741936,51.61290322580645,12.903225806451612,31
GX030808.MP4,316.7164,50.0,50.0,0.0,6
GX030808.MP4,317.1168,37.5,45.83333333333333,16.666666666666664,24
GX030808.MP4,317.5172,35.714285714285715,53.57142857142857,10.714285714285714,28
GX030808.MP4,317.9176,36.0,48.0,16.0,25
GX030808.MP4,318.318,26.08695652173913,47.82608695652174,26.08695652173913,23
GX030808.MP4,318.71840000000003,20.0,53.333333333333336,26.666666666666668,30
GX030808.MP4,319.1188,25.806451612903224,51.61290322580645,22.58064516129032,31
GX030808.MP4,319.5192,42.857142857142854,42.857142857142854,14.285714285714285,21
GX030808.MP4,319.9196,40.0,46.666666666666664,13.333333333333334,30
GX030808.MP4,320.32,31.818181818181817,59.09090909090909,9.090909090909092,22
GX030808.MP4,320.7204,35.714285714285715,50.0,14.285714285714285,28
GX030808.MP4,321.12080000000003,37.03703703703704,44.44444444444444,18.51851851851852,27
GX030808.MP4,321.5212,33.33333333333333,42.42424242424242,24.242424242424242,33
GX030808.MP4,321.9216,23.809523809523807,61.904761904761905,14.285714285714285,21
GX030808.MP4,322.322,16.666666666666664,54.166666666666664,29.166666666666668,24
GX030808.MP4,322.7224,33.33333333333333,38.46153846153847,28.205128205128204,39
GX030808.MP4,323.1228,32.25806451612903,45.16129032258064,22.58064516129032,31
GX030808.MP4,323.52320000000003,52.5,37.5,10.0,40
GX030808.MP4,323.9236,36.11111111111111,47.22222222222222,16.666666666666664,36
GX030808.MP4,324.324,40.0,44.44444444444444,15.555555555555555,45
GX030808.MP4,324.7244,42.5531914893617,48.93617021276596,8.51063829787234,47
GX030808.MP4,325.1248,43.75,47.91666666666667,8.333333333333332,48
GX030808.MP4,325.5252,44.18604651162791,51.162790697674424,4.651162790697675,43
GX030808.MP4,325.92560000000003,44.11764705882353,47.05882352941176,8.823529411764707,34
GX030808.MP4,326.326,40.54054054054054,37.83783783783784,21.62162162162162,37
GX030808.MP4,326.7264,45.94594594594595,45.94594594594595,8.108108108108109,37
GX030808.MP4,327.1268,58.06451612903226,32.25806451612903,9.67741935483871,31
GX030808.MP4,327.5272,50.0,41.66666666666667,8.333333333333332,36
GX030808.MP4,327.9276,51.42857142857142,48.57142857142857,0.0,35
GX030808.MP4,328.32800000000003,47.5,52.5,0.0,40
GX030808.MP4,328.7284,62.16216216216216,37.83783783783784,0.0,37
GX030808.MP4,329.1288,48.78048780487805,43.90243902439025,7.317073170731707,41
GX030808.MP4,329.5292,35.13513513513514,62.16216216216216,2.7027027027027026,37
GX030808.MP4,329.9296,59.09090909090909,31.818181818181817,9.090909090909092,44
GX030808.MP4,330.33,42.10526315789473,47.368421052631575,10.526315789473683,38
GX030808.MP4,330.73040000000003,39.53488372093023,41.86046511627907,18.6046511627907,43
GX030808.MP4,331.1308,39.285714285714285,53.57142857142857,7.142857142857142,28
GX030808.MP4,331.5312,48.148148148148145,40.74074074074074,11.11111111111111,27
GX030808.MP4,331.9316,34.285714285714285,37.142857142857146,28.57142857142857,35
GX030808.MP4,332.332,43.47826086956522,47.82608695652174,8.695652173913043,23
GX030808.MP4,332.7324,43.333333333333336,56.666666666666664,0.0,30
GX030808.MP4,333.13280000000003,33.33333333333333,66.66666666666666,0.0,3
GX030808.MP4,333.5332,35.13513513513514,40.54054054054054,24.324324324324326,37
GX030808.MP4,333.9336,54.166666666666664,37.5,8.333333333333332,24
GX030808.MP4,334.334,52.94117647058824,23.52941176470588,23.52941176470588,17
GX030808.MP4,334.7344,54.761904761904766,30.952380952380953,14.285714285714285,42
GX030808.MP4,335.1348,26.923076923076923,73.07692307692307,0.0,26
GX030808.MP4,335.53520000000003,34.285714285714285,57.14285714285714,8.571428571428571,35
GX030808.MP4,335.9356,39.130434782608695,47.82608695652174,13.043478260869565,23
GX030808.MP4,336.336,33.33333333333333,55.55555555555556,11.11111111111111,18
GX030808.MP4,336.7364,0.0,50.0,50.0,4
GX030808.MP4,337.1368,0.0,93.10344827586206,6.896551724137931,29
GX030808.MP4,337.5372,20.0,37.77777777777778,42.22222222222222,45
GX030808.MP4,337.93760000000003,51.724137931034484,37.93103448275862,10.344827586206897,29
GX030808.MP4,338.338,14.285714285714285,78.57142857142857,7.142857142857142,14
GX030808.MP4,338.7384,7.6923076923076925,88.46153846153845,3.8461538461538463,26
GX030808.MP4,339.1388,54.166666666666664,33.33333333333333,12.5,24
GX030808.MP4,339.5392,41.37931034482759,37.93103448275862,20.689655172413794,29
GX030808.MP4,339.9396,30.0,50.0,20.0,40
GX030808.MP4,340.34000000000003,42.42424242424242,39.39393939393939,18.181818181818183,33
GX030808.MP4,340.7404,26.666666666666668,50.0,23.333333333333332,30
GX030808.MP4,341.1408,28.57142857142857,57.14285714285714,14.285714285714285,28
GX030808.MP4,341.5412,52.63157894736842,36.84210526315789,10.526315789473683,19
GX030808.MP4,341.9416,22.58064516129032,54.83870967741935,22.58064516129032,31
GX030808.MP4,342.342,23.076923076923077,65.38461538461539,11.538461538461538,26
GX030808.MP4,342.74240000000003,37.5,53.125,9.375,32
GX030808.MP4,343.1428,37.93103448275862,41.37931034482759,20.689655172413794,29
GX030808.MP4,343.5432,35.0,40.0,25.0,20
GX030808.MP4,343.9436,23.333333333333332,36.666666666666664,40.0,30
GX030808.MP4,344.344,54.761904761904766,23.809523809523807,21.428571428571427,42
GX030808.MP4,344.7444,54.347826086956516,30.434782608695656,15.217391304347828,46
GX030808.MP4,345.14480000000003,34.883720930232556,51.162790697674424,13.953488372093023,43
GX030808.MP4,345.5452,46.34146341463415,17.073170731707318,36.58536585365854,41
GX030808.MP4,345.9456,39.58333333333333,39.58333333333333,20.833333333333336,48
GX030808.MP4,346.346,50.0,37.5,12.5,48
GX030808.MP4,346.7464,53.333333333333336,23.333333333333332,23.333333333333332,30
GX030808.MP4,347.1468,52.77777777777778,30.555555555555557,16.666666666666664,36
GX030808.MP4,347.54720000000003,44.0,48.0,8.0,25
GX030808.MP4,347.9476,52.94117647058824,41.17647058823529,5.88235294117647,34
GX030808.MP4,348.348,12.0,84.0,4.0,25
GX030808.MP4,348.7484,41.86046511627907,39.53488372093023,18.6046511627907,43
GX030808.MP4,349.1488,56.25,31.25,12.5,32
GX030808.MP4,349.5492,15.151515151515152,78.78787878787878,6.0606060606060606,33
GX030808.MP4,349.94960000000003,34.21052631578947,36.84210526315789,28.947368421052634,38
GX030808.MP4,350.35,20.689655172413794,65.51724137931035,13.793103448275861,29
GX030808.MP4,350.7504,33.33333333333333,60.60606060606061,6.0606060606060606,33
GX030808.MP4,351.1508,33.33333333333333,66.66666666666666,0.0,30
GX030808.MP4,351.5512,45.0,45.0,10.0,40
GX030808.MP4,351.9516,27.77777777777778,47.22222222222222,25.0,36
GX030808.MP4,352.35200000000003,34.285714285714285,45.714285714285715,20.0,35
GX030808.MP4,352.7524,51.21951219512195,17.073170731707318,31.70731707317073,41
GX030808.MP4,353.1528,8.823529411764707,76.47058823529412,14.705882352941178,34
GX030808.MP4,353.5532,45.714285714285715,34.285714285714285,20.0,35
GX030808.MP4,353.9536,19.047619047619047,61.904761904761905,19.047619047619047,21
GX030808.MP4,354.354,52.0,32.0,16.0,25
GX030808.MP4,354.75440000000003,50.0,35.294117647058826,14.705882352941178,34
GX030808.MP4,355.1548,35.41666666666667,41.66666666666667,22.916666666666664,48
GX030808.MP4,355.5552,22.727272727272727,27.27272727272727,50.0,22
GX030808.MP4,355.9556,12.0,84.0,4.0,25
GX030808.MP4,356.356,26.190476190476193,69.04761904761905,4.761904761904762,42
GX030808.MP4,356.7564,30.555555555555557,30.555555555555557,38.88888888888889,36
GX030808.MP4,357.15680000000003,37.142857142857146,48.57142857142857,14.285714285714285,35
GX030808.MP4,357.5572,20.833333333333336,66.66666666666666,12.5,24
GX030808.MP4,357.9576,18.75,56.25,25.0,32
GX030808.MP4,358.358,36.84210526315789,57.89473684210527,5.263157894736842,19
GX030808.MP4,358.7584,23.52941176470588,64.70588235294117,11.76470588235294,34
GX030808.MP4,359.1588,42.857142857142854,50.0,7.142857142857142,42
GX030808.MP4,359.55920000000003,36.84210526315789,50.0,13.157894736842104,38
GX030808.MP4,359.9596,50.0,20.0,30.0,20
GX030808.MP4,360.36,51.515151515151516,24.242424242424242,24.242424242424242,33
GX030808.MP4,360.7604,63.33333333333333,20.0,16.666666666666664,30
GX030808.MP4,361.1608,56.75675675675676,37.83783783783784,5.405405405405405,37
GX030808.MP4,361.5612,52.17391304347826,30.434782608695656,17.391304347826086,23
GX030808.MP4,361.96160000000003,14.285714285714285,85.71428571428571,0.0,21
GX030808.MP4,362.362,13.636363636363635,86.36363636363636,0.0,22
GX030808.MP4,362.7624,8.333333333333332,83.33333333333334,8.333333333333332,12
GX030808.MP4,363.1628,38.095238095238095,38.095238095238095,23.809523809523807,42
GX030808.MP4,363.5632,20.588235294117645,47.05882352941176,32.35294117647059,34
GX030808.MP4,363.9636,22.22222222222222,77.77777777777779,0.0,9
GX030808.MP4,364.36400000000003,24.242424242424242,51.515151515151516,24.242424242424242,33
GX030808.MP4,364.7644,18.91891891891892,70.27027027027027,10.81081081081081,37
GX030808.MP4,365.1648,28.57142857142857,51.42857142857142,20.0,35
GX030808.MP4,365.5652,12.5,58.333333333333336,29.166666666666668,24
GX030808.MP4,365.9656,12.5,50.0,37.5,16
GX030808.MP4,366.366,12.121212121212121,75.75757575757575,12.121212121212121,33
GX030808.MP4,366.76640000000003,14.285714285714285,68.57142857142857,17.142857142857142,35
GX030808.MP4,367.1668,39.473684210526315,47.368421052631575,13.157894736842104,38
GX030808.MP4,367.5672,26.666666666666668,56.666666666666664,16.666666666666664,30
GX030808.MP4,367.9676,46.15384615384615,53.84615384615385,0.0,13
GX030808.MP4,368.368,58.333333333333336,33.33333333333333,8.333333333333332,12
GX030808.MP4,368.7684,50.0,41.66666666666667,8.333333333333332,12
GX030808.MP4,369.16880000000003,20.0,70.0,10.0,10
GX030808.MP4,369.5692,21.428571428571427,64.28571428571429,14.285714285714285,14
GX030808.MP4,369.9696,36.36363636363637,36.36363636363637,27.27272727272727,11
GX030808.MP4,370.37,45.45454545454545,45.45454545454545,9.090909090909092,11
GX030808.MP4,370.7704,60.0,26.666666666666668,13.333333333333334,15
GX030808.MP4,371.1708,30.555555555555557,50.0,19.444444444444446,36
GX030808.MP4,371.57120000000003,34.375,50.0,15.625,32
GX030808.MP4,371.9716,23.809523809523807,76.19047619047619,0.0,21
GX030808.MP4,372.372,36.36363636363637,9.090909090909092,54.54545454545454,11
GX030808.MP4,372.7724,63.1578947368421,26.31578947368421,10.526315789473683,19
GX030808.MP4,373.1728,38.775510204081634,59.183673469387756,2.0408163265306123,49
GX030808.MP4,373.5732,49.01960784313725,47.05882352941176,3.9215686274509802,51
GX030808.MP4,373.97360000000003,7.4074074074074066,81.48148148148148,11.11111111111111,27
GX030808.MP4,374.374,9.523809523809524,85.71428571428571,4.761904761904762,21
GX030808.MP4,374.7744,28.57142857142857,57.14285714285714,14.285714285714285,35
GX030808.MP4,375.1748,31.25,59.375,9.375,32
GX030808.MP4,375.5752,29.78723404255319,61.702127659574465,8.51063829787234,47
GX030808.MP4,375.9756,26.31578947368421,63.1578947368421,10.526315789473683,38
GX030808.MP4,376.37600000000003,17.647058823529413,73.52941176470588,8.823529411764707,34
GX030808.MP4,376.7764,26.666666666666668,73.33333333333333,0.0,15
GX030808.MP4,377.1768,57.14285714285714,42.857142857142854,0.0,7
GX030808.MP4,377.5772,52.63157894736842,42.10526315789473,5.263157894736842,19
GX030808.MP4,377.9776,43.75,50.0,6.25,16
GX030808.MP4,378.378,0.0,100.0,0.0,3
GX030808.MP4,378.77840000000003,21.428571428571427,60.71428571428571,17.857142857142858,28
GX030808.MP4,379.1788,8.333333333333332,16.666666666666664,75.0,12
GX030808.MP4,379.5792,0.0,100.0,0.0,3
GX030808.MP4,379.9796,10.344827586206897,17.24137931034483,72.41379310344827,29
GX030808.MP4,380.38,21.951219512195124,39.02439024390244,39.02439024390244,41
GX030808.MP4,380.7804,17.073170731707318,58.536585365853654,24.390243902439025,41
GX030808.MP4,381.18080000000003,23.076923076923077,38.46153846153847,38.46153846153847,26
GX030808.MP4,381.5812,28.947368421052634,50.0,21.052631578947366,38
GX030808.MP4,381.9816,16.666666666666664,61.111111111111114,22.22222222222222,36
GX030808.MP4,382.382,15.0,45.0,40.0,20
GX030808.MP4,382.7824,29.411764705882355,52.94117647058824,17.647058823529413,34
GX030808.MP4,383.1828,29.72972972972973,48.64864864864865,21.62162162162162,37
GX030808.MP4,383.58320000000003,33.33333333333333,47.05882352941176,19.607843137254903,51
GX030808.MP4,383.9836,47.368421052631575,36.84210526315789,15.789473684210526,19
GX030808.MP4,384.384,9.523809523809524,80.95238095238095,9.523809523809524,21
GX030808.MP4,384.7844,25.0,62.5,12.5,8
GX030808.MP4,385.1848,30.0,70.0,0.0,10
GX030808.MP4,385.5852,25.53191489361702,48.93617021276596,25.53191489361702,47
GX030808.MP4,385.98560000000003,28.57142857142857,48.97959183673469,22.448979591836736,49
GX030808.MP4,386.386,17.073170731707318,56.09756097560976,26.82926829268293,41
GX030808.MP4,386.7864,31.57894736842105,36.84210526315789,31.57894736842105,38
MVI_7086.MP4,0.0,0.0,0.0,0.0,0
MVI_7086.MP4,0.48,0.0,0.0,0.0,0
MVI_7086.MP4,0.96,0.0,0.0,0.0,0
MVI_7086.MP4,1.44,0.0,0.0,0.0,0
MVI_7086.MP4,1.92,0.0,0.0,0.0,0
MVI_7086.MP4,2.4,0.0,0.0,0.0,0
MVI_7086.MP4,2.88,0.0,0.0,0.0,0
MVI_7086.MP4,3.36,0.0,0.0,0.0,0
MVI_7086.MP4,3.84,0.0,0.0,0.0,0
MVI_7086.MP4,4.32,0.0,0.0,0.0,0
